respondent_id,date,market,segment,brand,ad_recall,brand_link,distinctive_asset,trust,value_for_money,premium,fun,personal_relevance,consideration,competitor_salience
R00001,2024-01-01,ID,gen_z,brand_a,0,1,0,2,2,3,3,3,0,1
R00002,2024-01-01,ID,gen_z,brand_a,0,0,1,3,4,3,2,3,1,1
R00003,2024-01-01,ID,gen_z,brand_a,0,0,0,3,3,3,4,2,0,1
R00004,2024-01-01,ID,gen_z,brand_a,1,0,1,4,3,4,4,4,0,0
R00005,2024-01-01,ID,gen_z,brand_a,0,1,0,2,3,4,2,4,1,1
R00006,2024-01-01,ID,gen_z,brand_a,0,0,0,3,3,3,3,3,0,0
R00007,2024-01-01,ID,gen_z,brand_a,1,1,1,4,5,2,3,4,1,1
R00008,2024-01-01,ID,gen_z,brand_a,0,0,1,4,2,4,3,3,0,1
R00009,2024-01-01,ID,gen_z,brand_a,0,0,0,3,1,4,3,1,0,0
R00010,2024-01-01,ID,gen_z,brand_a,0,1,1,2,3,3,4,2,1,0
R00011,2024-01-01,ID,gen_z,brand_a,0,1,0,2,2,3,4,2,0,0
R00012,2024-01-01,ID,gen_z,brand_a,1,1,1,4,3,1,3,3,1,1
R00013,2024-01-01,ID,gen_z,brand_a,0,0,0,1,2,5,2,2,0,0
R00014,2024-01-01,ID,gen_z,brand_a,1,1,1,4,4,2,4,4,1,0
R00015,2024-01-01,ID,gen_z,brand_a,0,1,0,3,2,4,3,3,0,1
R00016,2024-01-01,ID,gen_z,brand_a,0,0,1,2,3,3,2,2,1,1
R00017,2024-01-01,ID,gen_z,brand_a,1,1,1,3,2,4,1,2,1,0
R00018,2024-01-01,ID,gen_z,brand_a,1,0,1,3,4,4,2,1,1,1
R00019,2024-01-01,ID,millennial,brand_a,0,0,1,3,2,3,2,3,0,0
R00020,2024-01-01,ID,millennial,brand_a,0,0,1,1,2,4,2,1,0,1
R00021,2024-01-01,ID,millennial,brand_a,1,0,1,3,4,4,3,4,0,1
R00022,2024-01-01,ID,millennial,brand_a,1,0,1,4,3,3,3,2,1,0
R00023,2024-01-01,ID,millennial,brand_a,0,1,0,2,2,3,4,3,0,1
R00024,2024-01-01,ID,millennial,brand_a,0,0,1,3,3,3,3,4,1,0
R00025,2024-01-01,ID,millennial,brand_a,0,0,1,3,3,4,4,3,1,0
R00026,2024-01-01,ID,millennial,brand_a,0,1,0,3,2,4,2,2,1,0
R00027,2024-01-01,ID,millennial,brand_a,0,1,0,1,2,4,4,1,1,0
R00028,2024-01-01,ID,millennial,brand_a,1,1,1,4,3,2,4,3,0,0
R00029,2024-01-01,ID,millennial,brand_a,1,0,0,2,3,3,2,2,0,1
R00030,2024-01-01,ID,millennial,brand_a,0,1,1,2,3,2,4,3,1,0
R00031,2024-01-01,ID,millennial,brand_a,1,0,0,2,3,3,1,3,0,1
R00032,2024-01-01,ID,millennial,brand_a,0,0,0,1,2,3,3,1,0,0
R00033,2024-01-01,ID,millennial,brand_a,1,1,1,2,4,3,3,4,1,1
R00034,2024-01-01,ID,millennial,brand_a,0,1,0,2,2,2,4,2,1,1
R00035,2024-01-01,ID,millennial,brand_a,0,1,1,3,3,4,1,2,0,1
R00036,2024-01-01,ID,millennial,brand_a,0,1,0,3,2,4,3,2,1,0
R00037,2024-01-01,ID,family,brand_a,0,0,0,4,4,2,2,4,0,0
R00038,2024-01-01,ID,family,brand_a,1,0,1,2,3,4,2,3,0,0
R00039,2024-01-01,ID,family,brand_a,0,0,0,2,1,4,4,1,1,1
R00040,2024-01-01,ID,family,brand_a,0,1,1,4,5,3,5,3,1,1
R00041,2024-01-01,ID,family,brand_a,0,0,0,3,3,3,4,3,0,0
R00042,2024-01-01,ID,family,brand_a,0,1,1,4,3,1,3,3,0,1
R00043,2024-01-01,ID,family,brand_a,0,1,0,3,2,2,3,3,0,0
R00044,2024-01-01,ID,family,brand_a,0,0,1,3,3,4,2,2,0,0
R00045,2024-01-01,ID,family,brand_a,0,1,1,2,5,4,4,3,1,0
R00046,2024-01-01,ID,family,brand_a,1,0,0,3,2,4,3,3,0,0
R00047,2024-01-01,ID,family,brand_a,1,1,1,4,2,2,2,4,0,1
R00048,2024-01-01,ID,family,brand_a,0,0,0,2,2,4,2,2,1,1
R00049,2024-01-01,ID,family,brand_a,1,0,1,3,4,3,4,4,0,1
R00050,2024-01-01,ID,family,brand_a,0,0,0,3,4,3,1,3,1,1
R00051,2024-01-01,ID,family,brand_a,1,1,0,3,3,2,2,3,1,1
R00052,2024-01-01,ID,family,brand_a,0,0,1,3,4,2,5,2,0,1
R00053,2024-01-01,ID,family,brand_a,1,1,0,3,3,4,4,4,0,0
R00054,2024-01-01,ID,family,brand_a,1,0,0,2,4,4,3,3,0,1
R00055,2024-01-01,ID,premium_seekers,brand_a,1,1,0,3,3,2,3,4,0,0
R00056,2024-01-01,ID,premium_seekers,brand_a,0,0,0,4,3,5,3,2,0,1
R00057,2024-01-01,ID,premium_seekers,brand_a,1,0,0,3,2,3,3,1,0,1
R00058,2024-01-01,ID,premium_seekers,brand_a,1,1,1,4,5,3,3,4,0,0
R00059,2024-01-01,ID,premium_seekers,brand_a,0,0,1,3,1,4,3,3,0,1
R00060,2024-01-01,ID,premium_seekers,brand_a,1,1,0,2,3,2,3,3,1,1
R00061,2024-01-01,ID,premium_seekers,brand_a,1,0,0,2,2,4,2,2,0,0
R00062,2024-01-01,ID,premium_seekers,brand_a,0,0,1,1,2,4,2,1,1,1
R00063,2024-01-01,ID,premium_seekers,brand_a,0,1,1,3,4,3,3,3,0,0
R00064,2024-01-01,ID,premium_seekers,brand_a,0,0,0,2,3,3,3,3,1,0
R00065,2024-01-01,ID,premium_seekers,brand_a,1,0,0,4,2,3,4,2,1,0
R00066,2024-01-01,ID,premium_seekers,brand_a,0,1,0,2,4,3,3,2,0,0
R00067,2024-01-01,ID,premium_seekers,brand_a,0,0,0,2,4,3,2,4,1,1
R00068,2024-01-01,ID,premium_seekers,brand_a,0,1,1,3,2,4,3,1,1,1
R00069,2024-01-01,ID,premium_seekers,brand_a,0,1,1,4,2,3,3,4,1,1
R00070,2024-01-01,ID,premium_seekers,brand_a,0,1,1,1,2,5,3,4,1,1
R00071,2024-01-01,ID,premium_seekers,brand_a,1,0,1,3,4,4,4,3,0,0
R00072,2024-01-01,ID,premium_seekers,brand_a,0,1,0,2,2,4,2,2,0,1
R00073,2024-01-08,ID,gen_z,brand_a,0,0,0,2,2,4,2,3,1,1
R00074,2024-01-08,ID,gen_z,brand_a,0,1,1,2,2,4,1,3,1,1
R00075,2024-01-08,ID,gen_z,brand_a,1,1,0,4,3,1,3,4,0,1
R00076,2024-01-08,ID,gen_z,brand_a,1,1,1,5,4,1,4,3,1,0
R00077,2024-01-08,ID,gen_z,brand_a,0,1,1,4,4,2,4,2,0,1
R00078,2024-01-08,ID,gen_z,brand_a,0,0,0,3,2,5,3,1,0,0
R00079,2024-01-08,ID,gen_z,brand_a,0,0,0,1,2,4,1,1,0,1
R00080,2024-01-08,ID,gen_z,brand_a,1,0,0,2,2,4,2,3,1,0
R00081,2024-01-08,ID,gen_z,brand_a,0,0,0,2,2,3,3,4,0,1
R00082,2024-01-08,ID,gen_z,brand_a,1,0,0,2,4,1,2,4,1,1
R00083,2024-01-08,ID,gen_z,brand_a,1,0,1,4,4,1,2,3,0,1
R00084,2024-01-08,ID,gen_z,brand_a,1,1,0,3,5,3,4,3,1,0
R00085,2024-01-08,ID,gen_z,brand_a,1,0,1,3,3,2,2,4,0,1
R00086,2024-01-08,ID,gen_z,brand_a,1,1,0,2,4,3,2,2,1,1
R00087,2024-01-08,ID,gen_z,brand_a,0,0,0,3,1,5,2,1,0,0
R00088,2024-01-08,ID,gen_z,brand_a,0,0,0,3,1,5,2,2,0,1
R00089,2024-01-08,ID,gen_z,brand_a,1,1,1,2,4,4,3,2,1,1
R00090,2024-01-08,ID,gen_z,brand_a,0,0,0,1,1,4,2,2,1,1
R00091,2024-01-08,ID,millennial,brand_a,1,1,1,4,3,3,2,3,1,0
R00092,2024-01-08,ID,millennial,brand_a,1,1,1,4,2,2,4,4,1,0
R00093,2024-01-08,ID,millennial,brand_a,0,0,0,4,4,3,2,3,1,1
R00094,2024-01-08,ID,millennial,brand_a,0,1,1,4,3,3,3,2,0,1
R00095,2024-01-08,ID,millennial,brand_a,0,0,1,4,2,3,4,3,0,0
R00096,2024-01-08,ID,millennial,brand_a,0,0,0,2,3,3,1,2,0,0
R00097,2024-01-08,ID,millennial,brand_a,1,0,1,2,2,4,3,3,0,0
R00098,2024-01-08,ID,millennial,brand_a,1,1,1,3,2,3,2,4,0,1
R00099,2024-01-08,ID,millennial,brand_a,1,1,1,5,4,3,5,3,1,0
R00100,2024-01-08,ID,millennial,brand_a,0,1,1,4,2,2,3,2,0,1
R00101,2024-01-08,ID,millennial,brand_a,1,0,0,3,3,4,3,2,0,0
R00102,2024-01-08,ID,millennial,brand_a,0,0,1,3,4,4,3,2,0,0
R00103,2024-01-08,ID,millennial,brand_a,1,0,0,2,3,4,4,2,0,1
R00104,2024-01-08,ID,millennial,brand_a,0,0,1,3,4,2,2,2,0,1
R00105,2024-01-08,ID,millennial,brand_a,1,0,1,2,4,2,3,3,0,1
R00106,2024-01-08,ID,millennial,brand_a,0,1,0,3,2,4,3,2,0,1
R00107,2024-01-08,ID,millennial,brand_a,1,1,1,3,4,2,4,3,0,0
R00108,2024-01-08,ID,millennial,brand_a,1,0,0,3,3,3,3,3,0,1
R00109,2024-01-08,ID,family,brand_a,1,0,0,3,4,3,3,3,1,0
R00110,2024-01-08,ID,family,brand_a,0,1,1,3,4,3,3,3,0,1
R00111,2024-01-08,ID,family,brand_a,0,1,1,3,2,3,3,4,0,0
R00112,2024-01-08,ID,family,brand_a,1,0,1,5,4,2,4,5,1,0
R00113,2024-01-08,ID,family,brand_a,1,1,1,3,2,3,3,4,1,1
R00114,2024-01-08,ID,family,brand_a,0,0,0,3,1,5,3,2,0,1
R00115,2024-01-08,ID,family,brand_a,0,0,1,1,1,4,2,2,0,1
R00116,2024-01-08,ID,family,brand_a,0,0,0,1,3,3,1,3,0,0
R00117,2024-01-08,ID,family,brand_a,1,0,1,3,2,4,3,1,0,0
R00118,2024-01-08,ID,family,brand_a,1,1,1,4,4,2,2,3,1,1
R00119,2024-01-08,ID,family,brand_a,0,0,0,3,2,5,2,2,1,1
R00120,2024-01-08,ID,family,brand_a,1,0,0,4,3,1,5,3,1,0
R00121,2024-01-08,ID,family,brand_a,0,0,0,2,2,4,2,1,1,1
R00122,2024-01-08,ID,family,brand_a,1,1,1,2,2,5,1,1,0,0
R00123,2024-01-08,ID,family,brand_a,1,1,1,2,2,3,2,3,0,1
R00124,2024-01-08,ID,family,brand_a,1,1,1,4,4,2,4,3,1,1
R00125,2024-01-08,ID,family,brand_a,1,0,1,2,2,4,3,3,0,0
R00126,2024-01-08,ID,family,brand_a,1,1,0,4,4,2,4,2,1,0
R00127,2024-01-08,ID,premium_seekers,brand_a,1,0,0,2,3,3,3,2,0,1
R00128,2024-01-08,ID,premium_seekers,brand_a,0,0,1,1,2,4,1,1,1,1
R00129,2024-01-08,ID,premium_seekers,brand_a,0,1,0,2,4,4,1,2,1,1
R00130,2024-01-08,ID,premium_seekers,brand_a,1,1,1,2,3,2,4,2,0,1
R00131,2024-01-08,ID,premium_seekers,brand_a,0,1,0,1,3,5,4,2,1,1
R00132,2024-01-08,ID,premium_seekers,brand_a,0,0,0,2,2,4,1,1,1,1
R00133,2024-01-08,ID,premium_seekers,brand_a,1,1,0,2,3,4,3,3,0,1
R00134,2024-01-08,ID,premium_seekers,brand_a,1,0,1,2,3,3,2,2,1,1
R00135,2024-01-08,ID,premium_seekers,brand_a,0,0,1,4,5,3,5,3,1,1
R00136,2024-01-08,ID,premium_seekers,brand_a,0,1,1,4,5,2,4,4,1,0
R00137,2024-01-08,ID,premium_seekers,brand_a,0,0,1,2,3,4,3,3,0,0
R00138,2024-01-08,ID,premium_seekers,brand_a,0,1,0,2,2,5,2,1,0,1
R00139,2024-01-08,ID,premium_seekers,brand_a,0,1,0,3,2,3,3,3,1,1
R00140,2024-01-08,ID,premium_seekers,brand_a,0,1,1,4,5,2,4,3,0,0
R00141,2024-01-08,ID,premium_seekers,brand_a,0,0,0,3,1,4,2,2,1,0
R00142,2024-01-08,ID,premium_seekers,brand_a,0,1,0,1,1,5,2,1,0,1
R00143,2024-01-08,ID,premium_seekers,brand_a,1,1,1,2,4,2,2,2,0,0
R00144,2024-01-08,ID,premium_seekers,brand_a,1,0,1,2,3,4,4,3,1,1
R00145,2024-01-15,ID,gen_z,brand_a,1,1,1,2,3,3,2,4,0,0
R00146,2024-01-15,ID,gen_z,brand_a,1,0,1,4,4,3,2,3,0,1
R00147,2024-01-15,ID,gen_z,brand_a,1,0,0,2,1,3,2,3,1,0
R00148,2024-01-15,ID,gen_z,brand_a,1,0,0,3,3,2,2,3,0,1
R00149,2024-01-15,ID,gen_z,brand_a,0,1,0,2,2,3,2,2,0,1
R00150,2024-01-15,ID,gen_z,brand_a,0,1,0,2,2,2,1,2,0,1
R00151,2024-01-15,ID,gen_z,brand_a,0,1,0,3,3,4,3,2,1,1
R00152,2024-01-15,ID,gen_z,brand_a,0,0,0,2,2,3,1,1,0,1
R00153,2024-01-15,ID,gen_z,brand_a,1,1,1,2,4,2,2,3,1,0
R00154,2024-01-15,ID,gen_z,brand_a,1,0,0,4,3,3,3,3,1,0
R00155,2024-01-15,ID,gen_z,brand_a,0,0,0,2,2,4,3,2,0,1
R00156,2024-01-15,ID,gen_z,brand_a,0,0,0,4,4,3,3,4,1,0
R00157,2024-01-15,ID,gen_z,brand_a,1,1,0,4,3,2,3,2,1,0
R00158,2024-01-15,ID,gen_z,brand_a,0,1,0,4,3,3,2,4,1,0
R00159,2024-01-15,ID,gen_z,brand_a,1,0,1,5,4,2,3,4,1,0
R00160,2024-01-15,ID,gen_z,brand_a,0,0,1,3,2,4,3,3,0,1
R00161,2024-01-15,ID,gen_z,brand_a,1,1,0,5,2,3,3,3,0,0
R00162,2024-01-15,ID,gen_z,brand_a,0,1,0,2,2,4,4,3,0,0
R00163,2024-01-15,ID,millennial,brand_a,0,1,0,2,2,5,1,2,1,1
R00164,2024-01-15,ID,millennial,brand_a,0,0,1,3,2,3,2,2,0,1
R00165,2024-01-15,ID,millennial,brand_a,0,0,1,2,1,3,1,2,1,1
R00166,2024-01-15,ID,millennial,brand_a,0,0,0,3,2,3,2,3,0,1
R00167,2024-01-15,ID,millennial,brand_a,0,1,0,3,3,3,3,1,0,1
R00168,2024-01-15,ID,millennial,brand_a,1,1,0,1,2,3,3,3,0,1
R00169,2024-01-15,ID,millennial,brand_a,1,0,1,3,3,2,4,4,1,1
R00170,2024-01-15,ID,millennial,brand_a,0,0,1,3,2,3,4,1,0,0
R00171,2024-01-15,ID,millennial,brand_a,0,0,1,3,1,4,2,2,1,1
R00172,2024-01-15,ID,millennial,brand_a,0,0,0,3,2,5,3,1,0,1
R00173,2024-01-15,ID,millennial,brand_a,0,0,0,2,2,5,1,2,0,0
R00174,2024-01-15,ID,millennial,brand_a,0,1,1,2,2,3,1,3,1,0
R00175,2024-01-15,ID,millennial,brand_a,0,1,1,3,3,3,2,4,1,1
R00176,2024-01-15,ID,millennial,brand_a,0,0,0,2,1,4,3,2,0,0
R00177,2024-01-15,ID,millennial,brand_a,0,0,0,4,4,2,3,2,0,1
R00178,2024-01-15,ID,millennial,brand_a,0,1,1,3,5,3,2,4,1,0
R00179,2024-01-15,ID,millennial,brand_a,1,0,0,3,2,2,4,4,1,0
R00180,2024-01-15,ID,millennial,brand_a,0,1,0,3,3,3,4,4,1,0
R00181,2024-01-15,ID,family,brand_a,1,0,1,4,3,3,1,3,0,0
R00182,2024-01-15,ID,family,brand_a,0,1,0,2,4,3,4,3,0,0
R00183,2024-01-15,ID,family,brand_a,0,1,1,2,3,3,2,2,0,1
R00184,2024-01-15,ID,family,brand_a,0,1,1,4,4,2,4,4,1,1
R00185,2024-01-15,ID,family,brand_a,0,1,0,1,3,4,2,2,0,1
R00186,2024-01-15,ID,family,brand_a,0,0,1,2,2,4,2,3,0,0
R00187,2024-01-15,ID,family,brand_a,0,0,1,3,2,2,1,3,1,1
R00188,2024-01-15,ID,family,brand_a,0,0,0,1,1,4,3,1,0,0
R00189,2024-01-15,ID,family,brand_a,1,0,0,3,1,4,2,2,1,0
R00190,2024-01-15,ID,family,brand_a,0,0,0,3,1,3,3,3,0,1
R00191,2024-01-15,ID,family,brand_a,0,0,0,3,3,3,4,4,1,0
R00192,2024-01-15,ID,family,brand_a,1,1,0,3,4,3,2,3,0,1
R00193,2024-01-15,ID,family,brand_a,1,0,0,1,3,3,3,2,1,1
R00194,2024-01-15,ID,family,brand_a,0,0,0,2,2,3,2,2,0,1
R00195,2024-01-15,ID,family,brand_a,1,1,0,3,4,1,4,2,0,0
R00196,2024-01-15,ID,family,brand_a,1,0,0,1,2,5,1,2,0,1
R00197,2024-01-15,ID,family,brand_a,0,0,0,3,4,2,4,4,1,0
R00198,2024-01-15,ID,family,brand_a,1,0,1,3,3,3,3,4,0,1
R00199,2024-01-15,ID,premium_seekers,brand_a,0,1,0,1,2,4,2,2,1,0
R00200,2024-01-15,ID,premium_seekers,brand_a,0,1,0,2,3,4,3,2,0,1
R00201,2024-01-15,ID,premium_seekers,brand_a,1,1,1,2,3,4,3,2,0,0
R00202,2024-01-15,ID,premium_seekers,brand_a,1,0,1,2,3,3,4,3,0,1
R00203,2024-01-15,ID,premium_seekers,brand_a,1,0,0,2,2,5,2,2,0,1
R00204,2024-01-15,ID,premium_seekers,brand_a,1,0,0,2,2,5,2,1,0,1
R00205,2024-01-15,ID,premium_seekers,brand_a,1,0,0,2,2,3,2,3,0,1
R00206,2024-01-15,ID,premium_seekers,brand_a,1,1,1,4,5,3,4,3,1,0
R00207,2024-01-15,ID,premium_seekers,brand_a,0,0,0,1,2,5,2,2,0,0
R00208,2024-01-15,ID,premium_seekers,brand_a,1,0,0,3,2,2,4,3,1,0
R00209,2024-01-15,ID,premium_seekers,brand_a,0,1,0,3,2,4,1,2,1,1
R00210,2024-01-15,ID,premium_seekers,brand_a,0,1,1,2,3,3,3,2,1,0
R00211,2024-01-15,ID,premium_seekers,brand_a,0,1,0,2,2,4,1,2,0,1
R00212,2024-01-15,ID,premium_seekers,brand_a,0,1,0,2,1,5,3,3,1,0
R00213,2024-01-15,ID,premium_seekers,brand_a,1,1,1,5,4,1,4,4,0,0
R00214,2024-01-15,ID,premium_seekers,brand_a,1,1,1,4,4,3,4,3,1,1
R00215,2024-01-15,ID,premium_seekers,brand_a,0,0,0,3,1,4,1,3,0,0
R00216,2024-01-15,ID,premium_seekers,brand_a,1,0,1,3,3,2,3,2,1,0
R00217,2024-01-22,ID,gen_z,brand_a,1,1,1,4,4,1,4,4,1,1
R00218,2024-01-22,ID,gen_z,brand_a,1,1,0,1,2,3,2,2,0,1
R00219,2024-01-22,ID,gen_z,brand_a,0,0,1,3,4,2,4,4,1,1
R00220,2024-01-22,ID,gen_z,brand_a,1,1,1,3,2,3,3,3,1,0
R00221,2024-01-22,ID,gen_z,brand_a,1,0,0,2,2,4,2,2,0,1
R00222,2024-01-22,ID,gen_z,brand_a,0,1,0,3,3,3,3,5,0,1
R00223,2024-01-22,ID,gen_z,brand_a,0,0,1,2,3,3,1,1,0,1
R00224,2024-01-22,ID,gen_z,brand_a,0,0,0,2,1,3,2,2,1,1
R00225,2024-01-22,ID,gen_z,brand_a,0,0,0,2,2,4,3,3,0,0
R00226,2024-01-22,ID,gen_z,brand_a,1,0,1,1,3,5,2,1,0,1
R00227,2024-01-22,ID,gen_z,brand_a,1,1,1,2,1,5,2,3,1,1
R00228,2024-01-22,ID,gen_z,brand_a,1,1,0,3,3,3,2,2,0,1
R00229,2024-01-22,ID,gen_z,brand_a,1,0,0,3,2,2,4,4,1,0
R00230,2024-01-22,ID,gen_z,brand_a,0,0,0,1,2,4,2,2,1,1
R00231,2024-01-22,ID,gen_z,brand_a,0,0,0,5,3,3,2,3,0,0
R00232,2024-01-22,ID,gen_z,brand_a,0,0,1,3,3,3,2,4,1,1
R00233,2024-01-22,ID,gen_z,brand_a,1,0,1,2,2,2,3,2,1,1
R00234,2024-01-22,ID,gen_z,brand_a,1,0,1,2,4,3,2,2,0,1
R00235,2024-01-22,ID,millennial,brand_a,0,1,0,4,3,3,3,2,1,1
R00236,2024-01-22,ID,millennial,brand_a,1,1,0,3,2,4,1,2,0,1
R00237,2024-01-22,ID,millennial,brand_a,0,1,1,4,4,1,5,4,1,0
R00238,2024-01-22,ID,millennial,brand_a,0,0,0,3,2,4,2,4,1,0
R00239,2024-01-22,ID,millennial,brand_a,1,1,1,4,5,2,3,2,1,0
R00240,2024-01-22,ID,millennial,brand_a,0,0,0,2,3,4,2,2,0,1
R00241,2024-01-22,ID,millennial,brand_a,0,0,0,1,2,4,2,3,0,1
R00242,2024-01-22,ID,millennial,brand_a,1,0,1,3,1,3,2,2,0,1
R00243,2024-01-22,ID,millennial,brand_a,1,1,1,4,4,1,3,2,1,0
R00244,2024-01-22,ID,millennial,brand_a,0,0,0,2,1,4,3,1,0,1
R00245,2024-01-22,ID,millennial,brand_a,0,0,0,3,2,4,2,2,0,1
R00246,2024-01-22,ID,millennial,brand_a,0,1,0,3,3,2,2,3,0,0
R00247,2024-01-22,ID,millennial,brand_a,0,0,1,4,3,2,2,4,0,1
R00248,2024-01-22,ID,millennial,brand_a,0,0,0,3,3,3,2,3,1,1
R00249,2024-01-22,ID,millennial,brand_a,0,1,0,3,3,4,4,4,1,0
R00250,2024-01-22,ID,millennial,brand_a,0,0,0,1,4,3,2,3,0,1
R00251,2024-01-22,ID,millennial,brand_a,1,1,1,4,3,4,3,3,1,0
R00252,2024-01-22,ID,millennial,brand_a,1,0,1,3,4,4,3,4,1,1
R00253,2024-01-22,ID,family,brand_a,0,0,0,3,2,3,3,2,0,1
R00254,2024-01-22,ID,family,brand_a,0,1,0,3,2,4,3,4,0,1
R00255,2024-01-22,ID,family,brand_a,0,0,0,1,1,5,1,2,0,1
R00256,2024-01-22,ID,family,brand_a,1,0,1,5,4,1,4,4,1,1
R00257,2024-01-22,ID,family,brand_a,0,0,0,2,2,3,2,2,0,1
R00258,2024-01-22,ID,family,brand_a,0,0,0,1,2,4,2,1,0,1
R00259,2024-01-22,ID,family,brand_a,1,0,0,4,4,3,3,4,0,1
R00260,2024-01-22,ID,family,brand_a,1,1,0,3,2,4,3,3,0,1
R00261,2024-01-22,ID,family,brand_a,1,0,1,3,1,3,2,2,1,1
R00262,2024-01-22,ID,family,brand_a,0,0,1,4,2,4,1,4,1,0
R00263,2024-01-22,ID,family,brand_a,0,0,1,2,3,3,2,2,0,1
R00264,2024-01-22,ID,family,brand_a,0,0,0,1,1,5,1,2,0,1
R00265,2024-01-22,ID,family,brand_a,1,1,1,4,5,1,4,3,1,1
R00266,2024-01-22,ID,family,brand_a,1,0,0,3,3,2,4,4,0,0
R00267,2024-01-22,ID,family,brand_a,1,0,1,3,4,3,4,4,1,0
R00268,2024-01-22,ID,family,brand_a,0,0,0,3,4,3,2,3,1,1
R00269,2024-01-22,ID,family,brand_a,1,0,0,3,3,3,4,4,1,0
R00270,2024-01-22,ID,family,brand_a,1,1,1,5,2,3,5,2,0,1
R00271,2024-01-22,ID,premium_seekers,brand_a,0,0,0,3,3,4,1,1,0,1
R00272,2024-01-22,ID,premium_seekers,brand_a,1,1,1,4,4,4,3,4,1,0
R00273,2024-01-22,ID,premium_seekers,brand_a,0,1,1,2,2,5,2,3,1,0
R00274,2024-01-22,ID,premium_seekers,brand_a,0,0,0,2,2,4,2,2,0,1
R00275,2024-01-22,ID,premium_seekers,brand_a,1,0,1,2,2,3,1,4,1,0
R00276,2024-01-22,ID,premium_seekers,brand_a,0,1,0,4,4,3,2,3,0,1
R00277,2024-01-22,ID,premium_seekers,brand_a,1,0,0,2,2,4,4,1,1,1
R00278,2024-01-22,ID,premium_seekers,brand_a,0,0,0,3,3,3,4,3,1,0
R00279,2024-01-22,ID,premium_seekers,brand_a,0,1,0,3,3,3,3,4,0,1
R00280,2024-01-22,ID,premium_seekers,brand_a,0,1,0,3,3,3,2,3,0,1
R00281,2024-01-22,ID,premium_seekers,brand_a,1,1,1,2,3,2,2,4,0,0
R00282,2024-01-22,ID,premium_seekers,brand_a,1,0,0,2,2,4,3,3,1,1
R00283,2024-01-22,ID,premium_seekers,brand_a,1,0,1,3,5,4,3,4,1,0
R00284,2024-01-22,ID,premium_seekers,brand_a,0,0,0,2,3,5,3,2,0,1
R00285,2024-01-22,ID,premium_seekers,brand_a,0,0,0,2,2,3,3,3,0,0
R00286,2024-01-22,ID,premium_seekers,brand_a,1,0,1,2,4,2,5,5,0,0
R00287,2024-01-22,ID,premium_seekers,brand_a,0,0,1,1,2,4,3,2,1,1
R00288,2024-01-22,ID,premium_seekers,brand_a,0,1,1,4,2,1,3,3,0,1
R00289,2024-01-29,ID,gen_z,brand_a,0,0,0,2,2,5,2,2,0,1
R00290,2024-01-29,ID,gen_z,brand_a,0,1,0,2,1,5,2,2,0,1
R00291,2024-01-29,ID,gen_z,brand_a,1,0,0,1,3,4,3,3,0,1
R00292,2024-01-29,ID,gen_z,brand_a,0,0,0,2,2,4,2,1,0,1
R00293,2024-01-29,ID,gen_z,brand_a,0,0,0,1,1,3,2,2,0,1
R00294,2024-01-29,ID,gen_z,brand_a,1,1,0,3,4,3,2,2,1,0
R00295,2024-01-29,ID,gen_z,brand_a,1,1,1,5,4,3,4,3,0,1
R00296,2024-01-29,ID,gen_z,brand_a,1,0,0,5,2,3,2,3,0,1
R00297,2024-01-29,ID,gen_z,brand_a,0,0,1,4,2,3,4,3,0,1
R00298,2024-01-29,ID,gen_z,brand_a,1,1,0,5,3,2,4,4,1,0
R00299,2024-01-29,ID,gen_z,brand_a,0,0,0,2,3,3,3,3,0,1
R00300,2024-01-29,ID,gen_z,brand_a,1,1,0,4,5,1,2,5,1,0
R00301,2024-01-29,ID,gen_z,brand_a,0,0,1,3,3,4,4,4,0,0
R00302,2024-01-29,ID,gen_z,brand_a,1,1,1,4,3,3,3,3,1,0
R00303,2024-01-29,ID,gen_z,brand_a,0,1,0,3,3,4,1,2,0,1
R00304,2024-01-29,ID,gen_z,brand_a,0,0,0,2,2,4,2,2,0,1
R00305,2024-01-29,ID,gen_z,brand_a,1,0,0,1,3,3,3,3,0,0
R00306,2024-01-29,ID,gen_z,brand_a,1,0,0,2,3,3,1,1,1,1
R00307,2024-01-29,ID,millennial,brand_a,1,0,0,2,2,3,3,3,1,0
R00308,2024-01-29,ID,millennial,brand_a,1,1,0,2,1,5,2,3,0,1
R00309,2024-01-29,ID,millennial,brand_a,0,0,0,2,2,5,2,2,0,1
R00310,2024-01-29,ID,millennial,brand_a,0,1,1,3,3,3,4,4,0,0
R00311,2024-01-29,ID,millennial,brand_a,0,0,0,2,2,4,2,2,0,1
R00312,2024-01-29,ID,millennial,brand_a,0,0,1,4,4,1,5,3,1,0
R00313,2024-01-29,ID,millennial,brand_a,0,0,1,2,3,4,2,4,0,0
R00314,2024-01-29,ID,millennial,brand_a,0,0,0,2,2,3,3,3,0,1
R00315,2024-01-29,ID,millennial,brand_a,1,1,1,3,3,2,4,4,1,1
R00316,2024-01-29,ID,millennial,brand_a,0,1,0,1,1,5,1,1,0,1
R00317,2024-01-29,ID,millennial,brand_a,0,1,0,1,3,3,4,1,1,0
R00318,2024-01-29,ID,millennial,brand_a,0,0,0,1,2,3,2,2,1,1
R00319,2024-01-29,ID,millennial,brand_a,0,0,0,3,3,2,3,2,1,0
R00320,2024-01-29,ID,millennial,brand_a,0,0,0,2,3,4,3,2,0,1
R00321,2024-01-29,ID,millennial,brand_a,1,0,1,5,4,2,4,3,1,0
R00322,2024-01-29,ID,millennial,brand_a,0,0,0,2,3,3,3,2,0,1
R00323,2024-01-29,ID,millennial,brand_a,0,0,1,2,2,3,3,2,1,1
R00324,2024-01-29,ID,millennial,brand_a,1,0,0,2,3,2,1,2,0,0
R00325,2024-01-29,ID,family,brand_a,0,1,0,2,2,4,1,2,0,0
R00326,2024-01-29,ID,family,brand_a,0,0,0,3,2,5,1,2,1,1
R00327,2024-01-29,ID,family,brand_a,1,0,1,2,3,3,2,3,0,0
R00328,2024-01-29,ID,family,brand_a,0,1,0,3,2,3,2,3,0,0
R00329,2024-01-29,ID,family,brand_a,1,0,1,4,3,3,3,2,0,0
R00330,2024-01-29,ID,family,brand_a,1,1,0,1,1,3,2,3,0,0
R00331,2024-01-29,ID,family,brand_a,1,0,0,2,3,4,2,2,1,1
R00332,2024-01-29,ID,family,brand_a,1,0,0,3,3,5,3,3,1,0
R00333,2024-01-29,ID,family,brand_a,0,0,1,2,1,4,3,3,0,0
R00334,2024-01-29,ID,family,brand_a,1,0,1,3,2,2,3,3,1,0
R00335,2024-01-29,ID,family,brand_a,0,0,0,1,3,3,2,3,0,1
R00336,2024-01-29,ID,family,brand_a,1,0,0,4,3,2,3,2,0,1
R00337,2024-01-29,ID,family,brand_a,1,0,1,3,3,2,3,2,1,1
R00338,2024-01-29,ID,family,brand_a,1,1,0,3,4,3,2,2,1,1
R00339,2024-01-29,ID,family,brand_a,0,0,0,1,2,3,2,3,0,0
R00340,2024-01-29,ID,family,brand_a,1,1,1,5,4,3,5,4,1,0
R00341,2024-01-29,ID,family,brand_a,0,0,0,2,2,3,2,3,0,1
R00342,2024-01-29,ID,family,brand_a,1,0,1,3,3,3,3,4,0,1
R00343,2024-01-29,ID,premium_seekers,brand_a,1,1,1,4,3,3,4,4,1,0
R00344,2024-01-29,ID,premium_seekers,brand_a,0,0,0,1,5,5,2,1,0,1
R00345,2024-01-29,ID,premium_seekers,brand_a,0,1,0,1,2,3,3,4,1,1
R00346,2024-01-29,ID,premium_seekers,brand_a,1,1,1,5,2,3,4,3,0,1
R00347,2024-01-29,ID,premium_seekers,brand_a,0,1,1,2,1,5,2,3,1,1
R00348,2024-01-29,ID,premium_seekers,brand_a,1,1,0,3,2,3,4,3,1,0
R00349,2024-01-29,ID,premium_seekers,brand_a,0,0,0,2,1,5,2,2,0,1
R00350,2024-01-29,ID,premium_seekers,brand_a,0,0,1,2,4,4,3,4,1,1
R00351,2024-01-29,ID,premium_seekers,brand_a,0,1,0,4,2,3,4,3,0,0
R00352,2024-01-29,ID,premium_seekers,brand_a,1,1,0,5,4,3,3,5,1,0
R00353,2024-01-29,ID,premium_seekers,brand_a,1,0,1,3,4,3,3,3,0,0
R00354,2024-01-29,ID,premium_seekers,brand_a,0,0,1,4,3,2,2,4,0,1
R00355,2024-01-29,ID,premium_seekers,brand_a,0,0,0,4,2,3,3,4,1,0
R00356,2024-01-29,ID,premium_seekers,brand_a,0,0,1,4,3,2,3,3,0,0
R00357,2024-01-29,ID,premium_seekers,brand_a,1,1,0,4,3,2,4,4,0,0
R00358,2024-01-29,ID,premium_seekers,brand_a,0,0,1,3,2,3,3,4,0,1
R00359,2024-01-29,ID,premium_seekers,brand_a,0,0,0,2,3,4,2,1,0,1
R00360,2024-01-29,ID,premium_seekers,brand_a,0,0,0,2,2,4,4,1,0,1
R00361,2024-02-05,ID,gen_z,brand_a,1,1,1,3,2,5,3,2,1,0
R00362,2024-02-05,ID,gen_z,brand_a,0,0,0,1,2,4,1,2,0,0
R00363,2024-02-05,ID,gen_z,brand_a,0,0,0,1,3,2,2,2,0,0
R00364,2024-02-05,ID,gen_z,brand_a,1,1,0,2,3,2,4,2,0,0
R00365,2024-02-05,ID,gen_z,brand_a,1,0,1,3,3,4,3,2,0,0
R00366,2024-02-05,ID,gen_z,brand_a,1,1,0,3,3,2,3,2,0,0
R00367,2024-02-05,ID,gen_z,brand_a,0,0,0,3,2,3,4,2,0,0
R00368,2024-02-05,ID,gen_z,brand_a,1,1,1,5,4,2,5,4,1,0
R00369,2024-02-05,ID,gen_z,brand_a,0,1,1,2,2,3,2,2,0,0
R00370,2024-02-05,ID,gen_z,brand_a,0,0,0,2,1,5,2,1,1,1
R00371,2024-02-05,ID,gen_z,brand_a,0,0,0,3,4,3,4,5,0,0
R00372,2024-02-05,ID,gen_z,brand_a,1,1,0,1,3,3,3,4,0,1
R00373,2024-02-05,ID,gen_z,brand_a,1,1,1,3,2,2,4,2,0,0
R00374,2024-02-05,ID,gen_z,brand_a,1,0,1,3,3,4,2,2,0,1
R00375,2024-02-05,ID,gen_z,brand_a,1,1,0,4,4,3,3,4,1,1
R00376,2024-02-05,ID,gen_z,brand_a,0,0,0,3,3,4,2,3,0,1
R00377,2024-02-05,ID,gen_z,brand_a,0,0,0,3,2,4,2,2,1,0
R00378,2024-02-05,ID,gen_z,brand_a,1,0,1,3,2,4,2,2,1,1
R00379,2024-02-05,ID,millennial,brand_a,0,1,1,3,2,2,3,4,0,1
R00380,2024-02-05,ID,millennial,brand_a,0,0,0,3,2,5,3,2,1,1
R00381,2024-02-05,ID,millennial,brand_a,0,0,0,4,3,2,5,4,1,1
R00382,2024-02-05,ID,millennial,brand_a,0,0,0,2,3,4,3,4,1,1
R00383,2024-02-05,ID,millennial,brand_a,1,1,0,3,3,3,4,2,0,0
R00384,2024-02-05,ID,millennial,brand_a,1,0,0,3,3,5,2,2,1,1
R00385,2024-02-05,ID,millennial,brand_a,0,1,1,3,3,3,2,4,0,1
R00386,2024-02-05,ID,millennial,brand_a,0,0,1,2,2,4,2,2,0,1
R00387,2024-02-05,ID,millennial,brand_a,1,0,1,1,2,3,2,2,0,0
R00388,2024-02-05,ID,millennial,brand_a,1,1,1,3,2,4,3,2,0,1
R00389,2024-02-05,ID,millennial,brand_a,0,0,0,5,2,3,3,3,0,0
R00390,2024-02-05,ID,millennial,brand_a,0,0,1,2,3,3,2,3,0,1
R00391,2024-02-05,ID,millennial,brand_a,1,0,1,4,4,3,4,4,1,0
R00392,2024-02-05,ID,millennial,brand_a,0,1,1,2,3,4,4,2,0,1
R00393,2024-02-05,ID,millennial,brand_a,1,0,0,1,1,3,2,3,0,1
R00394,2024-02-05,ID,millennial,brand_a,1,1,0,3,3,4,2,3,0,1
R00395,2024-02-05,ID,millennial,brand_a,0,0,1,4,1,3,3,2,0,1
R00396,2024-02-05,ID,millennial,brand_a,1,0,0,4,4,2,4,4,1,0
R00397,2024-02-05,ID,family,brand_a,1,1,0,3,2,4,1,1,0,1
R00398,2024-02-05,ID,family,brand_a,0,0,1,2,3,4,4,3,0,0
R00399,2024-02-05,ID,family,brand_a,1,0,1,4,3,3,3,3,0,0
R00400,2024-02-05,ID,family,brand_a,1,0,0,2,3,2,2,3,0,1
R00401,2024-02-05,ID,family,brand_a,0,0,0,2,2,5,2,2,0,1
R00402,2024-02-05,ID,family,brand_a,0,1,0,3,1,3,2,3,1,1
R00403,2024-02-05,ID,family,brand_a,0,0,0,2,1,4,3,3,0,1
R00404,2024-02-05,ID,family,brand_a,1,1,1,4,3,2,3,3,1,1
R00405,2024-02-05,ID,family,brand_a,1,1,0,4,4,2,4,4,1,0
R00406,2024-02-05,ID,family,brand_a,0,0,0,3,3,3,3,2,1,1
R00407,2024-02-05,ID,family,brand_a,1,0,1,4,4,4,2,3,0,1
R00408,2024-02-05,ID,family,brand_a,0,0,1,3,3,3,2,4,0,0
R00409,2024-02-05,ID,family,brand_a,0,1,1,1,2,4,1,2,0,1
R00410,2024-02-05,ID,family,brand_a,0,0,1,3,3,4,2,2,1,0
R00411,2024-02-05,ID,family,brand_a,0,1,0,2,3,4,2,3,0,0
R00412,2024-02-05,ID,family,brand_a,1,1,1,3,4,3,1,2,0,0
R00413,2024-02-05,ID,family,brand_a,1,1,1,3,3,2,3,4,0,1
R00414,2024-02-05,ID,family,brand_a,1,1,1,3,3,2,4,4,0,1
R00415,2024-02-05,ID,premium_seekers,brand_a,0,0,0,1,1,5,2,2,0,1
R00416,2024-02-05,ID,premium_seekers,brand_a,0,1,1,3,4,1,4,4,1,0
R00417,2024-02-05,ID,premium_seekers,brand_a,1,0,0,2,2,3,2,3,1,1
R00418,2024-02-05,ID,premium_seekers,brand_a,1,0,1,4,4,2,4,5,1,0
R00419,2024-02-05,ID,premium_seekers,brand_a,0,0,0,5,2,2,4,4,0,1
R00420,2024-02-05,ID,premium_seekers,brand_a,0,0,1,2,2,1,3,2,1,1
R00421,2024-02-05,ID,premium_seekers,brand_a,0,1,0,1,2,3,3,1,1,0
R00422,2024-02-05,ID,premium_seekers,brand_a,0,1,0,3,2,3,3,3,0,1
R00423,2024-02-05,ID,premium_seekers,brand_a,0,0,0,2,3,3,2,2,0,0
R00424,2024-02-05,ID,premium_seekers,brand_a,0,1,1,2,3,4,1,2,0,1
R00425,2024-02-05,ID,premium_seekers,brand_a,1,0,0,3,4,3,3,4,0,1
R00426,2024-02-05,ID,premium_seekers,brand_a,1,1,0,3,3,3,4,3,1,0
R00427,2024-02-05,ID,premium_seekers,brand_a,0,0,1,4,3,2,2,4,1,1
R00428,2024-02-05,ID,premium_seekers,brand_a,0,0,0,3,2,4,1,2,0,1
R00429,2024-02-05,ID,premium_seekers,brand_a,0,0,0,2,2,2,1,2,0,1
R00430,2024-02-05,ID,premium_seekers,brand_a,0,1,0,2,3,4,3,4,0,1
R00431,2024-02-05,ID,premium_seekers,brand_a,1,0,1,1,3,1,3,1,0,0
R00432,2024-02-05,ID,premium_seekers,brand_a,0,0,0,2,3,5,2,2,0,1
R00433,2024-02-12,ID,gen_z,brand_a,0,0,0,3,2,4,2,2,0,1
R00434,2024-02-12,ID,gen_z,brand_a,1,1,1,3,3,2,3,4,1,0
R00435,2024-02-12,ID,gen_z,brand_a,0,1,1,3,3,1,4,4,0,1
R00436,2024-02-12,ID,gen_z,brand_a,1,0,0,2,2,3,4,3,1,0
R00437,2024-02-12,ID,gen_z,brand_a,1,1,0,4,3,3,2,3,1,0
R00438,2024-02-12,ID,gen_z,brand_a,1,1,1,2,4,3,2,3,0,1
R00439,2024-02-12,ID,gen_z,brand_a,1,1,0,3,4,4,5,4,1,0
R00440,2024-02-12,ID,gen_z,brand_a,0,1,1,4,4,4,2,3,1,0
R00441,2024-02-12,ID,gen_z,brand_a,0,0,0,4,3,2,2,3,0,1
R00442,2024-02-12,ID,gen_z,brand_a,1,0,0,2,2,3,4,3,1,1
R00443,2024-02-12,ID,gen_z,brand_a,0,0,0,1,2,4,1,2,0,1
R00444,2024-02-12,ID,gen_z,brand_a,0,0,1,2,2,4,4,3,0,1
R00445,2024-02-12,ID,gen_z,brand_a,1,1,0,4,4,5,2,3,1,1
R00446,2024-02-12,ID,gen_z,brand_a,1,0,0,2,2,2,5,3,1,0
R00447,2024-02-12,ID,gen_z,brand_a,0,0,1,4,3,4,3,2,1,1
R00448,2024-02-12,ID,gen_z,brand_a,0,1,0,2,3,4,4,2,0,1
R00449,2024-02-12,ID,gen_z,brand_a,0,0,0,4,1,3,2,4,1,1
R00450,2024-02-12,ID,gen_z,brand_a,0,0,0,3,3,2,1,3,0,1
R00451,2024-02-12,ID,millennial,brand_a,0,0,0,2,2,2,4,3,0,1
R00452,2024-02-12,ID,millennial,brand_a,0,0,0,1,2,3,1,2,0,0
R00453,2024-02-12,ID,millennial,brand_a,1,0,1,2,3,3,4,4,1,1
R00454,2024-02-12,ID,millennial,brand_a,1,0,0,3,5,3,1,4,0,1
R00455,2024-02-12,ID,millennial,brand_a,0,0,0,2,1,5,1,2,0,1
R00456,2024-02-12,ID,millennial,brand_a,0,0,0,2,4,4,1,1,0,0
R00457,2024-02-12,ID,millennial,brand_a,1,0,1,2,3,4,2,3,0,1
R00458,2024-02-12,ID,millennial,brand_a,0,0,0,1,3,3,3,1,0,1
R00459,2024-02-12,ID,millennial,brand_a,1,1,1,2,2,3,2,2,1,0
R00460,2024-02-12,ID,millennial,brand_a,0,0,1,2,2,3,2,1,0,0
R00461,2024-02-12,ID,millennial,brand_a,0,0,0,5,4,5,1,2,0,0
R00462,2024-02-12,ID,millennial,brand_a,1,1,0,4,4,2,4,4,1,0
R00463,2024-02-12,ID,millennial,brand_a,0,0,0,3,2,3,2,1,1,1
R00464,2024-02-12,ID,millennial,brand_a,0,0,1,2,1,4,3,1,0,0
R00465,2024-02-12,ID,millennial,brand_a,0,1,0,4,3,3,1,2,0,1
R00466,2024-02-12,ID,millennial,brand_a,0,1,1,4,4,1,3,4,1,0
R00467,2024-02-12,ID,millennial,brand_a,1,0,1,3,3,3,3,2,0,1
R00468,2024-02-12,ID,millennial,brand_a,1,1,0,3,2,3,3,4,1,0
R00469,2024-02-12,ID,family,brand_a,0,0,0,1,2,5,2,3,0,1
R00470,2024-02-12,ID,family,brand_a,0,1,0,3,3,2,3,4,1,0
R00471,2024-02-12,ID,family,brand_a,1,1,0,2,2,3,2,4,1,1
R00472,2024-02-12,ID,family,brand_a,0,0,0,2,3,4,2,2,0,1
R00473,2024-02-12,ID,family,brand_a,0,1,1,3,1,3,2,1,0,1
R00474,2024-02-12,ID,family,brand_a,0,0,1,3,3,4,2,3,1,0
R00475,2024-02-12,ID,family,brand_a,0,1,0,2,2,3,2,2,1,0
R00476,2024-02-12,ID,family,brand_a,0,0,1,3,2,4,1,2,1,1
R00477,2024-02-12,ID,family,brand_a,0,0,0,3,3,5,2,1,0,1
R00478,2024-02-12,ID,family,brand_a,0,0,1,2,3,3,3,3,1,0
R00479,2024-02-12,ID,family,brand_a,0,1,1,3,5,2,3,2,1,1
R00480,2024-02-12,ID,family,brand_a,1,1,0,2,3,4,1,1,0,1
R00481,2024-02-12,ID,family,brand_a,0,1,0,1,2,4,1,2,1,1
R00482,2024-02-12,ID,family,brand_a,1,1,0,3,3,3,2,3,0,1
R00483,2024-02-12,ID,family,brand_a,1,0,1,3,3,4,3,3,0,1
R00484,2024-02-12,ID,family,brand_a,0,0,0,1,1,5,2,2,0,0
R00485,2024-02-12,ID,family,brand_a,0,0,0,3,2,4,1,1,0,1
R00486,2024-02-12,ID,family,brand_a,0,1,0,2,2,3,4,4,1,1
R00487,2024-02-12,ID,premium_seekers,brand_a,0,1,0,1,4,4,3,2,1,1
R00488,2024-02-12,ID,premium_seekers,brand_a,0,0,0,2,2,5,2,1,1,1
R00489,2024-02-12,ID,premium_seekers,brand_a,0,0,1,3,2,4,2,2,0,1
R00490,2024-02-12,ID,premium_seekers,brand_a,1,1,0,5,5,2,4,5,1,1
R00491,2024-02-12,ID,premium_seekers,brand_a,0,0,0,3,1,4,2,2,0,1
R00492,2024-02-12,ID,premium_seekers,brand_a,0,1,1,3,3,2,2,2,1,0
R00493,2024-02-12,ID,premium_seekers,brand_a,1,1,1,4,4,3,3,5,0,1
R00494,2024-02-12,ID,premium_seekers,brand_a,1,1,1,1,2,4,3,2,0,1
R00495,2024-02-12,ID,premium_seekers,brand_a,1,0,1,1,3,3,3,2,1,0
R00496,2024-02-12,ID,premium_seekers,brand_a,0,1,1,4,4,2,4,4,1,1
R00497,2024-02-12,ID,premium_seekers,brand_a,1,0,1,3,3,2,1,2,1,0
R00498,2024-02-12,ID,premium_seekers,brand_a,1,1,0,2,3,4,3,3,0,1
R00499,2024-02-12,ID,premium_seekers,brand_a,0,1,0,3,3,4,2,2,0,1
R00500,2024-02-12,ID,premium_seekers,brand_a,0,0,0,3,3,3,4,3,1,1
R00501,2024-02-12,ID,premium_seekers,brand_a,0,0,0,3,2,3,3,2,0,0
R00502,2024-02-12,ID,premium_seekers,brand_a,1,0,0,3,2,3,3,1,0,1
R00503,2024-02-12,ID,premium_seekers,brand_a,0,0,1,3,4,3,3,3,1,0
R00504,2024-02-12,ID,premium_seekers,brand_a,1,1,0,3,5,4,2,2,0,1
R00505,2024-02-19,ID,gen_z,brand_a,1,0,0,2,2,2,4,2,0,1
R00506,2024-02-19,ID,gen_z,brand_a,0,1,0,2,2,5,2,1,0,1
R00507,2024-02-19,ID,gen_z,brand_a,1,0,1,3,2,3,4,3,0,1
R00508,2024-02-19,ID,gen_z,brand_a,1,0,0,2,2,4,2,2,0,1
R00509,2024-02-19,ID,gen_z,brand_a,0,0,1,1,4,4,2,3,0,0
R00510,2024-02-19,ID,gen_z,brand_a,0,1,0,2,4,3,3,2,0,0
R00511,2024-02-19,ID,gen_z,brand_a,1,0,0,2,1,4,2,2,0,1
R00512,2024-02-19,ID,gen_z,brand_a,1,0,1,3,2,3,3,4,0,0
R00513,2024-02-19,ID,gen_z,brand_a,0,1,0,3,2,4,4,4,1,1
R00514,2024-02-19,ID,gen_z,brand_a,1,0,0,3,4,4,2,3,1,1
R00515,2024-02-19,ID,gen_z,brand_a,0,0,0,3,2,2,3,3,0,1
R00516,2024-02-19,ID,gen_z,brand_a,0,0,0,3,2,5,2,2,0,1
R00517,2024-02-19,ID,gen_z,brand_a,1,0,1,2,3,1,3,3,1,0
R00518,2024-02-19,ID,gen_z,brand_a,1,1,0,3,4,4,2,1,0,1
R00519,2024-02-19,ID,gen_z,brand_a,1,0,1,2,2,4,4,4,1,0
R00520,2024-02-19,ID,gen_z,brand_a,0,1,0,3,3,4,2,2,0,1
R00521,2024-02-19,ID,gen_z,brand_a,1,1,1,4,4,3,3,4,1,1
R00522,2024-02-19,ID,gen_z,brand_a,0,1,0,2,3,3,3,3,1,1
R00523,2024-02-19,ID,millennial,brand_a,0,0,0,2,4,2,1,3,1,0
R00524,2024-02-19,ID,millennial,brand_a,1,0,1,1,3,3,3,3,1,1
R00525,2024-02-19,ID,millennial,brand_a,1,1,1,2,3,3,3,2,1,0
R00526,2024-02-19,ID,millennial,brand_a,1,1,0,4,3,1,4,2,0,0
R00527,2024-02-19,ID,millennial,brand_a,0,0,0,1,3,5,2,2,1,1
R00528,2024-02-19,ID,millennial,brand_a,0,0,1,1,2,4,2,2,0,1
R00529,2024-02-19,ID,millennial,brand_a,0,1,0,1,3,4,3,3,1,1
R00530,2024-02-19,ID,millennial,brand_a,0,0,1,4,3,3,3,5,0,0
R00531,2024-02-19,ID,millennial,brand_a,1,1,0,4,4,2,4,3,0,0
R00532,2024-02-19,ID,millennial,brand_a,1,1,1,3,3,4,2,2,0,1
R00533,2024-02-19,ID,millennial,brand_a,1,0,0,2,4,3,5,4,1,0
R00534,2024-02-19,ID,millennial,brand_a,0,0,0,1,2,5,2,2,0,1
R00535,2024-02-19,ID,millennial,brand_a,0,0,0,2,1,3,2,3,0,1
R00536,2024-02-19,ID,millennial,brand_a,0,0,1,4,4,2,4,5,1,0
R00537,2024-02-19,ID,millennial,brand_a,0,0,0,3,2,4,3,1,0,1
R00538,2024-02-19,ID,millennial,brand_a,1,0,1,2,3,4,4,2,0,0
R00539,2024-02-19,ID,millennial,brand_a,0,0,1,3,3,4,4,3,1,0
R00540,2024-02-19,ID,millennial,brand_a,1,0,1,3,4,3,4,3,1,0
R00541,2024-02-19,ID,family,brand_a,0,1,1,3,3,3,3,4,1,0
R00542,2024-02-19,ID,family,brand_a,1,0,1,3,3,3,3,4,0,1
R00543,2024-02-19,ID,family,brand_a,1,1,0,3,2,3,3,2,1,0
R00544,2024-02-19,ID,family,brand_a,1,1,0,3,2,4,3,3,0,1
R00545,2024-02-19,ID,family,brand_a,0,0,1,4,4,2,3,4,1,0
R00546,2024-02-19,ID,family,brand_a,0,0,0,2,1,3,2,2,0,1
R00547,2024-02-19,ID,family,brand_a,1,1,0,4,3,3,3,3,1,0
R00548,2024-02-19,ID,family,brand_a,0,0,1,2,1,4,3,3,0,1
R00549,2024-02-19,ID,family,brand_a,0,1,1,2,3,3,1,2,0,1
R00550,2024-02-19,ID,family,brand_a,0,0,1,2,3,4,1,2,1,0
R00551,2024-02-19,ID,family,brand_a,1,0,0,1,3,3,5,2,0,1
R00552,2024-02-19,ID,family,brand_a,1,0,1,3,3,3,3,3,0,0
R00553,2024-02-19,ID,family,brand_a,1,1,0,3,3,2,3,5,1,1
R00554,2024-02-19,ID,family,brand_a,0,1,1,4,4,2,2,4,1,0
R00555,2024-02-19,ID,family,brand_a,0,1,1,3,3,4,3,2,1,0
R00556,2024-02-19,ID,family,brand_a,0,0,0,1,2,4,1,1,0,1
R00557,2024-02-19,ID,family,brand_a,0,0,0,2,1,4,1,1,0,0
R00558,2024-02-19,ID,family,brand_a,1,1,0,1,2,3,3,2,1,1
R00559,2024-02-19,ID,premium_seekers,brand_a,0,1,1,3,3,3,1,3,0,0
R00560,2024-02-19,ID,premium_seekers,brand_a,1,0,1,4,3,2,3,3,1,0
R00561,2024-02-19,ID,premium_seekers,brand_a,0,0,1,3,2,3,4,2,0,0
R00562,2024-02-19,ID,premium_seekers,brand_a,1,0,0,4,3,3,4,3,0,1
R00563,2024-02-19,ID,premium_seekers,brand_a,0,1,1,4,4,2,3,4,1,0
R00564,2024-02-19,ID,premium_seekers,brand_a,1,0,0,3,4,4,4,3,1,0
R00565,2024-02-19,ID,premium_seekers,brand_a,1,1,1,3,2,4,5,4,0,0
R00566,2024-02-19,ID,premium_seekers,brand_a,1,0,0,2,2,3,2,3,1,0
R00567,2024-02-19,ID,premium_seekers,brand_a,1,1,1,3,4,2,2,3,0,0
R00568,2024-02-19,ID,premium_seekers,brand_a,0,1,1,2,2,4,1,3,1,0
R00569,2024-02-19,ID,premium_seekers,brand_a,0,0,1,3,2,3,2,4,0,1
R00570,2024-02-19,ID,premium_seekers,brand_a,1,0,1,2,3,2,3,4,0,1
R00571,2024-02-19,ID,premium_seekers,brand_a,1,1,0,3,2,2,4,3,0,0
R00572,2024-02-19,ID,premium_seekers,brand_a,0,0,1,2,1,3,2,4,0,1
R00573,2024-02-19,ID,premium_seekers,brand_a,0,0,0,2,3,3,3,2,0,1
R00574,2024-02-19,ID,premium_seekers,brand_a,1,1,1,4,3,3,3,3,1,1
R00575,2024-02-19,ID,premium_seekers,brand_a,1,1,1,3,3,3,3,5,1,1
R00576,2024-02-19,ID,premium_seekers,brand_a,1,1,1,3,4,3,4,3,1,0
R00577,2024-02-26,ID,gen_z,brand_a,0,1,0,2,2,2,2,4,1,0
R00578,2024-02-26,ID,gen_z,brand_a,0,1,0,3,1,4,3,1,0,1
R00579,2024-02-26,ID,gen_z,brand_a,0,1,0,4,2,3,4,3,1,1
R00580,2024-02-26,ID,gen_z,brand_a,0,1,1,4,4,3,3,4,1,0
R00581,2024-02-26,ID,gen_z,brand_a,1,0,1,2,4,2,4,4,1,1
R00582,2024-02-26,ID,gen_z,brand_a,0,0,0,3,2,3,3,5,0,1
R00583,2024-02-26,ID,gen_z,brand_a,1,0,1,4,2,3,1,2,0,0
R00584,2024-02-26,ID,gen_z,brand_a,0,1,0,2,2,2,2,2,1,0
R00585,2024-02-26,ID,gen_z,brand_a,0,0,0,1,1,3,3,1,0,1
R00586,2024-02-26,ID,gen_z,brand_a,0,0,0,2,2,3,2,3,1,0
R00587,2024-02-26,ID,gen_z,brand_a,0,0,1,2,2,3,1,3,0,0
R00588,2024-02-26,ID,gen_z,brand_a,0,1,1,3,3,3,1,2,1,1
R00589,2024-02-26,ID,gen_z,brand_a,1,1,0,3,2,2,3,3,0,1
R00590,2024-02-26,ID,gen_z,brand_a,0,1,0,4,5,1,4,5,0,0
R00591,2024-02-26,ID,gen_z,brand_a,0,0,1,1,3,3,3,3,1,1
R00592,2024-02-26,ID,gen_z,brand_a,1,0,0,3,4,3,2,2,0,1
R00593,2024-02-26,ID,gen_z,brand_a,0,1,1,2,3,3,3,2,0,0
R00594,2024-02-26,ID,gen_z,brand_a,1,0,1,3,3,4,2,2,1,0
R00595,2024-02-26,ID,millennial,brand_a,1,0,1,2,2,2,2,3,1,1
R00596,2024-02-26,ID,millennial,brand_a,1,1,1,4,4,2,5,4,0,1
R00597,2024-02-26,ID,millennial,brand_a,0,0,1,1,3,4,3,1,0,1
R00598,2024-02-26,ID,millennial,brand_a,1,1,1,5,4,1,4,5,0,0
R00599,2024-02-26,ID,millennial,brand_a,0,0,1,3,4,5,4,2,0,1
R00600,2024-02-26,ID,millennial,brand_a,0,0,1,3,5,2,3,3,0,1
R00601,2024-02-26,ID,millennial,brand_a,0,0,1,3,2,3,3,3,1,1
R00602,2024-02-26,ID,millennial,brand_a,1,0,1,2,2,4,2,1,0,1
R00603,2024-02-26,ID,millennial,brand_a,0,1,0,3,4,3,3,3,1,0
R00604,2024-02-26,ID,millennial,brand_a,0,0,0,3,2,3,2,2,0,0
R00605,2024-02-26,ID,millennial,brand_a,1,1,1,4,4,2,4,3,1,0
R00606,2024-02-26,ID,millennial,brand_a,0,0,0,1,4,3,2,3,1,0
R00607,2024-02-26,ID,millennial,brand_a,1,1,1,4,3,1,2,3,1,1
R00608,2024-02-26,ID,millennial,brand_a,0,0,0,1,2,5,2,1,0,1
R00609,2024-02-26,ID,millennial,brand_a,1,1,1,3,2,4,4,4,1,1
R00610,2024-02-26,ID,millennial,brand_a,1,0,0,2,1,4,1,1,0,1
R00611,2024-02-26,ID,millennial,brand_a,0,1,0,3,3,4,1,2,0,0
R00612,2024-02-26,ID,millennial,brand_a,0,0,0,2,2,2,2,2,1,1
R00613,2024-02-26,ID,family,brand_a,0,0,0,3,2,3,3,3,1,1
R00614,2024-02-26,ID,family,brand_a,0,0,0,1,2,5,2,2,0,0
R00615,2024-02-26,ID,family,brand_a,1,1,0,3,4,3,4,4,1,0
R00616,2024-02-26,ID,family,brand_a,0,1,0,3,3,3,4,4,0,0
R00617,2024-02-26,ID,family,brand_a,0,1,1,3,2,4,3,4,0,1
R00618,2024-02-26,ID,family,brand_a,1,0,1,2,3,2,3,2,1,1
R00619,2024-02-26,ID,family,brand_a,1,0,0,2,3,3,4,3,0,0
R00620,2024-02-26,ID,family,brand_a,0,0,0,2,3,2,2,2,1,0
R00621,2024-02-26,ID,family,brand_a,0,0,0,2,1,4,2,2,0,1
R00622,2024-02-26,ID,family,brand_a,0,0,0,3,3,3,4,4,1,0
R00623,2024-02-26,ID,family,brand_a,0,0,0,2,3,3,3,2,0,1
R00624,2024-02-26,ID,family,brand_a,0,0,1,4,3,2,3,2,1,0
R00625,2024-02-26,ID,family,brand_a,0,0,0,1,2,4,2,1,0,1
R00626,2024-02-26,ID,family,brand_a,1,0,1,1,3,3,2,3,1,0
R00627,2024-02-26,ID,family,brand_a,0,1,1,4,2,2,3,3,1,0
R00628,2024-02-26,ID,family,brand_a,0,0,0,3,2,4,2,3,1,1
R00629,2024-02-26,ID,family,brand_a,0,0,1,1,2,4,2,2,0,1
R00630,2024-02-26,ID,family,brand_a,0,1,0,2,1,5,3,2,0,1
R00631,2024-02-26,ID,premium_seekers,brand_a,1,0,1,2,3,5,2,3,0,0
R00632,2024-02-26,ID,premium_seekers,brand_a,1,0,0,2,3,4,2,3,0,0
R00633,2024-02-26,ID,premium_seekers,brand_a,0,0,0,2,3,4,2,3,1,0
R00634,2024-02-26,ID,premium_seekers,brand_a,1,0,1,4,4,2,2,2,1,1
R00635,2024-02-26,ID,premium_seekers,brand_a,0,0,1,3,3,2,2,2,1,0
R00636,2024-02-26,ID,premium_seekers,brand_a,0,1,1,2,2,4,2,4,0,0
R00637,2024-02-26,ID,premium_seekers,brand_a,1,0,1,3,3,1,3,3,1,0
R00638,2024-02-26,ID,premium_seekers,brand_a,1,0,1,2,4,5,3,3,0,1
R00639,2024-02-26,ID,premium_seekers,brand_a,0,0,0,4,3,4,3,2,0,0
R00640,2024-02-26,ID,premium_seekers,brand_a,0,1,1,2,3,3,3,3,0,1
R00641,2024-02-26,ID,premium_seekers,brand_a,0,1,1,2,3,1,5,3,1,1
R00642,2024-02-26,ID,premium_seekers,brand_a,1,1,1,3,3,2,4,5,0,0
R00643,2024-02-26,ID,premium_seekers,brand_a,0,0,1,1,2,4,4,3,1,1
R00644,2024-02-26,ID,premium_seekers,brand_a,1,1,1,3,5,3,4,5,0,1
R00645,2024-02-26,ID,premium_seekers,brand_a,1,1,1,2,3,3,4,2,0,1
R00646,2024-02-26,ID,premium_seekers,brand_a,0,1,1,2,3,3,2,3,0,1
R00647,2024-02-26,ID,premium_seekers,brand_a,0,0,1,3,2,3,4,4,0,0
R00648,2024-02-26,ID,premium_seekers,brand_a,1,0,1,2,3,3,4,3,1,1
R00649,2024-03-04,ID,gen_z,brand_a,0,1,1,3,2,1,2,3,1,0
R00650,2024-03-04,ID,gen_z,brand_a,0,1,0,2,4,2,4,3,1,0
R00651,2024-03-04,ID,gen_z,brand_a,0,1,1,2,3,2,2,2,0,1
R00652,2024-03-04,ID,gen_z,brand_a,0,0,0,3,2,3,2,2,0,0
R00653,2024-03-04,ID,gen_z,brand_a,0,0,0,2,2,4,1,3,0,0
R00654,2024-03-04,ID,gen_z,brand_a,0,0,0,2,4,4,4,4,1,1
R00655,2024-03-04,ID,gen_z,brand_a,0,0,0,2,2,3,3,2,1,1
R00656,2024-03-04,ID,gen_z,brand_a,1,1,1,1,4,2,1,4,0,1
R00657,2024-03-04,ID,gen_z,brand_a,1,0,0,4,4,4,5,4,1,1
R00658,2024-03-04,ID,gen_z,brand_a,0,1,0,2,3,4,2,2,1,1
R00659,2024-03-04,ID,gen_z,brand_a,1,1,1,3,3,2,3,4,0,1
R00660,2024-03-04,ID,gen_z,brand_a,1,1,0,4,3,3,3,3,1,1
R00661,2024-03-04,ID,gen_z,brand_a,0,1,0,2,3,2,2,3,0,0
R00662,2024-03-04,ID,gen_z,brand_a,0,0,0,1,3,4,2,2,0,1
R00663,2024-03-04,ID,gen_z,brand_a,1,1,0,4,3,3,3,2,0,0
R00664,2024-03-04,ID,gen_z,brand_a,1,1,0,2,1,3,2,2,1,1
R00665,2024-03-04,ID,gen_z,brand_a,1,1,1,3,3,4,3,3,0,0
R00666,2024-03-04,ID,gen_z,brand_a,0,0,0,2,2,3,4,2,1,1
R00667,2024-03-04,ID,millennial,brand_a,0,0,1,5,3,4,3,2,1,0
R00668,2024-03-04,ID,millennial,brand_a,1,0,0,3,2,3,2,3,0,1
R00669,2024-03-04,ID,millennial,brand_a,1,1,0,3,3,1,3,4,1,0
R00670,2024-03-04,ID,millennial,brand_a,0,1,1,1,4,2,4,4,0,0
R00671,2024-03-04,ID,millennial,brand_a,0,1,1,3,2,4,4,3,0,1
R00672,2024-03-04,ID,millennial,brand_a,0,0,1,3,1,4,2,3,0,1
R00673,2024-03-04,ID,millennial,brand_a,0,0,1,4,3,2,4,3,1,1
R00674,2024-03-04,ID,millennial,brand_a,0,1,0,3,2,4,2,3,1,1
R00675,2024-03-04,ID,millennial,brand_a,0,1,0,3,4,4,3,4,1,1
R00676,2024-03-04,ID,millennial,brand_a,0,0,0,3,2,4,2,2,0,1
R00677,2024-03-04,ID,millennial,brand_a,0,0,1,2,2,4,3,3,0,0
R00678,2024-03-04,ID,millennial,brand_a,1,0,1,1,4,2,4,3,0,1
R00679,2024-03-04,ID,millennial,brand_a,0,1,0,2,3,3,3,2,0,1
R00680,2024-03-04,ID,millennial,brand_a,1,0,0,3,3,2,2,4,0,1
R00681,2024-03-04,ID,millennial,brand_a,0,0,0,3,2,3,2,3,0,1
R00682,2024-03-04,ID,millennial,brand_a,1,0,1,4,4,3,4,3,0,0
R00683,2024-03-04,ID,millennial,brand_a,0,1,0,2,2,3,2,1,0,1
R00684,2024-03-04,ID,millennial,brand_a,1,1,1,2,3,4,5,2,0,1
R00685,2024-03-04,ID,family,brand_a,0,0,0,2,2,3,3,2,0,1
R00686,2024-03-04,ID,family,brand_a,1,0,1,4,3,2,2,3,1,0
R00687,2024-03-04,ID,family,brand_a,1,1,0,3,2,5,2,4,0,1
R00688,2024-03-04,ID,family,brand_a,1,0,0,4,3,3,4,4,0,1
R00689,2024-03-04,ID,family,brand_a,1,0,1,2,4,3,3,2,1,0
R00690,2024-03-04,ID,family,brand_a,1,0,0,2,2,4,2,2,1,1
R00691,2024-03-04,ID,family,brand_a,0,1,1,3,4,1,5,4,1,0
R00692,2024-03-04,ID,family,brand_a,1,0,1,2,4,2,2,4,0,1
R00693,2024-03-04,ID,family,brand_a,0,1,0,3,3,4,4,3,0,0
R00694,2024-03-04,ID,family,brand_a,0,0,0,3,3,4,1,3,0,1
R00695,2024-03-04,ID,family,brand_a,1,1,0,3,4,3,4,2,0,1
R00696,2024-03-04,ID,family,brand_a,0,0,0,3,2,5,3,3,1,1
R00697,2024-03-04,ID,family,brand_a,1,0,1,4,4,3,5,4,1,0
R00698,2024-03-04,ID,family,brand_a,0,1,1,2,3,2,2,3,1,0
R00699,2024-03-04,ID,family,brand_a,1,1,1,4,5,2,4,4,1,0
R00700,2024-03-04,ID,family,brand_a,1,0,0,2,2,4,2,2,1,1
R00701,2024-03-04,ID,family,brand_a,1,1,0,2,2,3,3,4,0,0
R00702,2024-03-04,ID,family,brand_a,0,0,0,3,2,3,3,3,0,0
R00703,2024-03-04,ID,premium_seekers,brand_a,0,1,0,4,3,5,3,2,1,1
R00704,2024-03-04,ID,premium_seekers,brand_a,0,0,0,4,3,2,3,2,0,0
R00705,2024-03-04,ID,premium_seekers,brand_a,0,0,0,2,2,4,2,2,0,1
R00706,2024-03-04,ID,premium_seekers,brand_a,1,0,0,3,3,4,2,3,0,0
R00707,2024-03-04,ID,premium_seekers,brand_a,1,1,0,3,2,3,2,3,1,0
R00708,2024-03-04,ID,premium_seekers,brand_a,0,0,1,4,4,2,3,2,1,1
R00709,2024-03-04,ID,premium_seekers,brand_a,1,0,0,3,3,5,2,1,0,1
R00710,2024-03-04,ID,premium_seekers,brand_a,0,0,0,3,2,4,2,2,0,1
R00711,2024-03-04,ID,premium_seekers,brand_a,1,1,1,4,2,3,2,3,0,0
R00712,2024-03-04,ID,premium_seekers,brand_a,1,1,0,3,2,3,3,1,1,1
R00713,2024-03-04,ID,premium_seekers,brand_a,0,1,1,2,4,2,3,2,1,1
R00714,2024-03-04,ID,premium_seekers,brand_a,0,0,1,2,3,4,3,3,0,1
R00715,2024-03-04,ID,premium_seekers,brand_a,1,0,1,4,3,2,2,2,0,0
R00716,2024-03-04,ID,premium_seekers,brand_a,1,0,1,3,3,4,3,3,0,1
R00717,2024-03-04,ID,premium_seekers,brand_a,1,0,0,2,3,3,3,5,0,1
R00718,2024-03-04,ID,premium_seekers,brand_a,1,1,1,5,4,3,4,4,1,0
R00719,2024-03-04,ID,premium_seekers,brand_a,0,1,0,1,2,3,2,2,0,1
R00720,2024-03-04,ID,premium_seekers,brand_a,0,0,0,3,2,3,2,3,0,0
R00721,2024-03-11,ID,gen_z,brand_a,0,0,0,2,4,4,3,5,1,0
R00722,2024-03-11,ID,gen_z,brand_a,0,0,1,3,1,4,2,1,1,1
R00723,2024-03-11,ID,gen_z,brand_a,0,1,1,2,3,2,3,2,0,1
R00724,2024-03-11,ID,gen_z,brand_a,0,0,0,2,3,3,2,2,0,1
R00725,2024-03-11,ID,gen_z,brand_a,1,1,1,3,4,4,3,4,0,0
R00726,2024-03-11,ID,gen_z,brand_a,0,0,1,5,4,1,3,3,0,1
R00727,2024-03-11,ID,gen_z,brand_a,1,1,1,3,5,2,3,4,0,1
R00728,2024-03-11,ID,gen_z,brand_a,0,0,1,3,3,3,4,5,1,0
R00729,2024-03-11,ID,gen_z,brand_a,1,1,1,2,2,2,3,2,1,0
R00730,2024-03-11,ID,gen_z,brand_a,0,0,0,1,2,4,2,4,1,1
R00731,2024-03-11,ID,gen_z,brand_a,1,0,1,3,3,4,3,2,0,1
R00732,2024-03-11,ID,gen_z,brand_a,1,0,0,2,4,3,2,2,1,1
R00733,2024-03-11,ID,gen_z,brand_a,0,1,1,2,1,5,2,2,0,1
R00734,2024-03-11,ID,gen_z,brand_a,0,1,1,3,3,4,3,2,1,0
R00735,2024-03-11,ID,gen_z,brand_a,0,0,1,3,4,2,4,4,1,0
R00736,2024-03-11,ID,gen_z,brand_a,1,0,1,1,3,3,3,2,1,0
R00737,2024-03-11,ID,gen_z,brand_a,1,1,1,3,4,2,4,4,0,0
R00738,2024-03-11,ID,gen_z,brand_a,0,1,1,2,2,3,3,1,1,1
R00739,2024-03-11,ID,millennial,brand_a,1,1,1,4,3,2,4,3,1,0
R00740,2024-03-11,ID,millennial,brand_a,0,0,0,2,2,4,1,1,0,1
R00741,2024-03-11,ID,millennial,brand_a,0,0,0,2,1,5,1,1,0,1
R00742,2024-03-11,ID,millennial,brand_a,1,0,0,2,2,3,2,3,1,0
R00743,2024-03-11,ID,millennial,brand_a,0,0,1,2,2,4,3,1,0,1
R00744,2024-03-11,ID,millennial,brand_a,0,1,1,4,3,5,3,2,0,0
R00745,2024-03-11,ID,millennial,brand_a,1,0,1,4,2,3,4,2,0,0
R00746,2024-03-11,ID,millennial,brand_a,0,0,0,2,2,5,3,2,0,0
R00747,2024-03-11,ID,millennial,brand_a,0,0,0,2,3,3,3,1,1,1
R00748,2024-03-11,ID,millennial,brand_a,0,1,0,1,3,4,4,2,1,0
R00749,2024-03-11,ID,millennial,brand_a,0,0,0,1,2,4,1,2,0,1
R00750,2024-03-11,ID,millennial,brand_a,0,0,1,4,3,2,3,2,1,1
R00751,2024-03-11,ID,millennial,brand_a,1,0,1,2,2,4,3,3,1,1
R00752,2024-03-11,ID,millennial,brand_a,0,0,1,2,3,3,2,2,1,1
R00753,2024-03-11,ID,millennial,brand_a,0,1,1,3,3,4,3,3,1,0
R00754,2024-03-11,ID,millennial,brand_a,0,0,0,3,5,4,4,4,1,1
R00755,2024-03-11,ID,millennial,brand_a,1,0,0,3,3,3,3,4,1,1
R00756,2024-03-11,ID,millennial,brand_a,1,0,0,2,1,4,2,2,0,1
R00757,2024-03-11,ID,family,brand_a,1,0,0,2,3,5,2,2,0,1
R00758,2024-03-11,ID,family,brand_a,1,1,0,4,4,3,4,4,0,0
R00759,2024-03-11,ID,family,brand_a,1,0,1,3,3,4,4,4,1,0
R00760,2024-03-11,ID,family,brand_a,0,1,0,4,3,3,3,4,1,1
R00761,2024-03-11,ID,family,brand_a,1,0,0,2,3,4,1,2,0,0
R00762,2024-03-11,ID,family,brand_a,0,1,1,3,2,4,3,2,0,0
R00763,2024-03-11,ID,family,brand_a,1,0,0,3,2,4,1,1,0,1
R00764,2024-03-11,ID,family,brand_a,0,0,0,3,1,4,1,1,1,1
R00765,2024-03-11,ID,family,brand_a,0,1,1,3,3,3,3,2,0,0
R00766,2024-03-11,ID,family,brand_a,0,0,0,4,2,2,4,2,0,1
R00767,2024-03-11,ID,family,brand_a,0,0,0,2,2,4,2,2,0,1
R00768,2024-03-11,ID,family,brand_a,0,0,1,4,4,3,2,3,0,1
R00769,2024-03-11,ID,family,brand_a,0,0,1,4,2,2,2,4,1,0
R00770,2024-03-11,ID,family,brand_a,0,0,1,3,2,4,2,1,1,1
R00771,2024-03-11,ID,family,brand_a,1,0,0,4,2,2,4,3,1,0
R00772,2024-03-11,ID,family,brand_a,1,0,0,1,2,4,2,2,0,1
R00773,2024-03-11,ID,family,brand_a,0,0,0,1,1,4,1,1,0,0
R00774,2024-03-11,ID,family,brand_a,1,1,1,3,4,2,2,3,1,0
R00775,2024-03-11,ID,premium_seekers,brand_a,1,1,1,3,4,2,3,2,1,0
R00776,2024-03-11,ID,premium_seekers,brand_a,0,0,0,3,2,5,1,2,0,1
R00777,2024-03-11,ID,premium_seekers,brand_a,0,0,0,2,3,3,3,3,0,0
R00778,2024-03-11,ID,premium_seekers,brand_a,1,1,1,3,4,2,4,4,1,0
R00779,2024-03-11,ID,premium_seekers,brand_a,0,0,0,2,2,4,2,1,0,1
R00780,2024-03-11,ID,premium_seekers,brand_a,0,0,0,3,4,2,2,3,0,1
R00781,2024-03-11,ID,premium_seekers,brand_a,1,1,0,3,4,2,4,4,1,0
R00782,2024-03-11,ID,premium_seekers,brand_a,1,0,1,2,3,4,3,3,1,0
R00783,2024-03-11,ID,premium_seekers,brand_a,0,1,1,3,4,3,3,3,0,0
R00784,2024-03-11,ID,premium_seekers,brand_a,1,0,0,2,2,4,2,3,0,1
R00785,2024-03-11,ID,premium_seekers,brand_a,1,1,1,3,2,2,3,4,1,0
R00786,2024-03-11,ID,premium_seekers,brand_a,0,1,0,2,2,5,2,1,0,1
R00787,2024-03-11,ID,premium_seekers,brand_a,1,0,1,3,4,4,3,5,1,1
R00788,2024-03-11,ID,premium_seekers,brand_a,0,1,1,3,3,2,3,2,1,1
R00789,2024-03-11,ID,premium_seekers,brand_a,0,0,0,2,2,4,2,3,1,1
R00790,2024-03-11,ID,premium_seekers,brand_a,0,0,0,2,2,3,4,2,0,1
R00791,2024-03-11,ID,premium_seekers,brand_a,1,1,0,4,3,3,4,4,0,1
R00792,2024-03-11,ID,premium_seekers,brand_a,0,0,0,2,3,5,3,2,0,1
R00793,2024-03-18,ID,gen_z,brand_a,1,0,1,4,3,3,4,4,0,1
R00794,2024-03-18,ID,gen_z,brand_a,0,0,0,3,2,4,3,2,0,0
R00795,2024-03-18,ID,gen_z,brand_a,1,1,1,5,3,3,4,4,0,0
R00796,2024-03-18,ID,gen_z,brand_a,0,1,1,2,3,3,3,3,0,0
R00797,2024-03-18,ID,gen_z,brand_a,0,1,1,3,3,3,4,3,1,0
R00798,2024-03-18,ID,gen_z,brand_a,1,0,0,2,3,4,2,4,0,0
R00799,2024-03-18,ID,gen_z,brand_a,1,1,0,2,2,4,3,3,1,0
R00800,2024-03-18,ID,gen_z,brand_a,0,1,1,3,2,5,2,2,0,1
R00801,2024-03-18,ID,gen_z,brand_a,0,0,0,2,1,4,2,4,0,0
R00802,2024-03-18,ID,gen_z,brand_a,1,0,0,3,2,4,3,3,1,1
R00803,2024-03-18,ID,gen_z,brand_a,1,1,1,4,5,1,3,4,1,1
R00804,2024-03-18,ID,gen_z,brand_a,0,0,1,4,4,3,2,3,0,0
R00805,2024-03-18,ID,gen_z,brand_a,1,0,1,4,4,2,4,3,0,0
R00806,2024-03-18,ID,gen_z,brand_a,1,0,0,2,2,4,4,3,0,0
R00807,2024-03-18,ID,gen_z,brand_a,0,0,1,2,3,3,1,3,0,1
R00808,2024-03-18,ID,gen_z,brand_a,1,0,1,3,4,3,3,4,0,1
R00809,2024-03-18,ID,gen_z,brand_a,0,0,0,4,4,4,3,2,1,0
R00810,2024-03-18,ID,gen_z,brand_a,1,1,0,2,4,2,4,3,1,0
R00811,2024-03-18,ID,millennial,brand_a,1,1,0,2,3,4,2,3,1,1
R00812,2024-03-18,ID,millennial,brand_a,1,1,1,3,2,2,5,4,1,0
R00813,2024-03-18,ID,millennial,brand_a,1,1,0,3,3,3,4,5,0,1
R00814,2024-03-18,ID,millennial,brand_a,0,0,0,2,3,3,1,1,0,1
R00815,2024-03-18,ID,millennial,brand_a,0,1,0,2,2,3,2,3,1,1
R00816,2024-03-18,ID,millennial,brand_a,1,1,1,5,3,4,4,2,1,1
R00817,2024-03-18,ID,millennial,brand_a,0,1,1,3,4,3,3,4,1,1
R00818,2024-03-18,ID,millennial,brand_a,1,0,1,3,4,4,3,4,0,1
R00819,2024-03-18,ID,millennial,brand_a,0,0,1,2,2,4,2,2,0,0
R00820,2024-03-18,ID,millennial,brand_a,0,0,1,3,4,3,2,3,1,1
R00821,2024-03-18,ID,millennial,brand_a,0,1,1,3,2,3,3,4,1,0
R00822,2024-03-18,ID,millennial,brand_a,0,0,1,4,4,2,4,2,1,1
R00823,2024-03-18,ID,millennial,brand_a,0,1,0,5,5,1,4,3,1,0
R00824,2024-03-18,ID,millennial,brand_a,0,0,1,3,2,2,3,3,0,0
R00825,2024-03-18,ID,millennial,brand_a,1,0,1,2,3,3,3,3,1,0
R00826,2024-03-18,ID,millennial,brand_a,0,0,1,3,2,1,3,3,0,1
R00827,2024-03-18,ID,millennial,brand_a,0,0,1,2,2,4,1,2,0,1
R00828,2024-03-18,ID,millennial,brand_a,0,0,1,4,4,2,3,3,1,0
R00829,2024-03-18,ID,family,brand_a,0,0,1,3,3,3,5,2,0,0
R00830,2024-03-18,ID,family,brand_a,1,1,1,2,1,4,2,1,0,1
R00831,2024-03-18,ID,family,brand_a,0,1,0,1,2,4,3,1,0,1
R00832,2024-03-18,ID,family,brand_a,0,1,0,2,3,3,2,2,1,1
R00833,2024-03-18,ID,family,brand_a,0,0,0,5,4,2,2,3,1,0
R00834,2024-03-18,ID,family,brand_a,0,0,1,1,3,3,2,2,0,0
R00835,2024-03-18,ID,family,brand_a,0,1,0,2,3,2,3,3,1,0
R00836,2024-03-18,ID,family,brand_a,0,1,1,2,2,3,1,1,0,1
R00837,2024-03-18,ID,family,brand_a,0,1,0,4,4,4,5,3,0,1
R00838,2024-03-18,ID,family,brand_a,0,0,1,3,4,3,3,2,0,0
R00839,2024-03-18,ID,family,brand_a,1,0,0,3,4,3,4,3,1,0
R00840,2024-03-18,ID,family,brand_a,1,1,1,4,3,2,4,4,1,0
R00841,2024-03-18,ID,family,brand_a,0,0,0,4,3,5,2,2,0,1
R00842,2024-03-18,ID,family,brand_a,1,0,0,2,2,2,3,4,0,1
R00843,2024-03-18,ID,family,brand_a,0,0,0,2,2,5,4,2,1,0
R00844,2024-03-18,ID,family,brand_a,1,0,1,2,2,4,1,3,1,1
R00845,2024-03-18,ID,family,brand_a,0,1,0,3,3,4,3,2,1,1
R00846,2024-03-18,ID,family,brand_a,0,0,0,2,2,3,2,2,1,0
R00847,2024-03-18,ID,premium_seekers,brand_a,0,1,1,2,3,2,1,2,1,1
R00848,2024-03-18,ID,premium_seekers,brand_a,0,0,0,2,1,5,1,1,1,1
R00849,2024-03-18,ID,premium_seekers,brand_a,0,0,1,4,4,4,2,2,0,0
R00850,2024-03-18,ID,premium_seekers,brand_a,1,0,0,2,2,4,2,3,0,1
R00851,2024-03-18,ID,premium_seekers,brand_a,1,1,1,4,4,2,4,4,0,0
R00852,2024-03-18,ID,premium_seekers,brand_a,0,0,0,2,1,4,2,2,1,1
R00853,2024-03-18,ID,premium_seekers,brand_a,1,0,0,2,3,4,2,2,1,1
R00854,2024-03-18,ID,premium_seekers,brand_a,0,0,0,3,2,4,1,1,1,1
R00855,2024-03-18,ID,premium_seekers,brand_a,0,0,1,2,2,3,3,3,1,0
R00856,2024-03-18,ID,premium_seekers,brand_a,1,0,0,4,1,3,3,3,0,0
R00857,2024-03-18,ID,premium_seekers,brand_a,1,0,1,4,4,2,2,4,1,0
R00858,2024-03-18,ID,premium_seekers,brand_a,0,1,0,4,3,3,3,2,1,0
R00859,2024-03-18,ID,premium_seekers,brand_a,0,1,1,4,3,3,4,3,1,0
R00860,2024-03-18,ID,premium_seekers,brand_a,0,0,1,2,2,3,3,2,0,0
R00861,2024-03-18,ID,premium_seekers,brand_a,0,0,1,2,1,4,1,3,0,0
R00862,2024-03-18,ID,premium_seekers,brand_a,0,0,1,4,4,3,4,3,1,0
R00863,2024-03-18,ID,premium_seekers,brand_a,1,0,1,3,4,1,3,3,0,0
R00864,2024-03-18,ID,premium_seekers,brand_a,1,1,0,3,2,3,3,2,0,1
R00865,2024-03-25,ID,gen_z,brand_a,0,1,0,3,4,2,4,4,1,0
R00866,2024-03-25,ID,gen_z,brand_a,0,0,0,4,4,3,3,4,1,1
R00867,2024-03-25,ID,gen_z,brand_a,1,1,1,4,3,3,4,4,1,0
R00868,2024-03-25,ID,gen_z,brand_a,1,1,1,4,5,2,4,4,0,0
R00869,2024-03-25,ID,gen_z,brand_a,0,0,0,3,4,2,2,2,0,1
R00870,2024-03-25,ID,gen_z,brand_a,1,1,0,4,2,2,3,2,1,1
R00871,2024-03-25,ID,gen_z,brand_a,1,0,1,4,2,4,2,3,0,1
R00872,2024-03-25,ID,gen_z,brand_a,0,1,0,4,3,2,4,3,1,1
R00873,2024-03-25,ID,gen_z,brand_a,0,0,1,2,4,4,3,4,1,1
R00874,2024-03-25,ID,gen_z,brand_a,0,1,1,4,5,1,4,4,1,0
R00875,2024-03-25,ID,gen_z,brand_a,1,1,1,5,3,2,4,4,1,0
R00876,2024-03-25,ID,gen_z,brand_a,0,0,1,3,1,3,5,2,0,0
R00877,2024-03-25,ID,gen_z,brand_a,1,0,1,2,3,3,3,3,1,1
R00878,2024-03-25,ID,gen_z,brand_a,1,1,0,2,4,2,4,3,1,1
R00879,2024-03-25,ID,gen_z,brand_a,1,0,0,3,3,2,2,4,1,0
R00880,2024-03-25,ID,gen_z,brand_a,0,1,0,1,3,2,4,2,1,1
R00881,2024-03-25,ID,gen_z,brand_a,0,0,1,4,4,3,3,4,0,0
R00882,2024-03-25,ID,gen_z,brand_a,1,1,1,4,1,5,2,2,0,0
R00883,2024-03-25,ID,millennial,brand_a,1,1,1,4,3,2,3,4,1,1
R00884,2024-03-25,ID,millennial,brand_a,1,1,1,4,4,1,4,4,1,0
R00885,2024-03-25,ID,millennial,brand_a,1,0,1,3,3,3,3,4,1,0
R00886,2024-03-25,ID,millennial,brand_a,1,1,0,3,2,4,3,3,1,1
R00887,2024-03-25,ID,millennial,brand_a,0,0,0,3,2,4,2,2,1,0
R00888,2024-03-25,ID,millennial,brand_a,1,1,1,3,4,3,4,5,1,0
R00889,2024-03-25,ID,millennial,brand_a,1,1,1,4,4,3,4,3,0,1
R00890,2024-03-25,ID,millennial,brand_a,0,1,1,4,4,3,4,4,1,0
R00891,2024-03-25,ID,millennial,brand_a,1,1,0,2,3,4,3,3,1,1
R00892,2024-03-25,ID,millennial,brand_a,1,1,0,2,3,3,5,4,1,0
R00893,2024-03-25,ID,millennial,brand_a,1,1,1,4,5,1,4,4,1,1
R00894,2024-03-25,ID,millennial,brand_a,0,1,1,2,3,2,2,3,1,1
R00895,2024-03-25,ID,millennial,brand_a,1,0,1,2,2,3,3,4,1,0
R00896,2024-03-25,ID,millennial,brand_a,0,0,1,4,2,4,3,4,1,0
R00897,2024-03-25,ID,millennial,brand_a,1,1,0,3,3,2,4,3,0,1
R00898,2024-03-25,ID,millennial,brand_a,1,1,0,4,1,3,2,1,1,0
R00899,2024-03-25,ID,millennial,brand_a,0,1,1,1,2,4,3,3,1,1
R00900,2024-03-25,ID,millennial,brand_a,0,0,0,3,2,3,4,3,0,1
R00901,2024-03-25,ID,family,brand_a,0,0,1,1,1,5,2,2,0,0
R00902,2024-03-25,ID,family,brand_a,0,1,1,3,2,3,3,3,1,1
R00903,2024-03-25,ID,family,brand_a,1,1,0,3,4,3,2,5,0,0
R00904,2024-03-25,ID,family,brand_a,0,0,0,3,3,3,1,2,1,1
R00905,2024-03-25,ID,family,brand_a,0,1,1,4,3,1,4,4,1,0
R00906,2024-03-25,ID,family,brand_a,1,0,1,2,3,3,3,3,1,0
R00907,2024-03-25,ID,family,brand_a,0,0,1,4,2,4,3,2,1,0
R00908,2024-03-25,ID,family,brand_a,1,1,1,4,4,2,4,3,1,0
R00909,2024-03-25,ID,family,brand_a,1,0,0,3,2,2,2,2,0,1
R00910,2024-03-25,ID,family,brand_a,1,0,0,2,3,4,4,3,1,0
R00911,2024-03-25,ID,family,brand_a,0,0,1,2,4,2,4,4,1,0
R00912,2024-03-25,ID,family,brand_a,1,1,0,4,3,1,4,5,1,0
R00913,2024-03-25,ID,family,brand_a,0,1,0,2,5,3,4,2,0,0
R00914,2024-03-25,ID,family,brand_a,1,0,1,3,1,5,1,2,0,0
R00915,2024-03-25,ID,family,brand_a,0,0,1,2,2,4,2,3,1,1
R00916,2024-03-25,ID,family,brand_a,0,0,1,5,4,2,2,1,1,1
R00917,2024-03-25,ID,family,brand_a,1,0,0,3,2,2,2,2,1,1
R00918,2024-03-25,ID,family,brand_a,1,1,0,3,4,2,3,5,1,1
R00919,2024-03-25,ID,premium_seekers,brand_a,0,0,1,2,2,4,2,3,1,1
R00920,2024-03-25,ID,premium_seekers,brand_a,0,0,0,3,2,4,3,3,1,1
R00921,2024-03-25,ID,premium_seekers,brand_a,0,0,1,2,3,2,3,3,1,0
R00922,2024-03-25,ID,premium_seekers,brand_a,0,1,1,4,4,4,2,2,1,0
R00923,2024-03-25,ID,premium_seekers,brand_a,0,1,1,4,4,2,3,4,1,0
R00924,2024-03-25,ID,premium_seekers,brand_a,1,1,1,3,4,3,5,5,0,1
R00925,2024-03-25,ID,premium_seekers,brand_a,0,0,1,1,2,5,2,3,1,1
R00926,2024-03-25,ID,premium_seekers,brand_a,1,0,0,5,3,3,3,3,1,1
R00927,2024-03-25,ID,premium_seekers,brand_a,1,1,1,3,4,2,3,4,1,1
R00928,2024-03-25,ID,premium_seekers,brand_a,0,1,1,2,2,5,3,2,0,0
R00929,2024-03-25,ID,premium_seekers,brand_a,0,0,1,4,4,2,4,5,0,0
R00930,2024-03-25,ID,premium_seekers,brand_a,1,1,1,5,5,2,4,4,1,1
R00931,2024-03-25,ID,premium_seekers,brand_a,1,1,0,5,5,2,4,4,0,0
R00932,2024-03-25,ID,premium_seekers,brand_a,1,0,0,3,2,5,3,4,1,1
R00933,2024-03-25,ID,premium_seekers,brand_a,1,1,1,4,2,4,5,3,1,0
R00934,2024-03-25,ID,premium_seekers,brand_a,0,0,0,2,3,4,3,2,0,0
R00935,2024-03-25,ID,premium_seekers,brand_a,1,0,1,4,4,2,3,3,1,0
R00936,2024-03-25,ID,premium_seekers,brand_a,1,1,1,4,4,3,4,5,0,0
R00937,2024-04-01,ID,gen_z,brand_a,0,1,1,3,3,3,2,3,0,0
R00938,2024-04-01,ID,gen_z,brand_a,0,1,0,4,3,2,4,3,1,1
R00939,2024-04-01,ID,gen_z,brand_a,1,0,0,3,5,3,3,3,0,1
R00940,2024-04-01,ID,gen_z,brand_a,1,0,1,3,4,2,4,3,1,0
R00941,2024-04-01,ID,gen_z,brand_a,1,1,1,5,2,2,4,4,0,0
R00942,2024-04-01,ID,gen_z,brand_a,1,0,1,5,3,4,2,1,1,1
R00943,2024-04-01,ID,gen_z,brand_a,1,1,0,4,4,4,3,4,1,0
R00944,2024-04-01,ID,gen_z,brand_a,1,1,1,3,4,2,2,4,1,1
R00945,2024-04-01,ID,gen_z,brand_a,0,0,0,3,3,2,3,3,0,1
R00946,2024-04-01,ID,gen_z,brand_a,1,0,0,3,2,2,3,3,0,0
R00947,2024-04-01,ID,gen_z,brand_a,0,1,0,2,2,4,2,3,0,1
R00948,2024-04-01,ID,gen_z,brand_a,1,1,1,2,3,4,2,2,0,1
R00949,2024-04-01,ID,gen_z,brand_a,0,0,1,3,4,5,3,2,0,1
R00950,2024-04-01,ID,gen_z,brand_a,1,0,1,3,3,4,3,4,0,1
R00951,2024-04-01,ID,gen_z,brand_a,0,0,1,2,2,3,5,4,0,0
R00952,2024-04-01,ID,gen_z,brand_a,1,1,0,4,5,1,4,5,1,0
R00953,2024-04-01,ID,gen_z,brand_a,1,1,1,4,4,2,3,3,1,0
R00954,2024-04-01,ID,gen_z,brand_a,0,1,1,3,3,3,4,4,0,1
R00955,2024-04-01,ID,millennial,brand_a,1,1,1,2,4,2,4,3,0,1
R00956,2024-04-01,ID,millennial,brand_a,1,1,0,4,2,2,4,3,1,1
R00957,2024-04-01,ID,millennial,brand_a,0,0,1,3,2,3,2,5,1,0
R00958,2024-04-01,ID,millennial,brand_a,0,1,0,3,4,4,3,3,1,1
R00959,2024-04-01,ID,millennial,brand_a,1,0,0,3,4,3,2,5,0,0
R00960,2024-04-01,ID,millennial,brand_a,0,0,1,4,4,3,3,3,0,1
R00961,2024-04-01,ID,millennial,brand_a,1,0,1,4,4,2,4,3,1,0
R00962,2024-04-01,ID,millennial,brand_a,1,0,0,3,4,5,2,4,1,0
R00963,2024-04-01,ID,millennial,brand_a,0,1,1,3,4,2,4,4,1,1
R00964,2024-04-01,ID,millennial,brand_a,1,0,1,4,3,2,4,3,0,1
R00965,2024-04-01,ID,millennial,brand_a,0,0,1,3,2,2,2,2,0,0
R00966,2024-04-01,ID,millennial,brand_a,1,1,0,5,5,1,4,5,0,0
R00967,2024-04-01,ID,millennial,brand_a,0,1,0,1,3,3,3,5,1,1
R00968,2024-04-01,ID,millennial,brand_a,1,1,1,3,3,2,4,3,1,0
R00969,2024-04-01,ID,millennial,brand_a,0,1,0,4,4,4,3,3,1,0
R00970,2024-04-01,ID,millennial,brand_a,0,0,0,2,1,3,3,3,0,1
R00971,2024-04-01,ID,millennial,brand_a,1,1,1,3,3,3,4,4,0,1
R00972,2024-04-01,ID,millennial,brand_a,0,1,1,2,3,4,3,3,1,1
R00973,2024-04-01,ID,family,brand_a,1,1,0,3,5,3,3,4,1,0
R00974,2024-04-01,ID,family,brand_a,0,1,0,4,4,3,3,4,1,1
R00975,2024-04-01,ID,family,brand_a,0,0,1,3,2,2,2,4,0,1
R00976,2024-04-01,ID,family,brand_a,1,0,0,3,4,3,4,4,0,0
R00977,2024-04-01,ID,family,brand_a,1,0,1,5,4,4,5,5,1,1
R00978,2024-04-01,ID,family,brand_a,1,1,0,3,3,5,3,3,1,0
R00979,2024-04-01,ID,family,brand_a,0,0,1,2,3,3,4,3,0,1
R00980,2024-04-01,ID,family,brand_a,0,1,1,4,4,2,5,4,1,1
R00981,2024-04-01,ID,family,brand_a,0,0,1,4,5,2,5,3,1,0
R00982,2024-04-01,ID,family,brand_a,0,0,1,4,3,2,3,4,1,0
R00983,2024-04-01,ID,family,brand_a,1,0,1,2,4,3,3,5,1,0
R00984,2024-04-01,ID,family,brand_a,1,0,0,3,3,4,3,2,0,1
R00985,2024-04-01,ID,family,brand_a,0,1,0,2,2,4,3,3,0,1
R00986,2024-04-01,ID,family,brand_a,1,1,0,4,3,3,2,2,1,1
R00987,2024-04-01,ID,family,brand_a,0,1,1,5,3,1,3,4,1,0
R00988,2024-04-01,ID,family,brand_a,0,0,1,3,3,4,4,2,1,0
R00989,2024-04-01,ID,family,brand_a,1,1,0,5,4,3,2,4,0,0
R00990,2024-04-01,ID,family,brand_a,0,0,0,3,3,4,2,2,0,1
R00991,2024-04-01,ID,premium_seekers,brand_a,1,1,1,4,2,2,4,5,1,1
R00992,2024-04-01,ID,premium_seekers,brand_a,1,0,1,2,3,4,2,5,1,0
R00993,2024-04-01,ID,premium_seekers,brand_a,0,1,0,2,2,4,4,3,0,1
R00994,2024-04-01,ID,premium_seekers,brand_a,1,0,0,4,4,1,4,4,1,0
R00995,2024-04-01,ID,premium_seekers,brand_a,1,0,1,4,3,3,2,2,1,0
R00996,2024-04-01,ID,premium_seekers,brand_a,0,1,1,3,3,3,4,4,1,1
R00997,2024-04-01,ID,premium_seekers,brand_a,1,1,0,4,4,1,4,2,1,0
R00998,2024-04-01,ID,premium_seekers,brand_a,0,1,0,2,4,4,4,2,1,1
R00999,2024-04-01,ID,premium_seekers,brand_a,0,1,1,5,4,2,3,3,0,1
R01000,2024-04-01,ID,premium_seekers,brand_a,1,0,1,3,2,4,4,3,1,0
R01001,2024-04-01,ID,premium_seekers,brand_a,1,0,0,3,4,3,2,3,1,0
R01002,2024-04-01,ID,premium_seekers,brand_a,0,1,0,2,3,4,4,2,1,0
R01003,2024-04-01,ID,premium_seekers,brand_a,1,1,1,3,3,3,3,3,0,0
R01004,2024-04-01,ID,premium_seekers,brand_a,1,0,0,3,3,4,1,2,0,0
R01005,2024-04-01,ID,premium_seekers,brand_a,1,1,0,2,3,4,2,3,1,0
R01006,2024-04-01,ID,premium_seekers,brand_a,1,1,1,4,4,2,5,3,1,1
R01007,2024-04-01,ID,premium_seekers,brand_a,0,1,0,3,4,2,3,3,0,0
R01008,2024-04-01,ID,premium_seekers,brand_a,1,1,1,2,3,3,3,2,0,1
R01009,2024-04-08,ID,gen_z,brand_a,0,0,0,4,3,4,2,2,0,1
R01010,2024-04-08,ID,gen_z,brand_a,1,0,1,4,4,4,5,2,1,0
R01011,2024-04-08,ID,gen_z,brand_a,0,1,0,3,2,3,3,2,1,1
R01012,2024-04-08,ID,gen_z,brand_a,1,0,0,3,3,5,2,3,1,0
R01013,2024-04-08,ID,gen_z,brand_a,0,0,1,2,3,4,2,3,1,0
R01014,2024-04-08,ID,gen_z,brand_a,1,0,0,4,3,1,4,4,0,1
R01015,2024-04-08,ID,gen_z,brand_a,0,0,1,3,3,3,5,3,0,1
R01016,2024-04-08,ID,gen_z,brand_a,1,1,1,3,2,3,3,2,1,0
R01017,2024-04-08,ID,gen_z,brand_a,0,1,1,2,3,3,4,2,1,1
R01018,2024-04-08,ID,gen_z,brand_a,0,0,0,2,3,3,3,4,1,1
R01019,2024-04-08,ID,gen_z,brand_a,1,0,1,3,4,1,3,3,1,0
R01020,2024-04-08,ID,gen_z,brand_a,1,0,0,3,3,3,2,4,0,1
R01021,2024-04-08,ID,gen_z,brand_a,1,1,1,5,4,1,4,4,1,0
R01022,2024-04-08,ID,gen_z,brand_a,1,1,1,4,5,2,5,5,1,0
R01023,2024-04-08,ID,gen_z,brand_a,0,0,0,1,3,4,3,2,0,0
R01024,2024-04-08,ID,gen_z,brand_a,1,0,0,5,4,3,3,3,1,0
R01025,2024-04-08,ID,gen_z,brand_a,1,0,0,3,2,4,3,3,1,1
R01026,2024-04-08,ID,gen_z,brand_a,0,1,1,5,2,3,4,3,0,1
R01027,2024-04-08,ID,millennial,brand_a,1,0,0,2,3,3,3,3,0,1
R01028,2024-04-08,ID,millennial,brand_a,1,1,1,4,4,2,4,3,0,1
R01029,2024-04-08,ID,millennial,brand_a,1,1,1,4,3,4,3,2,1,0
R01030,2024-04-08,ID,millennial,brand_a,1,0,1,5,2,4,3,4,0,0
R01031,2024-04-08,ID,millennial,brand_a,0,0,1,3,2,2,3,4,1,1
R01032,2024-04-08,ID,millennial,brand_a,1,0,1,4,4,4,2,3,1,1
R01033,2024-04-08,ID,millennial,brand_a,0,0,1,3,3,3,3,1,0,0
R01034,2024-04-08,ID,millennial,brand_a,0,1,1,4,4,2,4,4,1,1
R01035,2024-04-08,ID,millennial,brand_a,1,0,1,5,4,2,5,4,1,0
R01036,2024-04-08,ID,millennial,brand_a,1,1,1,4,5,2,4,3,0,0
R01037,2024-04-08,ID,millennial,brand_a,1,0,0,3,3,3,3,2,0,1
R01038,2024-04-08,ID,millennial,brand_a,0,1,0,4,3,4,4,3,0,0
R01039,2024-04-08,ID,millennial,brand_a,1,0,0,3,3,2,2,3,1,1
R01040,2024-04-08,ID,millennial,brand_a,1,1,1,3,1,2,4,3,1,1
R01041,2024-04-08,ID,millennial,brand_a,0,1,1,3,3,3,3,3,0,1
R01042,2024-04-08,ID,millennial,brand_a,1,1,1,4,4,1,3,4,1,0
R01043,2024-04-08,ID,millennial,brand_a,1,0,0,5,4,2,5,5,1,0
R01044,2024-04-08,ID,millennial,brand_a,1,1,1,3,5,3,4,3,0,0
R01045,2024-04-08,ID,family,brand_a,0,0,0,5,4,2,3,2,0,0
R01046,2024-04-08,ID,family,brand_a,1,1,1,2,2,3,3,4,0,1
R01047,2024-04-08,ID,family,brand_a,1,1,1,4,5,1,3,3,1,1
R01048,2024-04-08,ID,family,brand_a,1,1,1,3,3,2,3,4,1,0
R01049,2024-04-08,ID,family,brand_a,0,1,1,2,2,2,2,3,1,1
R01050,2024-04-08,ID,family,brand_a,1,0,1,3,4,2,5,5,1,1
R01051,2024-04-08,ID,family,brand_a,1,0,1,1,3,5,3,2,1,1
R01052,2024-04-08,ID,family,brand_a,0,1,0,2,2,3,3,2,0,1
R01053,2024-04-08,ID,family,brand_a,0,1,0,3,3,3,3,2,1,1
R01054,2024-04-08,ID,family,brand_a,0,0,0,3,3,4,3,1,0,0
R01055,2024-04-08,ID,family,brand_a,1,1,0,5,4,1,3,4,1,1
R01056,2024-04-08,ID,family,brand_a,0,0,0,2,1,5,3,1,0,1
R01057,2024-04-08,ID,family,brand_a,0,1,1,3,4,3,3,2,0,1
R01058,2024-04-08,ID,family,brand_a,1,0,0,1,2,3,3,2,0,0
R01059,2024-04-08,ID,family,brand_a,1,0,0,2,4,4,4,2,1,1
R01060,2024-04-08,ID,family,brand_a,0,1,0,2,3,4,1,4,0,1
R01061,2024-04-08,ID,family,brand_a,0,0,1,4,2,2,4,2,1,0
R01062,2024-04-08,ID,family,brand_a,1,1,1,3,3,3,3,4,0,0
R01063,2024-04-08,ID,premium_seekers,brand_a,1,0,0,1,3,3,5,1,1,1
R01064,2024-04-08,ID,premium_seekers,brand_a,1,0,0,3,3,3,3,4,1,1
R01065,2024-04-08,ID,premium_seekers,brand_a,1,0,1,3,3,3,3,3,0,0
R01066,2024-04-08,ID,premium_seekers,brand_a,1,1,1,3,3,2,4,4,1,0
R01067,2024-04-08,ID,premium_seekers,brand_a,0,1,0,3,3,3,4,3,1,1
R01068,2024-04-08,ID,premium_seekers,brand_a,1,1,1,3,3,3,4,3,1,0
R01069,2024-04-08,ID,premium_seekers,brand_a,1,0,1,4,4,1,4,5,0,0
R01070,2024-04-08,ID,premium_seekers,brand_a,1,1,1,3,2,3,4,2,1,0
R01071,2024-04-08,ID,premium_seekers,brand_a,0,0,0,3,4,2,4,4,1,1
R01072,2024-04-08,ID,premium_seekers,brand_a,1,1,1,4,2,3,4,4,1,0
R01073,2024-04-08,ID,premium_seekers,brand_a,1,0,1,2,3,4,2,3,0,1
R01074,2024-04-08,ID,premium_seekers,brand_a,0,0,0,3,2,2,3,2,0,0
R01075,2024-04-08,ID,premium_seekers,brand_a,1,1,1,4,4,2,4,5,0,0
R01076,2024-04-08,ID,premium_seekers,brand_a,0,0,0,2,3,3,3,2,1,1
R01077,2024-04-08,ID,premium_seekers,brand_a,1,1,1,2,4,2,4,2,0,0
R01078,2024-04-08,ID,premium_seekers,brand_a,1,1,0,3,4,2,4,3,1,1
R01079,2024-04-08,ID,premium_seekers,brand_a,1,0,1,4,4,2,3,4,1,0
R01080,2024-04-08,ID,premium_seekers,brand_a,1,1,1,3,3,2,4,4,1,1
R01081,2024-04-15,ID,gen_z,brand_a,1,1,0,4,3,1,4,3,0,0
R01082,2024-04-15,ID,gen_z,brand_a,1,0,1,4,4,2,3,3,1,1
R01083,2024-04-15,ID,gen_z,brand_a,1,1,1,3,4,2,5,4,1,0
R01084,2024-04-15,ID,gen_z,brand_a,0,1,1,2,4,3,4,2,0,1
R01085,2024-04-15,ID,gen_z,brand_a,0,1,0,5,5,1,3,3,0,0
R01086,2024-04-15,ID,gen_z,brand_a,0,0,0,2,2,5,2,1,0,1
R01087,2024-04-15,ID,gen_z,brand_a,1,0,1,2,2,2,4,3,0,1
R01088,2024-04-15,ID,gen_z,brand_a,1,0,0,3,1,3,4,2,1,0
R01089,2024-04-15,ID,gen_z,brand_a,0,0,1,4,3,4,2,3,1,1
R01090,2024-04-15,ID,gen_z,brand_a,0,0,1,3,4,2,5,3,1,0
R01091,2024-04-15,ID,gen_z,brand_a,1,0,0,3,3,3,3,3,1,1
R01092,2024-04-15,ID,gen_z,brand_a,0,0,1,2,2,4,3,2,0,0
R01093,2024-04-15,ID,gen_z,brand_a,1,0,1,2,4,2,3,4,1,0
R01094,2024-04-15,ID,gen_z,brand_a,1,1,0,3,2,3,2,2,0,1
R01095,2024-04-15,ID,gen_z,brand_a,0,1,1,2,2,3,2,3,1,0
R01096,2024-04-15,ID,gen_z,brand_a,1,1,1,4,4,3,3,4,1,0
R01097,2024-04-15,ID,gen_z,brand_a,1,1,1,3,3,2,3,2,0,0
R01098,2024-04-15,ID,gen_z,brand_a,1,1,1,3,4,3,4,2,1,1
R01099,2024-04-15,ID,millennial,brand_a,1,1,0,4,4,1,4,5,0,0
R01100,2024-04-15,ID,millennial,brand_a,1,1,0,4,5,3,4,5,1,0
R01101,2024-04-15,ID,millennial,brand_a,1,0,0,4,3,3,3,5,0,0
R01102,2024-04-15,ID,millennial,brand_a,0,1,1,4,4,4,3,3,0,1
R01103,2024-04-15,ID,millennial,brand_a,1,1,1,2,2,3,4,2,0,1
R01104,2024-04-15,ID,millennial,brand_a,0,1,0,3,4,2,4,4,0,0
R01105,2024-04-15,ID,millennial,brand_a,0,0,0,5,4,2,4,3,1,1
R01106,2024-04-15,ID,millennial,brand_a,0,0,0,3,2,4,2,4,0,0
R01107,2024-04-15,ID,millennial,brand_a,0,1,1,3,2,4,3,2,0,0
R01108,2024-04-15,ID,millennial,brand_a,1,1,1,5,2,3,4,4,1,1
R01109,2024-04-15,ID,millennial,brand_a,1,1,0,3,2,4,2,4,0,0
R01110,2024-04-15,ID,millennial,brand_a,1,1,0,4,2,3,4,2,0,0
R01111,2024-04-15,ID,millennial,brand_a,1,1,0,4,3,4,3,4,0,0
R01112,2024-04-15,ID,millennial,brand_a,1,0,1,1,2,4,1,2,0,0
R01113,2024-04-15,ID,millennial,brand_a,0,0,0,3,4,1,4,3,0,1
R01114,2024-04-15,ID,millennial,brand_a,0,1,1,4,5,2,3,3,0,0
R01115,2024-04-15,ID,millennial,brand_a,1,1,1,5,4,2,3,4,1,0
R01116,2024-04-15,ID,millennial,brand_a,1,0,0,2,2,4,3,2,1,1
R01117,2024-04-15,ID,family,brand_a,1,1,0,2,3,4,2,4,1,1
R01118,2024-04-15,ID,family,brand_a,1,1,1,4,4,1,4,3,1,0
R01119,2024-04-15,ID,family,brand_a,0,0,0,4,2,3,3,2,1,1
R01120,2024-04-15,ID,family,brand_a,1,1,0,4,5,4,3,3,1,1
R01121,2024-04-15,ID,family,brand_a,0,0,1,4,3,4,3,4,0,1
R01122,2024-04-15,ID,family,brand_a,1,1,1,4,4,2,4,4,1,0
R01123,2024-04-15,ID,family,brand_a,0,1,1,3,4,3,3,3,1,1
R01124,2024-04-15,ID,family,brand_a,0,1,1,3,3,3,2,3,0,1
R01125,2024-04-15,ID,family,brand_a,0,1,0,3,3,4,1,4,0,1
R01126,2024-04-15,ID,family,brand_a,1,1,1,5,5,2,5,5,1,0
R01127,2024-04-15,ID,family,brand_a,1,1,1,3,4,2,5,3,1,0
R01128,2024-04-15,ID,family,brand_a,1,1,1,3,4,2,4,3,1,0
R01129,2024-04-15,ID,family,brand_a,0,1,0,3,4,3,3,2,1,0
R01130,2024-04-15,ID,family,brand_a,0,0,1,2,3,4,4,3,0,1
R01131,2024-04-15,ID,family,brand_a,1,1,1,5,5,4,3,4,1,0
R01132,2024-04-15,ID,family,brand_a,0,1,1,4,3,2,4,4,0,1
R01133,2024-04-15,ID,family,brand_a,1,1,0,4,4,2,3,3,0,0
R01134,2024-04-15,ID,family,brand_a,1,0,1,2,4,2,4,3,1,1
R01135,2024-04-15,ID,premium_seekers,brand_a,1,0,0,2,2,4,2,3,0,1
R01136,2024-04-15,ID,premium_seekers,brand_a,1,0,1,5,4,3,4,3,0,0
R01137,2024-04-15,ID,premium_seekers,brand_a,1,0,1,3,2,2,4,4,0,1
R01138,2024-04-15,ID,premium_seekers,brand_a,1,1,1,3,5,4,3,5,0,0
R01139,2024-04-15,ID,premium_seekers,brand_a,0,1,1,4,4,2,4,4,1,1
R01140,2024-04-15,ID,premium_seekers,brand_a,0,1,1,4,4,2,4,4,0,0
R01141,2024-04-15,ID,premium_seekers,brand_a,0,1,1,2,3,2,3,3,1,0
R01142,2024-04-15,ID,premium_seekers,brand_a,0,0,1,4,4,1,4,5,1,1
R01143,2024-04-15,ID,premium_seekers,brand_a,0,0,0,3,3,3,3,4,1,0
R01144,2024-04-15,ID,premium_seekers,brand_a,0,1,1,4,4,2,2,4,1,0
R01145,2024-04-15,ID,premium_seekers,brand_a,1,1,1,4,3,2,3,4,1,0
R01146,2024-04-15,ID,premium_seekers,brand_a,1,1,1,3,2,3,3,3,0,0
R01147,2024-04-15,ID,premium_seekers,brand_a,1,1,1,5,4,1,5,4,1,0
R01148,2024-04-15,ID,premium_seekers,brand_a,0,1,1,2,3,3,3,3,1,1
R01149,2024-04-15,ID,premium_seekers,brand_a,1,1,0,4,3,3,3,4,1,0
R01150,2024-04-15,ID,premium_seekers,brand_a,0,0,1,2,3,3,2,3,1,1
R01151,2024-04-15,ID,premium_seekers,brand_a,0,1,1,2,3,2,5,4,0,1
R01152,2024-04-15,ID,premium_seekers,brand_a,0,0,1,2,1,4,2,3,1,0
R01153,2024-04-22,ID,gen_z,brand_a,1,0,1,3,4,4,4,4,1,1
R01154,2024-04-22,ID,gen_z,brand_a,1,1,1,4,4,4,4,4,1,0
R01155,2024-04-22,ID,gen_z,brand_a,0,1,1,4,4,3,4,3,1,0
R01156,2024-04-22,ID,gen_z,brand_a,1,0,0,3,3,2,1,3,0,0
R01157,2024-04-22,ID,gen_z,brand_a,0,0,1,3,2,4,3,4,0,0
R01158,2024-04-22,ID,gen_z,brand_a,1,1,0,4,4,3,5,4,1,0
R01159,2024-04-22,ID,gen_z,brand_a,1,1,1,3,4,3,3,4,1,1
R01160,2024-04-22,ID,gen_z,brand_a,0,1,0,3,4,3,4,4,1,1
R01161,2024-04-22,ID,gen_z,brand_a,1,1,1,2,3,2,4,4,0,0
R01162,2024-04-22,ID,gen_z,brand_a,1,1,1,4,3,2,4,2,1,1
R01163,2024-04-22,ID,gen_z,brand_a,0,0,1,3,3,3,3,3,0,0
R01164,2024-04-22,ID,gen_z,brand_a,1,1,1,3,4,4,4,3,1,0
R01165,2024-04-22,ID,gen_z,brand_a,1,1,1,4,4,3,4,5,1,0
R01166,2024-04-22,ID,gen_z,brand_a,1,1,0,5,3,1,3,3,1,1
R01167,2024-04-22,ID,gen_z,brand_a,1,1,0,3,2,3,3,4,1,1
R01168,2024-04-22,ID,gen_z,brand_a,1,0,0,4,3,2,4,4,0,0
R01169,2024-04-22,ID,gen_z,brand_a,0,1,1,4,5,1,4,3,1,1
R01170,2024-04-22,ID,gen_z,brand_a,1,1,1,4,5,1,4,4,1,0
R01171,2024-04-22,ID,millennial,brand_a,0,1,1,4,4,2,4,5,0,0
R01172,2024-04-22,ID,millennial,brand_a,0,0,0,2,3,4,4,3,1,1
R01173,2024-04-22,ID,millennial,brand_a,1,1,0,5,5,2,5,4,1,0
R01174,2024-04-22,ID,millennial,brand_a,1,1,0,4,4,3,3,4,1,1
R01175,2024-04-22,ID,millennial,brand_a,0,0,1,3,1,5,2,4,1,0
R01176,2024-04-22,ID,millennial,brand_a,1,1,1,3,4,2,3,4,1,0
R01177,2024-04-22,ID,millennial,brand_a,1,1,1,4,2,3,4,5,1,0
R01178,2024-04-22,ID,millennial,brand_a,1,1,1,4,4,3,2,4,1,0
R01179,2024-04-22,ID,millennial,brand_a,1,1,1,4,4,2,4,5,1,0
R01180,2024-04-22,ID,millennial,brand_a,1,1,1,4,5,2,4,4,1,0
R01181,2024-04-22,ID,millennial,brand_a,0,1,1,4,5,3,4,2,1,1
R01182,2024-04-22,ID,millennial,brand_a,1,0,1,4,4,1,3,5,1,0
R01183,2024-04-22,ID,millennial,brand_a,0,1,1,3,2,2,4,4,1,1
R01184,2024-04-22,ID,millennial,brand_a,0,1,1,4,4,2,4,5,1,0
R01185,2024-04-22,ID,millennial,brand_a,0,0,0,1,2,5,2,1,0,1
R01186,2024-04-22,ID,millennial,brand_a,1,1,1,4,4,3,4,4,1,0
R01187,2024-04-22,ID,millennial,brand_a,0,1,0,4,4,3,3,3,1,0
R01188,2024-04-22,ID,millennial,brand_a,1,1,1,4,4,1,4,4,1,1
R01189,2024-04-22,ID,family,brand_a,1,0,1,4,3,3,4,4,1,0
R01190,2024-04-22,ID,family,brand_a,1,0,1,3,4,2,4,4,0,0
R01191,2024-04-22,ID,family,brand_a,0,0,1,3,1,4,3,2,0,1
R01192,2024-04-22,ID,family,brand_a,0,0,1,3,4,3,3,2,1,1
R01193,2024-04-22,ID,family,brand_a,0,1,0,2,1,3,2,1,1,1
R01194,2024-04-22,ID,family,brand_a,1,1,1,4,5,2,4,4,1,0
R01195,2024-04-22,ID,family,brand_a,0,0,1,2,3,4,2,3,1,0
R01196,2024-04-22,ID,family,brand_a,1,1,1,4,3,2,4,4,1,0
R01197,2024-04-22,ID,family,brand_a,0,0,0,4,3,3,2,3,1,0
R01198,2024-04-22,ID,family,brand_a,0,1,1,4,3,3,3,3,1,1
R01199,2024-04-22,ID,family,brand_a,1,1,0,4,4,2,3,2,1,0
R01200,2024-04-22,ID,family,brand_a,1,0,1,4,4,3,4,5,1,1
R01201,2024-04-22,ID,family,brand_a,1,1,0,3,4,2,5,3,1,0
R01202,2024-04-22,ID,family,brand_a,0,1,1,2,2,3,3,3,0,0
R01203,2024-04-22,ID,family,brand_a,0,0,1,4,3,2,2,2,1,1
R01204,2024-04-22,ID,family,brand_a,1,1,0,3,2,2,3,3,0,0
R01205,2024-04-22,ID,family,brand_a,1,0,1,2,3,4,1,3,0,1
R01206,2024-04-22,ID,family,brand_a,1,1,0,3,3,4,2,2,1,1
R01207,2024-04-22,ID,premium_seekers,brand_a,0,1,1,4,4,4,4,3,0,0
R01208,2024-04-22,ID,premium_seekers,brand_a,1,0,1,1,4,4,2,1,0,0
R01209,2024-04-22,ID,premium_seekers,brand_a,1,1,1,2,3,2,4,3,0,0
R01210,2024-04-22,ID,premium_seekers,brand_a,1,1,1,3,2,2,3,2,1,1
R01211,2024-04-22,ID,premium_seekers,brand_a,0,0,1,4,2,2,5,3,0,0
R01212,2024-04-22,ID,premium_seekers,brand_a,1,1,0,3,4,2,4,4,1,0
R01213,2024-04-22,ID,premium_seekers,brand_a,0,1,0,3,3,3,3,3,0,0
R01214,2024-04-22,ID,premium_seekers,brand_a,0,1,1,5,4,1,5,4,1,0
R01215,2024-04-22,ID,premium_seekers,brand_a,0,1,0,2,2,2,2,4,0,1
R01216,2024-04-22,ID,premium_seekers,brand_a,1,1,1,4,4,3,4,4,1,0
R01217,2024-04-22,ID,premium_seekers,brand_a,1,0,1,4,4,3,4,3,1,0
R01218,2024-04-22,ID,premium_seekers,brand_a,1,1,0,2,2,3,2,3,0,1
R01219,2024-04-22,ID,premium_seekers,brand_a,1,1,1,4,3,3,4,3,1,0
R01220,2024-04-22,ID,premium_seekers,brand_a,0,1,0,1,3,3,2,3,0,1
R01221,2024-04-22,ID,premium_seekers,brand_a,1,1,0,4,2,5,2,2,0,0
R01222,2024-04-22,ID,premium_seekers,brand_a,1,0,0,3,4,3,4,3,1,0
R01223,2024-04-22,ID,premium_seekers,brand_a,1,1,1,4,4,2,3,5,0,1
R01224,2024-04-22,ID,premium_seekers,brand_a,0,1,1,4,3,2,4,3,1,0
R01225,2024-04-29,ID,gen_z,brand_a,0,1,1,3,4,2,3,4,1,0
R01226,2024-04-29,ID,gen_z,brand_a,1,0,0,3,2,3,2,3,1,1
R01227,2024-04-29,ID,gen_z,brand_a,0,1,1,4,5,3,3,3,1,0
R01228,2024-04-29,ID,gen_z,brand_a,1,1,0,4,2,3,3,3,0,0
R01229,2024-04-29,ID,gen_z,brand_a,1,1,1,3,4,1,4,4,0,1
R01230,2024-04-29,ID,gen_z,brand_a,0,1,1,4,4,2,5,4,1,0
R01231,2024-04-29,ID,gen_z,brand_a,1,0,0,4,2,2,3,3,1,1
R01232,2024-04-29,ID,gen_z,brand_a,0,0,0,5,4,4,1,5,0,0
R01233,2024-04-29,ID,gen_z,brand_a,0,1,0,4,4,2,5,3,0,0
R01234,2024-04-29,ID,gen_z,brand_a,1,0,1,2,3,2,2,3,1,1
R01235,2024-04-29,ID,gen_z,brand_a,1,0,0,3,2,3,4,4,0,1
R01236,2024-04-29,ID,gen_z,brand_a,0,0,1,3,4,2,4,5,1,1
R01237,2024-04-29,ID,gen_z,brand_a,1,1,1,4,4,2,5,3,1,0
R01238,2024-04-29,ID,gen_z,brand_a,1,1,1,4,3,1,5,4,1,0
R01239,2024-04-29,ID,gen_z,brand_a,1,0,0,5,4,2,5,4,1,0
R01240,2024-04-29,ID,gen_z,brand_a,0,0,0,1,3,2,3,2,0,0
R01241,2024-04-29,ID,gen_z,brand_a,0,1,1,2,5,2,3,3,0,1
R01242,2024-04-29,ID,gen_z,brand_a,1,1,1,4,4,2,3,4,0,0
R01243,2024-04-29,ID,millennial,brand_a,0,0,1,5,2,3,2,3,0,0
R01244,2024-04-29,ID,millennial,brand_a,0,1,0,3,3,2,2,4,1,1
R01245,2024-04-29,ID,millennial,brand_a,0,1,0,4,4,1,4,4,1,0
R01246,2024-04-29,ID,millennial,brand_a,0,1,0,2,3,4,2,2,0,1
R01247,2024-04-29,ID,millennial,brand_a,1,1,1,4,4,2,4,5,1,0
R01248,2024-04-29,ID,millennial,brand_a,0,1,0,2,1,4,2,3,1,1
R01249,2024-04-29,ID,millennial,brand_a,0,0,1,2,4,3,3,1,1,1
R01250,2024-04-29,ID,millennial,brand_a,0,1,1,4,4,3,5,4,1,0
R01251,2024-04-29,ID,millennial,brand_a,0,1,0,2,4,4,1,3,0,0
R01252,2024-04-29,ID,millennial,brand_a,1,0,1,4,4,3,3,3,1,0
R01253,2024-04-29,ID,millennial,brand_a,1,0,1,2,3,4,3,2,1,1
R01254,2024-04-29,ID,millennial,brand_a,1,1,1,3,3,3,2,3,1,0
R01255,2024-04-29,ID,millennial,brand_a,1,0,0,3,3,2,2,3,0,0
R01256,2024-04-29,ID,millennial,brand_a,0,1,0,5,2,3,4,5,1,0
R01257,2024-04-29,ID,millennial,brand_a,0,0,1,4,4,3,4,3,1,1
R01258,2024-04-29,ID,millennial,brand_a,1,0,1,4,3,3,4,4,1,0
R01259,2024-04-29,ID,millennial,brand_a,1,1,0,4,4,3,5,4,1,1
R01260,2024-04-29,ID,millennial,brand_a,0,1,0,1,2,4,2,1,0,0
R01261,2024-04-29,ID,family,brand_a,1,0,0,4,2,2,2,2,1,0
R01262,2024-04-29,ID,family,brand_a,0,0,0,3,3,2,3,4,1,0
R01263,2024-04-29,ID,family,brand_a,0,1,0,4,4,2,5,4,1,0
R01264,2024-04-29,ID,family,brand_a,1,1,0,4,4,2,5,4,1,1
R01265,2024-04-29,ID,family,brand_a,0,1,0,2,3,3,4,2,1,1
R01266,2024-04-29,ID,family,brand_a,0,0,0,1,3,3,3,3,1,1
R01267,2024-04-29,ID,family,brand_a,1,0,1,4,2,3,4,4,1,1
R01268,2024-04-29,ID,family,brand_a,1,1,1,5,4,4,5,5,1,0
R01269,2024-04-29,ID,family,brand_a,0,1,0,3,2,3,2,3,0,1
R01270,2024-04-29,ID,family,brand_a,1,1,1,2,3,3,3,2,0,1
R01271,2024-04-29,ID,family,brand_a,1,1,1,4,4,1,4,5,1,0
R01272,2024-04-29,ID,family,brand_a,0,0,0,2,3,4,4,3,1,1
R01273,2024-04-29,ID,family,brand_a,1,1,1,3,2,4,3,1,0,1
R01274,2024-04-29,ID,family,brand_a,0,0,1,3,2,2,5,5,1,1
R01275,2024-04-29,ID,family,brand_a,0,0,0,1,2,3,4,3,0,1
R01276,2024-04-29,ID,family,brand_a,1,0,1,2,2,2,3,1,1,1
R01277,2024-04-29,ID,family,brand_a,1,0,1,3,3,4,2,4,0,1
R01278,2024-04-29,ID,family,brand_a,1,0,1,3,2,2,2,2,0,0
R01279,2024-04-29,ID,premium_seekers,brand_a,0,0,1,4,4,3,4,3,0,0
R01280,2024-04-29,ID,premium_seekers,brand_a,1,1,0,2,3,4,4,4,0,0
R01281,2024-04-29,ID,premium_seekers,brand_a,1,1,0,4,4,3,5,5,1,0
R01282,2024-04-29,ID,premium_seekers,brand_a,1,1,0,2,2,3,3,4,0,1
R01283,2024-04-29,ID,premium_seekers,brand_a,0,0,0,3,3,4,3,2,1,0
R01284,2024-04-29,ID,premium_seekers,brand_a,1,1,0,3,5,1,4,4,1,0
R01285,2024-04-29,ID,premium_seekers,brand_a,0,1,0,4,4,2,5,3,0,0
R01286,2024-04-29,ID,premium_seekers,brand_a,0,0,1,5,4,2,4,3,1,0
R01287,2024-04-29,ID,premium_seekers,brand_a,0,0,0,2,3,3,3,3,1,1
R01288,2024-04-29,ID,premium_seekers,brand_a,1,1,1,3,4,1,4,4,1,0
R01289,2024-04-29,ID,premium_seekers,brand_a,1,1,0,3,5,3,4,4,0,0
R01290,2024-04-29,ID,premium_seekers,brand_a,0,1,1,3,4,4,2,3,1,1
R01291,2024-04-29,ID,premium_seekers,brand_a,1,0,0,3,3,3,3,5,0,0
R01292,2024-04-29,ID,premium_seekers,brand_a,1,0,1,2,1,2,2,4,0,1
R01293,2024-04-29,ID,premium_seekers,brand_a,1,1,0,5,4,2,4,4,0,0
R01294,2024-04-29,ID,premium_seekers,brand_a,0,0,1,4,4,2,4,4,0,0
R01295,2024-04-29,ID,premium_seekers,brand_a,0,0,1,3,3,3,4,2,1,0
R01296,2024-04-29,ID,premium_seekers,brand_a,1,0,0,3,4,3,3,3,1,1
R01297,2024-05-06,ID,gen_z,brand_a,1,1,0,4,3,2,3,3,0,0
R01298,2024-05-06,ID,gen_z,brand_a,1,1,0,2,3,2,3,4,1,1
R01299,2024-05-06,ID,gen_z,brand_a,0,0,1,5,4,3,4,2,1,0
R01300,2024-05-06,ID,gen_z,brand_a,0,1,1,3,5,1,3,4,1,0
R01301,2024-05-06,ID,gen_z,brand_a,1,1,0,2,2,5,3,4,1,1
R01302,2024-05-06,ID,gen_z,brand_a,1,1,0,3,4,3,3,2,1,0
R01303,2024-05-06,ID,gen_z,brand_a,1,1,1,5,4,2,4,3,0,0
R01304,2024-05-06,ID,gen_z,brand_a,1,0,1,3,2,4,2,2,0,1
R01305,2024-05-06,ID,gen_z,brand_a,1,1,1,3,4,2,3,4,0,0
R01306,2024-05-06,ID,gen_z,brand_a,0,0,0,3,4,4,3,3,1,1
R01307,2024-05-06,ID,gen_z,brand_a,1,0,1,3,4,3,4,3,1,1
R01308,2024-05-06,ID,gen_z,brand_a,1,1,1,3,3,3,3,2,1,0
R01309,2024-05-06,ID,gen_z,brand_a,1,0,1,4,4,1,5,4,1,0
R01310,2024-05-06,ID,gen_z,brand_a,1,1,0,3,5,2,5,4,0,0
R01311,2024-05-06,ID,gen_z,brand_a,1,0,1,5,3,1,5,4,1,0
R01312,2024-05-06,ID,gen_z,brand_a,0,1,0,3,4,3,3,3,0,0
R01313,2024-05-06,ID,gen_z,brand_a,0,1,1,4,5,1,3,4,1,0
R01314,2024-05-06,ID,gen_z,brand_a,0,0,1,4,5,3,5,4,1,1
R01315,2024-05-06,ID,millennial,brand_a,0,0,1,3,4,2,4,4,0,1
R01316,2024-05-06,ID,millennial,brand_a,1,0,0,4,4,3,4,4,0,1
R01317,2024-05-06,ID,millennial,brand_a,0,1,0,4,2,1,1,3,1,0
R01318,2024-05-06,ID,millennial,brand_a,1,1,1,3,3,1,3,3,0,0
R01319,2024-05-06,ID,millennial,brand_a,1,1,0,2,3,4,3,3,1,0
R01320,2024-05-06,ID,millennial,brand_a,1,0,0,4,4,4,2,3,1,0
R01321,2024-05-06,ID,millennial,brand_a,0,1,0,3,4,4,3,4,0,0
R01322,2024-05-06,ID,millennial,brand_a,1,1,1,4,5,2,3,4,1,0
R01323,2024-05-06,ID,millennial,brand_a,1,1,1,3,4,2,4,4,1,0
R01324,2024-05-06,ID,millennial,brand_a,1,1,0,2,2,4,3,5,0,0
R01325,2024-05-06,ID,millennial,brand_a,0,1,1,4,5,2,4,3,1,0
R01326,2024-05-06,ID,millennial,brand_a,1,1,0,4,5,2,4,3,1,0
R01327,2024-05-06,ID,millennial,brand_a,1,1,1,5,5,1,4,5,1,0
R01328,2024-05-06,ID,millennial,brand_a,0,0,0,5,2,3,2,3,1,0
R01329,2024-05-06,ID,millennial,brand_a,1,1,1,4,4,2,4,3,0,0
R01330,2024-05-06,ID,millennial,brand_a,1,0,1,4,5,2,2,5,1,0
R01331,2024-05-06,ID,millennial,brand_a,0,1,1,4,4,2,4,5,1,0
R01332,2024-05-06,ID,millennial,brand_a,0,1,1,2,4,3,3,5,1,0
R01333,2024-05-06,ID,family,brand_a,1,0,0,2,4,4,2,3,0,1
R01334,2024-05-06,ID,family,brand_a,0,1,1,3,5,2,4,3,1,0
R01335,2024-05-06,ID,family,brand_a,0,0,0,1,2,4,1,2,0,1
R01336,2024-05-06,ID,family,brand_a,1,0,1,3,5,2,4,4,0,0
R01337,2024-05-06,ID,family,brand_a,0,1,0,4,4,3,5,4,1,0
R01338,2024-05-06,ID,family,brand_a,1,1,1,2,4,3,3,3,1,0
R01339,2024-05-06,ID,family,brand_a,0,0,1,2,2,4,3,3,1,1
R01340,2024-05-06,ID,family,brand_a,0,1,1,3,3,3,2,3,1,0
R01341,2024-05-06,ID,family,brand_a,0,1,1,3,4,2,3,3,1,1
R01342,2024-05-06,ID,family,brand_a,1,0,1,4,4,2,4,4,1,1
R01343,2024-05-06,ID,family,brand_a,0,0,0,1,2,5,2,3,1,1
R01344,2024-05-06,ID,family,brand_a,1,0,1,4,4,2,2,4,1,0
R01345,2024-05-06,ID,family,brand_a,1,1,0,3,4,3,4,3,0,1
R01346,2024-05-06,ID,family,brand_a,0,1,0,5,5,4,4,3,0,1
R01347,2024-05-06,ID,family,brand_a,1,1,1,4,3,2,5,4,1,0
R01348,2024-05-06,ID,family,brand_a,0,0,1,1,2,5,1,2,0,1
R01349,2024-05-06,ID,family,brand_a,0,1,1,3,3,3,4,3,1,0
R01350,2024-05-06,ID,family,brand_a,0,0,0,4,4,4,2,4,0,1
R01351,2024-05-06,ID,premium_seekers,brand_a,1,1,1,4,4,3,5,3,0,1
R01352,2024-05-06,ID,premium_seekers,brand_a,1,1,1,3,4,2,5,4,1,0
R01353,2024-05-06,ID,premium_seekers,brand_a,1,1,1,4,5,2,5,4,1,0
R01354,2024-05-06,ID,premium_seekers,brand_a,1,0,0,4,3,2,3,3,0,0
R01355,2024-05-06,ID,premium_seekers,brand_a,0,1,1,4,4,3,4,4,1,0
R01356,2024-05-06,ID,premium_seekers,brand_a,1,1,0,2,3,2,4,3,1,0
R01357,2024-05-06,ID,premium_seekers,brand_a,1,0,0,2,3,3,3,2,0,1
R01358,2024-05-06,ID,premium_seekers,brand_a,1,1,1,4,4,2,4,4,1,0
R01359,2024-05-06,ID,premium_seekers,brand_a,1,0,1,4,2,2,2,4,0,0
R01360,2024-05-06,ID,premium_seekers,brand_a,1,1,0,4,4,2,4,4,0,0
R01361,2024-05-06,ID,premium_seekers,brand_a,1,1,0,3,3,1,4,4,1,0
R01362,2024-05-06,ID,premium_seekers,brand_a,0,1,1,3,4,2,5,4,0,1
R01363,2024-05-06,ID,premium_seekers,brand_a,1,0,0,4,4,2,4,4,1,0
R01364,2024-05-06,ID,premium_seekers,brand_a,1,0,0,2,2,3,4,2,1,1
R01365,2024-05-06,ID,premium_seekers,brand_a,0,0,1,3,2,1,3,4,0,0
R01366,2024-05-06,ID,premium_seekers,brand_a,1,1,1,3,4,3,4,4,0,0
R01367,2024-05-06,ID,premium_seekers,brand_a,1,1,1,4,4,2,4,3,0,0
R01368,2024-05-06,ID,premium_seekers,brand_a,0,1,1,3,3,3,4,4,1,1
R01369,2024-05-13,ID,gen_z,brand_a,0,0,1,4,3,2,3,3,1,0
R01370,2024-05-13,ID,gen_z,brand_a,1,0,0,4,2,3,2,4,0,1
R01371,2024-05-13,ID,gen_z,brand_a,0,1,0,4,4,2,4,3,1,1
R01372,2024-05-13,ID,gen_z,brand_a,0,1,1,4,3,2,4,4,1,0
R01373,2024-05-13,ID,gen_z,brand_a,1,0,1,4,4,2,3,2,0,1
R01374,2024-05-13,ID,gen_z,brand_a,0,1,1,4,5,2,4,4,1,1
R01375,2024-05-13,ID,gen_z,brand_a,1,1,1,4,5,3,3,5,1,0
R01376,2024-05-13,ID,gen_z,brand_a,0,1,1,4,4,3,5,5,0,0
R01377,2024-05-13,ID,gen_z,brand_a,0,1,0,4,3,4,4,4,1,0
R01378,2024-05-13,ID,gen_z,brand_a,1,1,0,3,5,2,4,2,1,0
R01379,2024-05-13,ID,gen_z,brand_a,1,1,0,5,5,1,5,2,0,1
R01380,2024-05-13,ID,gen_z,brand_a,1,1,1,4,3,2,4,3,1,0
R01381,2024-05-13,ID,gen_z,brand_a,0,1,1,3,4,4,3,3,1,1
R01382,2024-05-13,ID,gen_z,brand_a,0,0,1,4,3,2,3,5,1,0
R01383,2024-05-13,ID,gen_z,brand_a,1,1,0,4,5,2,4,5,1,0
R01384,2024-05-13,ID,gen_z,brand_a,1,1,1,4,3,2,3,4,1,0
R01385,2024-05-13,ID,gen_z,brand_a,1,1,1,3,3,2,3,4,1,1
R01386,2024-05-13,ID,gen_z,brand_a,1,1,1,4,5,2,5,3,1,1
R01387,2024-05-13,ID,millennial,brand_a,1,1,0,3,2,4,3,2,0,1
R01388,2024-05-13,ID,millennial,brand_a,0,0,1,3,3,3,4,3,1,1
R01389,2024-05-13,ID,millennial,brand_a,0,1,0,5,4,2,4,5,1,0
R01390,2024-05-13,ID,millennial,brand_a,1,0,0,2,2,3,3,2,0,1
R01391,2024-05-13,ID,millennial,brand_a,0,0,1,4,2,2,3,4,0,1
R01392,2024-05-13,ID,millennial,brand_a,1,1,1,4,4,3,5,5,1,0
R01393,2024-05-13,ID,millennial,brand_a,1,1,1,5,3,2,4,4,1,0
R01394,2024-05-13,ID,millennial,brand_a,1,1,0,5,4,2,5,1,1,1
R01395,2024-05-13,ID,millennial,brand_a,0,1,0,2,2,3,4,4,1,1
R01396,2024-05-13,ID,millennial,brand_a,0,0,0,5,4,2,5,5,1,0
R01397,2024-05-13,ID,millennial,brand_a,1,0,1,3,3,3,4,4,0,0
R01398,2024-05-13,ID,millennial,brand_a,0,0,0,2,2,4,2,3,1,1
R01399,2024-05-13,ID,millennial,brand_a,0,0,0,3,3,3,2,2,0,0
R01400,2024-05-13,ID,millennial,brand_a,1,1,1,2,3,3,4,4,1,0
R01401,2024-05-13,ID,millennial,brand_a,1,0,1,2,3,3,3,3,1,1
R01402,2024-05-13,ID,millennial,brand_a,1,1,0,3,5,3,3,2,0,0
R01403,2024-05-13,ID,millennial,brand_a,0,0,1,5,4,2,5,5,1,0
R01404,2024-05-13,ID,millennial,brand_a,0,1,0,2,3,5,2,1,0,1
R01405,2024-05-13,ID,family,brand_a,1,1,1,4,5,1,5,5,1,0
R01406,2024-05-13,ID,family,brand_a,1,1,1,4,4,1,3,4,1,0
R01407,2024-05-13,ID,family,brand_a,1,1,1,5,3,2,4,5,1,1
R01408,2024-05-13,ID,family,brand_a,1,1,1,4,4,2,4,4,1,1
R01409,2024-05-13,ID,family,brand_a,1,1,1,4,1,2,3,2,0,1
R01410,2024-05-13,ID,family,brand_a,1,0,1,4,4,3,4,4,1,0
R01411,2024-05-13,ID,family,brand_a,0,0,1,4,3,1,5,4,0,0
R01412,2024-05-13,ID,family,brand_a,0,1,0,2,4,2,4,3,1,1
R01413,2024-05-13,ID,family,brand_a,1,1,1,2,3,3,4,3,0,1
R01414,2024-05-13,ID,family,brand_a,1,1,0,3,4,2,3,2,1,1
R01415,2024-05-13,ID,family,brand_a,0,1,1,3,3,2,3,3,1,0
R01416,2024-05-13,ID,family,brand_a,1,1,1,4,4,2,4,2,1,0
R01417,2024-05-13,ID,family,brand_a,0,0,1,4,5,2,2,4,0,1
R01418,2024-05-13,ID,family,brand_a,1,0,0,2,2,3,3,2,0,1
R01419,2024-05-13,ID,family,brand_a,1,1,1,4,3,2,5,4,1,0
R01420,2024-05-13,ID,family,brand_a,0,0,1,4,2,2,2,2,0,0
R01421,2024-05-13,ID,family,brand_a,1,1,1,3,5,2,4,3,1,1
R01422,2024-05-13,ID,family,brand_a,0,1,0,4,4,2,4,3,0,0
R01423,2024-05-13,ID,premium_seekers,brand_a,1,1,1,4,4,1,3,4,1,0
R01424,2024-05-13,ID,premium_seekers,brand_a,0,1,1,4,4,2,4,3,0,0
R01425,2024-05-13,ID,premium_seekers,brand_a,1,1,1,3,5,3,4,3,0,0
R01426,2024-05-13,ID,premium_seekers,brand_a,1,1,1,4,2,3,2,2,0,1
R01427,2024-05-13,ID,premium_seekers,brand_a,1,0,1,4,4,2,4,4,1,0
R01428,2024-05-13,ID,premium_seekers,brand_a,1,0,1,3,3,2,2,3,1,1
R01429,2024-05-13,ID,premium_seekers,brand_a,1,0,0,4,3,2,3,3,1,1
R01430,2024-05-13,ID,premium_seekers,brand_a,1,0,1,3,3,2,2,1,0,0
R01431,2024-05-13,ID,premium_seekers,brand_a,0,0,0,3,5,3,3,4,1,0
R01432,2024-05-13,ID,premium_seekers,brand_a,1,0,0,3,2,3,2,2,1,1
R01433,2024-05-13,ID,premium_seekers,brand_a,1,0,0,2,4,3,5,2,0,1
R01434,2024-05-13,ID,premium_seekers,brand_a,1,1,1,3,4,3,3,3,1,0
R01435,2024-05-13,ID,premium_seekers,brand_a,1,0,1,3,1,3,2,2,0,1
R01436,2024-05-13,ID,premium_seekers,brand_a,0,0,0,3,1,3,3,3,1,1
R01437,2024-05-13,ID,premium_seekers,brand_a,1,1,1,5,5,2,4,4,1,0
R01438,2024-05-13,ID,premium_seekers,brand_a,1,0,1,4,3,3,3,5,0,0
R01439,2024-05-13,ID,premium_seekers,brand_a,1,1,0,4,4,2,4,3,1,0
R01440,2024-05-13,ID,premium_seekers,brand_a,0,1,1,4,2,2,4,4,1,1
R01441,2024-05-20,ID,gen_z,brand_a,1,1,1,4,4,2,4,2,0,0
R01442,2024-05-20,ID,gen_z,brand_a,0,0,1,3,3,3,4,2,1,0
R01443,2024-05-20,ID,gen_z,brand_a,1,1,1,3,4,3,2,3,1,1
R01444,2024-05-20,ID,gen_z,brand_a,1,1,1,5,5,2,4,5,1,0
R01445,2024-05-20,ID,gen_z,brand_a,1,1,0,4,4,3,4,2,0,1
R01446,2024-05-20,ID,gen_z,brand_a,1,1,1,4,3,2,3,3,1,1
R01447,2024-05-20,ID,gen_z,brand_a,0,0,0,4,2,2,3,4,0,1
R01448,2024-05-20,ID,gen_z,brand_a,1,1,1,2,3,4,3,3,1,1
R01449,2024-05-20,ID,gen_z,brand_a,1,1,1,3,3,2,1,5,0,0
R01450,2024-05-20,ID,gen_z,brand_a,0,0,0,3,3,3,4,2,1,1
R01451,2024-05-20,ID,gen_z,brand_a,1,1,1,4,4,2,5,3,0,0
R01452,2024-05-20,ID,gen_z,brand_a,1,1,1,5,4,1,5,4,0,0
R01453,2024-05-20,ID,gen_z,brand_a,1,1,0,4,5,3,4,4,1,1
R01454,2024-05-20,ID,gen_z,brand_a,1,1,1,3,4,1,5,3,1,0
R01455,2024-05-20,ID,gen_z,brand_a,0,1,0,3,4,3,3,3,1,0
R01456,2024-05-20,ID,gen_z,brand_a,0,0,0,2,3,1,3,2,0,0
R01457,2024-05-20,ID,gen_z,brand_a,1,1,1,3,4,3,3,4,0,0
R01458,2024-05-20,ID,gen_z,brand_a,1,0,0,4,2,2,4,3,1,0
R01459,2024-05-20,ID,millennial,brand_a,0,1,0,3,3,4,3,2,0,0
R01460,2024-05-20,ID,millennial,brand_a,1,1,1,4,5,2,3,5,1,1
R01461,2024-05-20,ID,millennial,brand_a,1,1,1,5,4,2,4,4,1,0
R01462,2024-05-20,ID,millennial,brand_a,1,1,1,5,4,1,5,4,1,1
R01463,2024-05-20,ID,millennial,brand_a,0,1,1,3,3,3,3,3,0,1
R01464,2024-05-20,ID,millennial,brand_a,1,1,1,4,5,1,5,4,1,0
R01465,2024-05-20,ID,millennial,brand_a,0,1,0,2,4,4,3,4,0,1
R01466,2024-05-20,ID,millennial,brand_a,1,1,0,3,4,2,5,2,1,0
R01467,2024-05-20,ID,millennial,brand_a,1,0,1,3,3,2,5,5,0,0
R01468,2024-05-20,ID,millennial,brand_a,0,0,0,1,1,4,2,1,1,1
R01469,2024-05-20,ID,millennial,brand_a,1,1,0,3,3,2,4,4,1,1
R01470,2024-05-20,ID,millennial,brand_a,0,1,0,4,3,3,4,2,1,1
R01471,2024-05-20,ID,millennial,brand_a,1,0,1,2,3,3,3,3,1,1
R01472,2024-05-20,ID,millennial,brand_a,0,0,1,4,3,3,5,3,1,0
R01473,2024-05-20,ID,millennial,brand_a,1,1,1,4,3,2,4,4,0,1
R01474,2024-05-20,ID,millennial,brand_a,1,1,1,3,3,2,4,5,1,0
R01475,2024-05-20,ID,millennial,brand_a,1,0,0,3,4,3,2,3,0,0
R01476,2024-05-20,ID,millennial,brand_a,0,1,1,5,5,2,5,5,1,0
R01477,2024-05-20,ID,family,brand_a,1,1,1,5,4,2,4,5,1,0
R01478,2024-05-20,ID,family,brand_a,0,1,1,3,3,1,4,2,1,0
R01479,2024-05-20,ID,family,brand_a,0,0,1,3,1,3,2,2,1,1
R01480,2024-05-20,ID,family,brand_a,1,0,0,3,3,3,2,2,0,1
R01481,2024-05-20,ID,family,brand_a,0,1,0,2,4,3,4,2,1,1
R01482,2024-05-20,ID,family,brand_a,1,0,1,3,4,2,3,4,0,0
R01483,2024-05-20,ID,family,brand_a,0,1,0,4,3,3,3,4,1,1
R01484,2024-05-20,ID,family,brand_a,1,1,0,3,4,4,4,5,1,0
R01485,2024-05-20,ID,family,brand_a,0,1,0,3,2,4,3,3,0,0
R01486,2024-05-20,ID,family,brand_a,0,0,0,4,4,3,3,3,1,0
R01487,2024-05-20,ID,family,brand_a,0,0,0,3,1,3,3,3,0,0
R01488,2024-05-20,ID,family,brand_a,0,0,1,2,1,3,3,2,0,1
R01489,2024-05-20,ID,family,brand_a,0,0,0,4,2,4,1,3,1,1
R01490,2024-05-20,ID,family,brand_a,1,0,0,3,4,2,4,3,1,0
R01491,2024-05-20,ID,family,brand_a,0,1,0,4,3,3,4,3,0,1
R01492,2024-05-20,ID,family,brand_a,0,1,1,4,3,3,4,4,1,0
R01493,2024-05-20,ID,family,brand_a,0,1,1,3,3,4,4,4,0,1
R01494,2024-05-20,ID,family,brand_a,1,1,0,4,4,2,3,3,0,1
R01495,2024-05-20,ID,premium_seekers,brand_a,0,1,0,4,4,4,4,3,0,0
R01496,2024-05-20,ID,premium_seekers,brand_a,1,0,1,4,3,1,4,4,1,0
R01497,2024-05-20,ID,premium_seekers,brand_a,0,1,0,3,4,3,4,4,0,0
R01498,2024-05-20,ID,premium_seekers,brand_a,1,0,1,3,5,2,5,3,0,0
R01499,2024-05-20,ID,premium_seekers,brand_a,1,0,0,4,3,1,4,3,1,0
R01500,2024-05-20,ID,premium_seekers,brand_a,0,0,1,2,2,3,2,2,0,1
R01501,2024-05-20,ID,premium_seekers,brand_a,1,0,1,1,3,5,3,1,1,1
R01502,2024-05-20,ID,premium_seekers,brand_a,1,0,1,5,3,1,3,4,1,0
R01503,2024-05-20,ID,premium_seekers,brand_a,0,1,1,4,2,2,4,5,1,1
R01504,2024-05-20,ID,premium_seekers,brand_a,1,1,1,3,2,5,3,4,0,1
R01505,2024-05-20,ID,premium_seekers,brand_a,1,1,1,4,4,1,5,4,1,0
R01506,2024-05-20,ID,premium_seekers,brand_a,1,1,1,3,4,3,5,3,1,1
R01507,2024-05-20,ID,premium_seekers,brand_a,0,0,1,3,4,1,5,5,1,0
R01508,2024-05-20,ID,premium_seekers,brand_a,0,1,1,4,5,2,5,4,1,0
R01509,2024-05-20,ID,premium_seekers,brand_a,1,1,1,5,4,2,4,4,1,0
R01510,2024-05-20,ID,premium_seekers,brand_a,0,0,0,2,3,4,2,2,1,0
R01511,2024-05-20,ID,premium_seekers,brand_a,1,1,1,2,2,3,3,2,0,1
R01512,2024-05-20,ID,premium_seekers,brand_a,0,0,1,3,4,3,4,5,1,0
R01513,2024-05-27,ID,gen_z,brand_a,1,0,1,2,4,2,3,3,0,0
R01514,2024-05-27,ID,gen_z,brand_a,1,1,1,5,4,2,3,3,1,0
R01515,2024-05-27,ID,gen_z,brand_a,1,1,1,4,4,2,5,4,0,1
R01516,2024-05-27,ID,gen_z,brand_a,0,1,0,2,3,2,4,3,1,0
R01517,2024-05-27,ID,gen_z,brand_a,0,0,1,4,4,2,3,3,0,0
R01518,2024-05-27,ID,gen_z,brand_a,1,1,0,4,3,3,4,3,1,0
R01519,2024-05-27,ID,gen_z,brand_a,1,0,1,4,4,3,4,3,1,0
R01520,2024-05-27,ID,gen_z,brand_a,1,1,1,5,4,2,5,5,1,0
R01521,2024-05-27,ID,gen_z,brand_a,1,1,0,2,4,3,3,4,0,0
R01522,2024-05-27,ID,gen_z,brand_a,1,1,1,4,4,3,4,4,0,1
R01523,2024-05-27,ID,gen_z,brand_a,1,0,0,3,4,3,3,2,0,0
R01524,2024-05-27,ID,gen_z,brand_a,1,0,0,2,4,4,3,3,1,0
R01525,2024-05-27,ID,gen_z,brand_a,1,1,0,4,5,3,3,3,0,0
R01526,2024-05-27,ID,gen_z,brand_a,1,0,1,4,3,3,2,2,0,0
R01527,2024-05-27,ID,gen_z,brand_a,1,1,1,5,3,2,4,5,1,0
R01528,2024-05-27,ID,gen_z,brand_a,1,1,1,4,2,2,4,3,1,0
R01529,2024-05-27,ID,gen_z,brand_a,1,0,1,2,2,3,3,3,0,0
R01530,2024-05-27,ID,gen_z,brand_a,0,1,0,4,3,3,4,3,1,1
R01531,2024-05-27,ID,millennial,brand_a,0,0,0,3,4,3,4,4,1,0
R01532,2024-05-27,ID,millennial,brand_a,1,1,1,3,4,3,3,3,0,1
R01533,2024-05-27,ID,millennial,brand_a,1,0,1,3,2,2,3,4,0,1
R01534,2024-05-27,ID,millennial,brand_a,1,1,1,3,3,2,3,4,1,0
R01535,2024-05-27,ID,millennial,brand_a,1,0,1,4,4,4,4,4,0,0
R01536,2024-05-27,ID,millennial,brand_a,0,0,1,3,4,1,5,3,1,1
R01537,2024-05-27,ID,millennial,brand_a,0,0,0,4,4,3,4,3,1,1
R01538,2024-05-27,ID,millennial,brand_a,0,1,0,4,4,2,3,5,1,1
R01539,2024-05-27,ID,millennial,brand_a,1,1,1,5,4,2,5,5,1,0
R01540,2024-05-27,ID,millennial,brand_a,1,1,1,1,3,3,2,3,1,1
R01541,2024-05-27,ID,millennial,brand_a,1,0,1,4,5,3,3,4,1,1
R01542,2024-05-27,ID,millennial,brand_a,1,1,1,3,4,1,4,4,1,0
R01543,2024-05-27,ID,millennial,brand_a,0,0,1,3,3,3,2,3,1,0
R01544,2024-05-27,ID,millennial,brand_a,1,0,1,4,4,2,3,3,1,0
R01545,2024-05-27,ID,millennial,brand_a,1,1,0,5,4,3,5,3,0,0
R01546,2024-05-27,ID,millennial,brand_a,1,0,1,3,4,4,4,2,0,1
R01547,2024-05-27,ID,millennial,brand_a,1,1,0,2,4,2,2,3,0,1
R01548,2024-05-27,ID,millennial,brand_a,0,0,0,2,2,4,4,2,0,1
R01549,2024-05-27,ID,family,brand_a,1,1,1,4,2,1,2,3,0,0
R01550,2024-05-27,ID,family,brand_a,1,0,1,4,5,3,4,4,1,0
R01551,2024-05-27,ID,family,brand_a,0,0,1,2,4,3,3,3,1,1
R01552,2024-05-27,ID,family,brand_a,0,1,1,5,5,1,5,5,1,1
R01553,2024-05-27,ID,family,brand_a,1,0,0,4,2,3,3,3,1,0
R01554,2024-05-27,ID,family,brand_a,1,0,0,3,3,3,4,3,0,0
R01555,2024-05-27,ID,family,brand_a,1,0,1,4,4,3,4,2,1,0
R01556,2024-05-27,ID,family,brand_a,1,1,0,4,5,2,4,3,1,1
R01557,2024-05-27,ID,family,brand_a,1,0,0,3,2,4,3,4,1,1
R01558,2024-05-27,ID,family,brand_a,1,0,0,2,2,4,2,2,0,1
R01559,2024-05-27,ID,family,brand_a,0,0,0,3,2,2,3,2,1,1
R01560,2024-05-27,ID,family,brand_a,1,0,1,4,4,2,4,4,1,0
R01561,2024-05-27,ID,family,brand_a,0,1,0,4,4,3,5,3,1,1
R01562,2024-05-27,ID,family,brand_a,1,1,1,3,2,2,4,3,1,1
R01563,2024-05-27,ID,family,brand_a,0,1,1,3,3,4,3,2,1,1
R01564,2024-05-27,ID,family,brand_a,1,0,1,1,4,3,2,2,0,1
R01565,2024-05-27,ID,family,brand_a,0,1,1,2,3,2,4,4,1,1
R01566,2024-05-27,ID,family,brand_a,1,0,1,5,5,2,3,4,1,0
R01567,2024-05-27,ID,premium_seekers,brand_a,1,0,1,3,4,3,3,2,0,0
R01568,2024-05-27,ID,premium_seekers,brand_a,1,1,0,4,4,2,4,4,1,1
R01569,2024-05-27,ID,premium_seekers,brand_a,0,1,1,2,5,1,3,3,1,0
R01570,2024-05-27,ID,premium_seekers,brand_a,0,1,1,4,5,3,4,3,1,0
R01571,2024-05-27,ID,premium_seekers,brand_a,0,1,1,4,4,1,4,5,1,1
R01572,2024-05-27,ID,premium_seekers,brand_a,1,1,1,4,4,3,4,3,1,0
R01573,2024-05-27,ID,premium_seekers,brand_a,1,0,1,3,4,2,5,3,1,0
R01574,2024-05-27,ID,premium_seekers,brand_a,1,1,0,2,5,2,4,3,1,1
R01575,2024-05-27,ID,premium_seekers,brand_a,1,1,1,3,4,2,4,4,0,1
R01576,2024-05-27,ID,premium_seekers,brand_a,1,0,0,3,2,3,3,3,1,1
R01577,2024-05-27,ID,premium_seekers,brand_a,1,1,1,2,2,3,2,4,0,1
R01578,2024-05-27,ID,premium_seekers,brand_a,1,1,1,4,4,2,5,4,0,0
R01579,2024-05-27,ID,premium_seekers,brand_a,1,1,1,4,3,5,3,2,0,1
R01580,2024-05-27,ID,premium_seekers,brand_a,0,1,1,5,4,1,5,5,1,0
R01581,2024-05-27,ID,premium_seekers,brand_a,0,0,0,2,1,4,2,2,1,0
R01582,2024-05-27,ID,premium_seekers,brand_a,0,0,0,2,4,4,2,3,1,1
R01583,2024-05-27,ID,premium_seekers,brand_a,0,1,1,5,5,2,4,5,1,0
R01584,2024-05-27,ID,premium_seekers,brand_a,0,0,0,3,2,3,4,4,1,1
R01585,2024-06-03,ID,gen_z,brand_a,0,1,1,3,4,3,3,4,0,1
R01586,2024-06-03,ID,gen_z,brand_a,0,0,0,2,3,3,3,3,0,1
R01587,2024-06-03,ID,gen_z,brand_a,0,0,0,1,2,4,1,1,0,1
R01588,2024-06-03,ID,gen_z,brand_a,1,1,0,4,4,3,4,5,0,1
R01589,2024-06-03,ID,gen_z,brand_a,1,0,0,5,3,3,5,4,1,1
R01590,2024-06-03,ID,gen_z,brand_a,1,1,0,4,5,3,4,4,1,0
R01591,2024-06-03,ID,gen_z,brand_a,0,1,0,4,3,3,3,2,0,1
R01592,2024-06-03,ID,gen_z,brand_a,1,1,1,5,5,2,4,5,1,0
R01593,2024-06-03,ID,gen_z,brand_a,0,1,1,4,4,2,4,4,1,0
R01594,2024-06-03,ID,gen_z,brand_a,1,0,1,4,5,3,3,3,1,0
R01595,2024-06-03,ID,gen_z,brand_a,1,1,1,4,4,1,4,4,1,1
R01596,2024-06-03,ID,gen_z,brand_a,0,0,0,3,3,4,2,3,0,0
R01597,2024-06-03,ID,gen_z,brand_a,1,1,1,2,3,2,4,4,1,1
R01598,2024-06-03,ID,gen_z,brand_a,1,1,1,4,4,1,4,4,0,1
R01599,2024-06-03,ID,gen_z,brand_a,1,1,1,2,3,3,3,4,1,0
R01600,2024-06-03,ID,gen_z,brand_a,1,0,0,4,4,2,5,5,1,0
R01601,2024-06-03,ID,gen_z,brand_a,1,1,1,4,5,2,4,5,1,0
R01602,2024-06-03,ID,gen_z,brand_a,1,0,0,4,2,2,3,4,1,1
R01603,2024-06-03,ID,millennial,brand_a,1,1,1,4,4,3,3,4,1,0
R01604,2024-06-03,ID,millennial,brand_a,0,1,0,4,3,3,2,2,1,1
R01605,2024-06-03,ID,millennial,brand_a,1,1,1,4,3,4,3,4,0,1
R01606,2024-06-03,ID,millennial,brand_a,1,1,0,3,3,2,3,3,1,0
R01607,2024-06-03,ID,millennial,brand_a,1,1,0,4,2,2,3,3,0,1
R01608,2024-06-03,ID,millennial,brand_a,0,1,1,4,3,2,5,4,0,1
R01609,2024-06-03,ID,millennial,brand_a,0,1,0,5,4,2,3,5,1,1
R01610,2024-06-03,ID,millennial,brand_a,1,1,1,4,4,2,5,3,1,0
R01611,2024-06-03,ID,millennial,brand_a,1,1,0,2,3,3,3,2,0,0
R01612,2024-06-03,ID,millennial,brand_a,1,0,0,3,2,4,2,2,1,1
R01613,2024-06-03,ID,millennial,brand_a,0,1,1,4,5,2,5,4,1,0
R01614,2024-06-03,ID,millennial,brand_a,0,0,0,4,4,3,3,5,0,0
R01615,2024-06-03,ID,millennial,brand_a,1,0,0,3,4,3,4,2,0,1
R01616,2024-06-03,ID,millennial,brand_a,1,1,1,3,5,2,3,5,1,0
R01617,2024-06-03,ID,millennial,brand_a,1,1,1,4,4,1,3,4,1,0
R01618,2024-06-03,ID,millennial,brand_a,1,0,0,2,5,1,3,2,1,1
R01619,2024-06-03,ID,millennial,brand_a,0,1,1,3,3,3,4,4,0,1
R01620,2024-06-03,ID,millennial,brand_a,1,0,0,4,4,3,3,3,0,1
R01621,2024-06-03,ID,family,brand_a,1,0,0,3,2,3,2,3,1,1
R01622,2024-06-03,ID,family,brand_a,0,1,0,3,4,4,3,3,0,1
R01623,2024-06-03,ID,family,brand_a,1,1,0,3,5,1,3,4,1,1
R01624,2024-06-03,ID,family,brand_a,1,0,1,3,3,4,2,3,1,1
R01625,2024-06-03,ID,family,brand_a,0,0,0,2,3,3,1,2,1,1
R01626,2024-06-03,ID,family,brand_a,1,1,1,4,2,3,4,4,1,0
R01627,2024-06-03,ID,family,brand_a,1,1,1,2,3,3,3,3,0,0
R01628,2024-06-03,ID,family,brand_a,0,0,0,3,3,3,3,3,0,1
R01629,2024-06-03,ID,family,brand_a,1,0,1,5,4,2,4,4,1,0
R01630,2024-06-03,ID,family,brand_a,1,1,0,2,1,3,2,4,1,0
R01631,2024-06-03,ID,family,brand_a,1,1,1,3,5,3,3,5,1,0
R01632,2024-06-03,ID,family,brand_a,1,1,1,3,4,1,4,5,1,0
R01633,2024-06-03,ID,family,brand_a,0,1,0,4,2,2,4,3,1,1
R01634,2024-06-03,ID,family,brand_a,1,1,1,5,4,2,4,5,1,1
R01635,2024-06-03,ID,family,brand_a,0,1,0,4,2,4,3,3,0,1
R01636,2024-06-03,ID,family,brand_a,1,1,1,4,4,2,3,4,1,0
R01637,2024-06-03,ID,family,brand_a,1,0,0,3,3,3,4,4,0,1
R01638,2024-06-03,ID,family,brand_a,1,0,1,3,4,3,4,3,0,1
R01639,2024-06-03,ID,premium_seekers,brand_a,1,1,1,4,4,2,4,4,1,1
R01640,2024-06-03,ID,premium_seekers,brand_a,1,1,1,4,4,2,4,3,0,0
R01641,2024-06-03,ID,premium_seekers,brand_a,1,1,1,3,4,3,5,4,0,0
R01642,2024-06-03,ID,premium_seekers,brand_a,1,1,0,5,2,2,4,4,1,0
R01643,2024-06-03,ID,premium_seekers,brand_a,1,1,1,5,5,1,4,4,1,0
R01644,2024-06-03,ID,premium_seekers,brand_a,1,1,1,4,3,3,5,4,1,0
R01645,2024-06-03,ID,premium_seekers,brand_a,1,1,1,2,3,3,2,3,0,1
R01646,2024-06-03,ID,premium_seekers,brand_a,1,0,1,2,3,2,2,3,0,0
R01647,2024-06-03,ID,premium_seekers,brand_a,0,1,0,3,3,3,3,2,0,1
R01648,2024-06-03,ID,premium_seekers,brand_a,1,1,1,5,5,1,4,4,1,0
R01649,2024-06-03,ID,premium_seekers,brand_a,1,1,1,5,5,3,4,5,1,0
R01650,2024-06-03,ID,premium_seekers,brand_a,1,0,1,2,3,2,4,3,0,0
R01651,2024-06-03,ID,premium_seekers,brand_a,1,1,1,5,5,3,4,4,1,0
R01652,2024-06-03,ID,premium_seekers,brand_a,1,1,0,4,4,2,4,4,0,0
R01653,2024-06-03,ID,premium_seekers,brand_a,0,0,1,4,3,2,3,5,1,0
R01654,2024-06-03,ID,premium_seekers,brand_a,0,0,0,3,2,3,4,2,1,1
R01655,2024-06-03,ID,premium_seekers,brand_a,1,1,0,5,4,2,5,5,1,1
R01656,2024-06-03,ID,premium_seekers,brand_a,1,1,1,5,2,2,3,4,1,1
R01657,2024-06-10,ID,gen_z,brand_a,0,1,1,2,3,2,2,2,1,0
R01658,2024-06-10,ID,gen_z,brand_a,1,1,1,3,4,3,4,2,0,0
R01659,2024-06-10,ID,gen_z,brand_a,1,0,0,4,5,1,3,4,0,0
R01660,2024-06-10,ID,gen_z,brand_a,1,1,1,5,5,2,4,3,0,1
R01661,2024-06-10,ID,gen_z,brand_a,1,1,1,5,3,3,4,5,0,1
R01662,2024-06-10,ID,gen_z,brand_a,1,1,1,4,4,2,3,3,0,0
R01663,2024-06-10,ID,gen_z,brand_a,1,1,1,4,4,2,3,5,0,0
R01664,2024-06-10,ID,gen_z,brand_a,1,0,1,2,2,3,2,3,1,0
R01665,2024-06-10,ID,gen_z,brand_a,0,1,1,5,3,2,4,2,0,0
R01666,2024-06-10,ID,gen_z,brand_a,1,0,1,4,4,3,4,4,1,0
R01667,2024-06-10,ID,gen_z,brand_a,0,1,1,3,4,2,4,3,0,1
R01668,2024-06-10,ID,gen_z,brand_a,1,1,1,5,4,2,3,4,1,1
R01669,2024-06-10,ID,gen_z,brand_a,1,0,0,4,4,2,4,3,1,0
R01670,2024-06-10,ID,gen_z,brand_a,1,1,0,4,5,2,3,4,0,0
R01671,2024-06-10,ID,gen_z,brand_a,1,1,1,4,4,2,5,3,1,0
R01672,2024-06-10,ID,gen_z,brand_a,1,1,1,3,4,2,3,4,1,0
R01673,2024-06-10,ID,gen_z,brand_a,1,1,1,4,3,2,3,3,0,0
R01674,2024-06-10,ID,gen_z,brand_a,0,0,1,1,2,3,2,4,0,0
R01675,2024-06-10,ID,millennial,brand_a,1,1,0,4,5,3,4,3,0,0
R01676,2024-06-10,ID,millennial,brand_a,0,1,1,3,2,2,5,3,1,0
R01677,2024-06-10,ID,millennial,brand_a,1,1,0,4,3,3,3,4,1,0
R01678,2024-06-10,ID,millennial,brand_a,1,1,1,4,5,2,3,4,1,0
R01679,2024-06-10,ID,millennial,brand_a,1,1,0,4,2,2,4,4,0,0
R01680,2024-06-10,ID,millennial,brand_a,0,1,1,5,5,2,4,3,0,1
R01681,2024-06-10,ID,millennial,brand_a,1,0,1,3,4,2,4,1,1,0
R01682,2024-06-10,ID,millennial,brand_a,1,1,1,3,4,1,4,4,1,1
R01683,2024-06-10,ID,millennial,brand_a,1,1,0,4,4,2,4,3,0,0
R01684,2024-06-10,ID,millennial,brand_a,1,1,1,5,5,2,5,4,1,0
R01685,2024-06-10,ID,millennial,brand_a,1,1,1,3,2,2,4,4,1,1
R01686,2024-06-10,ID,millennial,brand_a,0,1,0,4,4,1,4,4,0,1
R01687,2024-06-10,ID,millennial,brand_a,1,1,1,3,5,2,3,3,1,0
R01688,2024-06-10,ID,millennial,brand_a,1,0,0,4,4,4,4,4,1,1
R01689,2024-06-10,ID,millennial,brand_a,1,1,0,2,3,2,3,4,1,0
R01690,2024-06-10,ID,millennial,brand_a,1,0,1,4,4,2,4,4,1,1
R01691,2024-06-10,ID,millennial,brand_a,1,0,0,4,4,3,4,3,1,0
R01692,2024-06-10,ID,millennial,brand_a,1,1,1,5,3,3,4,3,1,0
R01693,2024-06-10,ID,family,brand_a,0,1,0,5,3,2,5,3,0,1
R01694,2024-06-10,ID,family,brand_a,1,1,0,3,2,3,3,2,1,0
R01695,2024-06-10,ID,family,brand_a,0,1,1,4,4,2,3,4,0,0
R01696,2024-06-10,ID,family,brand_a,1,1,0,3,4,2,4,4,1,0
R01697,2024-06-10,ID,family,brand_a,0,1,1,2,2,3,4,2,1,0
R01698,2024-06-10,ID,family,brand_a,1,0,1,3,4,3,3,3,1,0
R01699,2024-06-10,ID,family,brand_a,1,1,0,3,5,2,5,3,1,0
R01700,2024-06-10,ID,family,brand_a,1,1,1,5,5,3,3,4,0,0
R01701,2024-06-10,ID,family,brand_a,0,1,1,4,5,2,4,4,0,0
R01702,2024-06-10,ID,family,brand_a,0,1,0,5,4,2,4,2,0,0
R01703,2024-06-10,ID,family,brand_a,1,1,1,3,4,3,2,4,1,0
R01704,2024-06-10,ID,family,brand_a,1,0,0,2,3,4,2,2,0,0
R01705,2024-06-10,ID,family,brand_a,0,0,1,5,4,1,3,4,1,0
R01706,2024-06-10,ID,family,brand_a,0,1,1,3,3,1,4,3,1,0
R01707,2024-06-10,ID,family,brand_a,0,0,0,4,1,3,3,4,0,0
R01708,2024-06-10,ID,family,brand_a,1,1,0,4,3,2,2,3,1,0
R01709,2024-06-10,ID,family,brand_a,1,1,1,3,2,2,5,3,1,0
R01710,2024-06-10,ID,family,brand_a,1,1,1,4,4,4,2,3,0,0
R01711,2024-06-10,ID,premium_seekers,brand_a,0,0,1,3,4,4,3,5,1,0
R01712,2024-06-10,ID,premium_seekers,brand_a,0,0,0,3,5,4,3,3,1,0
R01713,2024-06-10,ID,premium_seekers,brand_a,0,0,0,2,1,4,3,2,0,1
R01714,2024-06-10,ID,premium_seekers,brand_a,1,1,1,3,2,3,3,3,1,0
R01715,2024-06-10,ID,premium_seekers,brand_a,0,1,1,4,4,2,4,5,1,0
R01716,2024-06-10,ID,premium_seekers,brand_a,1,0,1,2,3,4,3,3,0,0
R01717,2024-06-10,ID,premium_seekers,brand_a,0,1,0,3,3,4,3,3,0,1
R01718,2024-06-10,ID,premium_seekers,brand_a,1,1,0,5,4,1,5,4,0,1
R01719,2024-06-10,ID,premium_seekers,brand_a,0,1,1,4,4,3,2,4,1,0
R01720,2024-06-10,ID,premium_seekers,brand_a,1,1,0,1,3,2,4,3,1,1
R01721,2024-06-10,ID,premium_seekers,brand_a,1,1,1,4,4,4,4,4,0,0
R01722,2024-06-10,ID,premium_seekers,brand_a,0,1,1,4,4,1,5,3,1,0
R01723,2024-06-10,ID,premium_seekers,brand_a,1,1,1,4,4,3,4,4,0,0
R01724,2024-06-10,ID,premium_seekers,brand_a,1,1,0,4,4,3,3,5,0,0
R01725,2024-06-10,ID,premium_seekers,brand_a,1,1,1,5,5,1,5,4,1,0
R01726,2024-06-10,ID,premium_seekers,brand_a,0,1,0,4,4,2,4,3,1,1
R01727,2024-06-10,ID,premium_seekers,brand_a,1,1,0,4,3,2,4,3,1,0
R01728,2024-06-10,ID,premium_seekers,brand_a,1,0,1,5,5,1,4,4,1,0
R01729,2024-06-17,ID,gen_z,brand_a,1,1,1,5,4,1,5,4,1,0
R01730,2024-06-17,ID,gen_z,brand_a,0,1,0,4,4,3,4,3,1,0
R01731,2024-06-17,ID,gen_z,brand_a,1,1,0,3,4,3,2,3,0,1
R01732,2024-06-17,ID,gen_z,brand_a,1,0,1,4,3,2,3,3,0,0
R01733,2024-06-17,ID,gen_z,brand_a,0,1,1,3,3,3,2,2,0,1
R01734,2024-06-17,ID,gen_z,brand_a,0,1,1,3,4,2,2,4,1,1
R01735,2024-06-17,ID,gen_z,brand_a,1,1,1,3,4,3,4,3,0,0
R01736,2024-06-17,ID,gen_z,brand_a,1,1,1,4,4,3,4,2,1,0
R01737,2024-06-17,ID,gen_z,brand_a,1,0,1,4,4,2,3,5,1,1
R01738,2024-06-17,ID,gen_z,brand_a,0,1,0,4,4,3,4,3,0,1
R01739,2024-06-17,ID,gen_z,brand_a,0,0,0,2,4,4,3,2,0,1
R01740,2024-06-17,ID,gen_z,brand_a,1,1,0,5,2,2,4,3,0,0
R01741,2024-06-17,ID,gen_z,brand_a,0,1,1,4,4,1,4,4,1,0
R01742,2024-06-17,ID,gen_z,brand_a,0,1,1,3,4,2,5,4,0,0
R01743,2024-06-17,ID,gen_z,brand_a,1,1,1,2,3,1,4,2,0,0
R01744,2024-06-17,ID,gen_z,brand_a,1,0,1,4,5,2,5,3,1,1
R01745,2024-06-17,ID,gen_z,brand_a,1,1,0,3,4,2,3,3,0,0
R01746,2024-06-17,ID,gen_z,brand_a,1,1,1,4,3,1,4,4,1,0
R01747,2024-06-17,ID,millennial,brand_a,1,1,0,4,4,2,5,3,1,0
R01748,2024-06-17,ID,millennial,brand_a,1,1,0,3,4,3,4,4,1,0
R01749,2024-06-17,ID,millennial,brand_a,1,1,1,3,2,2,3,3,1,1
R01750,2024-06-17,ID,millennial,brand_a,1,0,1,4,5,3,5,4,1,1
R01751,2024-06-17,ID,millennial,brand_a,0,0,0,3,2,4,4,2,0,1
R01752,2024-06-17,ID,millennial,brand_a,1,1,1,4,3,2,4,3,1,0
R01753,2024-06-17,ID,millennial,brand_a,1,1,1,5,4,2,4,4,1,0
R01754,2024-06-17,ID,millennial,brand_a,0,0,0,3,4,2,3,2,1,1
R01755,2024-06-17,ID,millennial,brand_a,1,0,1,4,3,2,3,5,1,0
R01756,2024-06-17,ID,millennial,brand_a,1,1,1,4,4,3,4,3,1,0
R01757,2024-06-17,ID,millennial,brand_a,0,1,1,5,5,3,5,4,1,0
R01758,2024-06-17,ID,millennial,brand_a,1,0,0,3,3,4,2,3,0,0
R01759,2024-06-17,ID,millennial,brand_a,1,1,1,4,5,2,5,4,1,0
R01760,2024-06-17,ID,millennial,brand_a,1,1,1,3,3,2,4,4,0,1
R01761,2024-06-17,ID,millennial,brand_a,0,0,1,4,3,4,3,3,1,1
R01762,2024-06-17,ID,millennial,brand_a,1,0,1,4,5,2,5,4,1,0
R01763,2024-06-17,ID,millennial,brand_a,0,1,1,4,4,1,4,4,1,0
R01764,2024-06-17,ID,millennial,brand_a,1,0,1,3,4,4,4,2,0,0
R01765,2024-06-17,ID,family,brand_a,1,1,1,4,3,3,3,3,1,1
R01766,2024-06-17,ID,family,brand_a,0,0,1,1,3,3,4,3,0,1
R01767,2024-06-17,ID,family,brand_a,0,0,1,4,4,3,3,4,1,0
R01768,2024-06-17,ID,family,brand_a,1,0,1,3,5,3,4,3,0,0
R01769,2024-06-17,ID,family,brand_a,0,0,0,4,4,2,4,4,1,1
R01770,2024-06-17,ID,family,brand_a,0,1,0,5,5,2,3,4,1,0
R01771,2024-06-17,ID,family,brand_a,0,1,1,4,4,2,3,4,1,1
R01772,2024-06-17,ID,family,brand_a,0,1,1,5,4,2,4,3,1,0
R01773,2024-06-17,ID,family,brand_a,0,1,1,5,4,1,5,4,0,0
R01774,2024-06-17,ID,family,brand_a,1,1,1,5,5,1,4,4,1,0
R01775,2024-06-17,ID,family,brand_a,0,1,1,4,3,4,3,3,1,0
R01776,2024-06-17,ID,family,brand_a,1,0,1,5,5,1,5,5,1,1
R01777,2024-06-17,ID,family,brand_a,0,1,0,5,3,3,3,3,0,1
R01778,2024-06-17,ID,family,brand_a,1,1,1,3,5,2,4,4,0,0
R01779,2024-06-17,ID,family,brand_a,1,1,1,4,5,1,4,5,1,0
R01780,2024-06-17,ID,family,brand_a,0,0,1,4,4,3,3,2,0,1
R01781,2024-06-17,ID,family,brand_a,1,0,0,3,3,3,1,2,1,0
R01782,2024-06-17,ID,family,brand_a,1,1,1,2,3,3,2,3,0,1
R01783,2024-06-17,ID,premium_seekers,brand_a,1,1,1,2,4,2,4,3,1,0
R01784,2024-06-17,ID,premium_seekers,brand_a,1,1,1,4,4,3,4,4,0,0
R01785,2024-06-17,ID,premium_seekers,brand_a,1,1,0,5,5,2,5,2,0,1
R01786,2024-06-17,ID,premium_seekers,brand_a,1,0,0,3,4,5,4,4,1,0
R01787,2024-06-17,ID,premium_seekers,brand_a,0,1,1,3,3,3,4,4,1,1
R01788,2024-06-17,ID,premium_seekers,brand_a,1,0,0,4,3,4,3,5,0,0
R01789,2024-06-17,ID,premium_seekers,brand_a,1,1,1,4,5,2,5,3,0,0
R01790,2024-06-17,ID,premium_seekers,brand_a,1,1,0,4,3,2,4,5,1,0
R01791,2024-06-17,ID,premium_seekers,brand_a,0,1,1,5,5,3,5,5,1,0
R01792,2024-06-17,ID,premium_seekers,brand_a,0,0,1,3,5,2,2,4,1,0
R01793,2024-06-17,ID,premium_seekers,brand_a,0,1,0,4,2,3,4,3,0,1
R01794,2024-06-17,ID,premium_seekers,brand_a,1,1,1,4,4,1,4,3,1,0
R01795,2024-06-17,ID,premium_seekers,brand_a,1,1,0,4,3,4,4,3,1,0
R01796,2024-06-17,ID,premium_seekers,brand_a,1,1,0,4,4,1,4,4,1,0
R01797,2024-06-17,ID,premium_seekers,brand_a,1,1,1,3,4,3,5,4,1,0
R01798,2024-06-17,ID,premium_seekers,brand_a,1,1,0,4,2,2,3,3,0,1
R01799,2024-06-17,ID,premium_seekers,brand_a,1,1,0,3,2,2,2,2,0,0
R01800,2024-06-17,ID,premium_seekers,brand_a,1,1,1,3,4,1,5,5,0,1
R01801,2024-06-24,ID,gen_z,brand_a,1,0,1,3,3,3,3,4,1,0
R01802,2024-06-24,ID,gen_z,brand_a,0,1,1,4,4,3,4,5,0,0
R01803,2024-06-24,ID,gen_z,brand_a,0,0,1,2,2,5,3,3,0,1
R01804,2024-06-24,ID,gen_z,brand_a,1,1,1,3,3,2,4,3,1,0
R01805,2024-06-24,ID,gen_z,brand_a,0,0,1,3,3,2,4,3,1,0
R01806,2024-06-24,ID,gen_z,brand_a,1,0,0,3,2,3,3,2,1,1
R01807,2024-06-24,ID,gen_z,brand_a,0,1,0,4,5,2,5,4,1,0
R01808,2024-06-24,ID,gen_z,brand_a,1,1,1,4,4,3,4,4,1,1
R01809,2024-06-24,ID,gen_z,brand_a,1,1,1,4,4,2,3,4,1,0
R01810,2024-06-24,ID,gen_z,brand_a,0,1,1,4,4,1,5,4,1,0
R01811,2024-06-24,ID,gen_z,brand_a,0,0,0,4,4,2,4,4,1,0
R01812,2024-06-24,ID,gen_z,brand_a,1,1,0,4,4,2,4,2,0,0
R01813,2024-06-24,ID,gen_z,brand_a,1,1,1,4,4,2,2,2,0,0
R01814,2024-06-24,ID,gen_z,brand_a,0,0,0,2,2,4,2,4,1,0
R01815,2024-06-24,ID,gen_z,brand_a,1,0,1,5,5,2,4,4,1,1
R01816,2024-06-24,ID,gen_z,brand_a,0,0,0,2,3,3,4,4,0,0
R01817,2024-06-24,ID,gen_z,brand_a,1,1,0,4,4,2,3,3,1,0
R01818,2024-06-24,ID,gen_z,brand_a,0,1,1,3,5,2,5,3,1,0
R01819,2024-06-24,ID,millennial,brand_a,0,0,1,4,4,2,4,3,1,0
R01820,2024-06-24,ID,millennial,brand_a,0,1,1,5,4,2,4,4,0,0
R01821,2024-06-24,ID,millennial,brand_a,0,1,1,5,4,2,5,5,1,0
R01822,2024-06-24,ID,millennial,brand_a,0,0,0,3,4,3,4,4,1,0
R01823,2024-06-24,ID,millennial,brand_a,1,1,0,3,4,2,4,3,1,0
R01824,2024-06-24,ID,millennial,brand_a,1,0,0,5,4,2,4,4,1,1
R01825,2024-06-24,ID,millennial,brand_a,0,1,1,3,3,3,1,1,1,0
R01826,2024-06-24,ID,millennial,brand_a,0,1,0,3,3,1,4,3,1,0
R01827,2024-06-24,ID,millennial,brand_a,0,1,1,4,2,4,2,3,0,1
R01828,2024-06-24,ID,millennial,brand_a,0,1,1,1,2,2,5,4,0,0
R01829,2024-06-24,ID,millennial,brand_a,1,1,0,4,5,1,5,3,1,0
R01830,2024-06-24,ID,millennial,brand_a,1,1,1,5,5,2,4,4,1,0
R01831,2024-06-24,ID,millennial,brand_a,0,1,1,2,3,2,3,3,0,0
R01832,2024-06-24,ID,millennial,brand_a,1,1,0,4,2,2,5,4,1,0
R01833,2024-06-24,ID,millennial,brand_a,1,0,1,4,4,1,4,3,1,0
R01834,2024-06-24,ID,millennial,brand_a,1,1,1,2,3,3,4,4,1,0
R01835,2024-06-24,ID,millennial,brand_a,0,0,1,4,4,3,2,2,1,0
R01836,2024-06-24,ID,millennial,brand_a,1,0,1,4,3,2,5,4,1,1
R01837,2024-06-24,ID,family,brand_a,1,0,1,3,4,2,2,3,1,1
R01838,2024-06-24,ID,family,brand_a,1,1,1,5,5,2,3,4,1,0
R01839,2024-06-24,ID,family,brand_a,1,1,0,4,3,4,4,3,1,1
R01840,2024-06-24,ID,family,brand_a,0,0,0,3,3,3,2,1,1,1
R01841,2024-06-24,ID,family,brand_a,0,0,0,4,3,2,4,5,0,1
R01842,2024-06-24,ID,family,brand_a,1,1,1,5,4,2,4,4,1,0
R01843,2024-06-24,ID,family,brand_a,1,1,1,4,4,1,5,4,1,0
R01844,2024-06-24,ID,family,brand_a,1,1,1,3,4,3,4,4,1,0
R01845,2024-06-24,ID,family,brand_a,0,0,0,3,2,3,1,1,0,1
R01846,2024-06-24,ID,family,brand_a,0,0,0,2,2,4,2,3,0,1
R01847,2024-06-24,ID,family,brand_a,0,1,1,4,4,3,5,5,1,0
R01848,2024-06-24,ID,family,brand_a,0,0,0,4,4,3,5,5,0,0
R01849,2024-06-24,ID,family,brand_a,1,1,1,4,4,2,3,4,0,1
R01850,2024-06-24,ID,family,brand_a,1,1,0,3,2,4,3,3,1,0
R01851,2024-06-24,ID,family,brand_a,1,1,1,4,5,2,4,3,0,1
R01852,2024-06-24,ID,family,brand_a,0,0,1,2,3,3,4,3,1,0
R01853,2024-06-24,ID,family,brand_a,1,0,0,3,4,3,3,3,0,0
R01854,2024-06-24,ID,family,brand_a,0,0,0,4,3,3,4,5,0,1
R01855,2024-06-24,ID,premium_seekers,brand_a,1,1,1,4,4,1,4,5,1,0
R01856,2024-06-24,ID,premium_seekers,brand_a,0,1,1,3,3,2,3,4,1,1
R01857,2024-06-24,ID,premium_seekers,brand_a,1,1,1,5,4,2,4,5,1,0
R01858,2024-06-24,ID,premium_seekers,brand_a,1,1,0,3,4,2,4,2,1,0
R01859,2024-06-24,ID,premium_seekers,brand_a,1,1,0,4,4,2,4,4,1,0
R01860,2024-06-24,ID,premium_seekers,brand_a,1,1,1,5,5,1,4,4,1,0
R01861,2024-06-24,ID,premium_seekers,brand_a,0,1,1,3,3,3,2,3,0,1
R01862,2024-06-24,ID,premium_seekers,brand_a,1,0,1,3,4,2,3,4,0,1
R01863,2024-06-24,ID,premium_seekers,brand_a,1,1,1,3,4,2,5,4,1,0
R01864,2024-06-24,ID,premium_seekers,brand_a,0,0,1,3,3,2,4,4,0,1
R01865,2024-06-24,ID,premium_seekers,brand_a,0,0,0,4,3,3,4,4,0,1
R01866,2024-06-24,ID,premium_seekers,brand_a,1,1,1,3,3,3,4,4,0,0
R01867,2024-06-24,ID,premium_seekers,brand_a,1,1,0,4,5,2,4,2,1,0
R01868,2024-06-24,ID,premium_seekers,brand_a,1,1,0,4,4,1,4,4,0,0
R01869,2024-06-24,ID,premium_seekers,brand_a,0,0,0,2,3,4,1,4,1,1
R01870,2024-06-24,ID,premium_seekers,brand_a,1,1,1,4,3,2,3,3,1,0
R01871,2024-06-24,ID,premium_seekers,brand_a,1,1,0,4,4,3,3,4,1,1
R01872,2024-06-24,ID,premium_seekers,brand_a,1,0,0,3,5,2,4,4,1,0
R01873,2024-07-01,ID,gen_z,brand_a,1,0,1,4,4,1,4,2,0,0
R01874,2024-07-01,ID,gen_z,brand_a,0,1,0,3,4,3,3,3,0,0
R01875,2024-07-01,ID,gen_z,brand_a,1,1,1,5,5,2,4,4,1,1
R01876,2024-07-01,ID,gen_z,brand_a,1,0,0,4,5,3,3,3,1,1
R01877,2024-07-01,ID,gen_z,brand_a,1,1,1,2,4,3,3,3,0,0
R01878,2024-07-01,ID,gen_z,brand_a,1,1,1,3,2,3,1,4,0,1
R01879,2024-07-01,ID,gen_z,brand_a,0,1,0,3,2,4,5,3,1,1
R01880,2024-07-01,ID,gen_z,brand_a,0,1,1,4,4,3,3,4,1,1
R01881,2024-07-01,ID,gen_z,brand_a,0,0,1,4,3,2,2,3,0,1
R01882,2024-07-01,ID,gen_z,brand_a,0,1,0,2,4,2,4,2,0,1
R01883,2024-07-01,ID,gen_z,brand_a,1,1,1,4,4,1,4,4,1,0
R01884,2024-07-01,ID,gen_z,brand_a,1,1,1,4,4,2,2,3,0,0
R01885,2024-07-01,ID,gen_z,brand_a,0,0,0,3,2,1,3,4,1,1
R01886,2024-07-01,ID,gen_z,brand_a,1,1,1,4,3,2,5,5,1,0
R01887,2024-07-01,ID,gen_z,brand_a,0,0,1,2,3,2,2,4,1,0
R01888,2024-07-01,ID,gen_z,brand_a,1,1,1,3,5,2,4,4,0,0
R01889,2024-07-01,ID,gen_z,brand_a,1,1,1,4,5,2,5,3,0,0
R01890,2024-07-01,ID,gen_z,brand_a,0,0,1,3,3,3,3,3,0,1
R01891,2024-07-01,ID,millennial,brand_a,1,0,1,4,4,2,3,3,1,1
R01892,2024-07-01,ID,millennial,brand_a,1,0,0,2,3,4,4,4,0,0
R01893,2024-07-01,ID,millennial,brand_a,1,1,1,3,2,4,2,2,0,0
R01894,2024-07-01,ID,millennial,brand_a,1,1,1,3,4,2,3,2,1,0
R01895,2024-07-01,ID,millennial,brand_a,1,0,1,3,4,3,3,3,0,1
R01896,2024-07-01,ID,millennial,brand_a,1,1,0,4,3,2,3,4,1,0
R01897,2024-07-01,ID,millennial,brand_a,0,1,1,4,3,3,2,3,0,0
R01898,2024-07-01,ID,millennial,brand_a,0,1,0,2,3,4,2,2,0,0
R01899,2024-07-01,ID,millennial,brand_a,1,1,1,4,4,2,4,5,1,1
R01900,2024-07-01,ID,millennial,brand_a,1,1,1,4,4,3,3,4,0,0
R01901,2024-07-01,ID,millennial,brand_a,1,0,1,4,2,1,3,1,0,1
R01902,2024-07-01,ID,millennial,brand_a,1,1,1,5,4,2,4,5,0,0
R01903,2024-07-01,ID,millennial,brand_a,1,1,0,3,4,4,4,4,1,0
R01904,2024-07-01,ID,millennial,brand_a,0,0,0,2,4,2,4,1,1,0
R01905,2024-07-01,ID,millennial,brand_a,1,1,1,4,5,1,3,4,1,0
R01906,2024-07-01,ID,millennial,brand_a,1,1,0,4,4,2,4,2,0,0
R01907,2024-07-01,ID,millennial,brand_a,0,0,0,2,2,3,3,2,1,0
R01908,2024-07-01,ID,millennial,brand_a,0,0,0,2,4,3,4,4,0,0
R01909,2024-07-01,ID,family,brand_a,1,1,1,4,5,2,4,3,1,0
R01910,2024-07-01,ID,family,brand_a,0,1,0,3,1,3,3,2,0,0
R01911,2024-07-01,ID,family,brand_a,1,1,0,3,3,2,4,3,1,0
R01912,2024-07-01,ID,family,brand_a,0,0,1,1,3,4,2,2,0,1
R01913,2024-07-01,ID,family,brand_a,0,1,1,3,4,3,4,3,0,1
R01914,2024-07-01,ID,family,brand_a,1,1,0,4,5,4,3,3,1,0
R01915,2024-07-01,ID,family,brand_a,1,1,0,5,5,1,4,4,1,0
R01916,2024-07-01,ID,family,brand_a,1,1,0,3,5,1,4,3,1,0
R01917,2024-07-01,ID,family,brand_a,0,1,1,4,4,1,4,4,1,0
R01918,2024-07-01,ID,family,brand_a,0,1,0,4,4,2,3,4,1,0
R01919,2024-07-01,ID,family,brand_a,1,1,1,4,4,3,5,5,1,0
R01920,2024-07-01,ID,family,brand_a,0,0,0,2,2,4,3,2,0,1
R01921,2024-07-01,ID,family,brand_a,1,1,1,4,4,2,4,4,1,0
R01922,2024-07-01,ID,family,brand_a,1,0,1,3,2,1,4,4,1,0
R01923,2024-07-01,ID,family,brand_a,0,1,0,4,5,2,4,4,1,1
R01924,2024-07-01,ID,family,brand_a,1,0,1,4,4,2,4,4,1,0
R01925,2024-07-01,ID,family,brand_a,0,1,0,3,4,3,4,2,1,0
R01926,2024-07-01,ID,family,brand_a,1,0,0,4,5,2,4,5,1,0
R01927,2024-07-01,ID,premium_seekers,brand_a,1,1,1,4,4,1,4,4,1,0
R01928,2024-07-01,ID,premium_seekers,brand_a,0,1,0,4,2,2,3,3,1,0
R01929,2024-07-01,ID,premium_seekers,brand_a,1,1,0,4,4,3,4,4,1,1
R01930,2024-07-01,ID,premium_seekers,brand_a,0,1,1,5,4,2,4,3,1,0
R01931,2024-07-01,ID,premium_seekers,brand_a,1,1,1,4,4,1,4,4,0,0
R01932,2024-07-01,ID,premium_seekers,brand_a,1,1,1,3,5,3,4,4,0,0
R01933,2024-07-01,ID,premium_seekers,brand_a,1,0,1,3,3,4,4,4,1,0
R01934,2024-07-01,ID,premium_seekers,brand_a,1,1,1,5,5,3,5,5,0,0
R01935,2024-07-01,ID,premium_seekers,brand_a,0,0,0,4,3,4,2,2,0,0
R01936,2024-07-01,ID,premium_seekers,brand_a,1,1,0,3,3,3,4,4,0,0
R01937,2024-07-01,ID,premium_seekers,brand_a,0,1,1,3,5,3,4,4,0,1
R01938,2024-07-01,ID,premium_seekers,brand_a,0,1,1,4,4,2,5,4,1,0
R01939,2024-07-01,ID,premium_seekers,brand_a,1,1,1,3,3,2,2,3,1,0
R01940,2024-07-01,ID,premium_seekers,brand_a,1,1,1,4,4,3,2,3,0,1
R01941,2024-07-01,ID,premium_seekers,brand_a,0,1,1,3,3,2,4,3,1,0
R01942,2024-07-01,ID,premium_seekers,brand_a,0,1,1,4,5,3,3,3,0,1
R01943,2024-07-01,ID,premium_seekers,brand_a,0,1,1,4,4,3,4,3,0,0
R01944,2024-07-01,ID,premium_seekers,brand_a,1,0,1,1,2,4,1,2,0,0
R01945,2024-07-08,ID,gen_z,brand_a,1,1,1,4,4,2,4,5,1,0
R01946,2024-07-08,ID,gen_z,brand_a,0,1,1,3,3,2,3,3,1,0
R01947,2024-07-08,ID,gen_z,brand_a,1,0,1,3,3,2,4,3,1,0
R01948,2024-07-08,ID,gen_z,brand_a,1,0,0,4,4,3,3,3,1,0
R01949,2024-07-08,ID,gen_z,brand_a,0,0,0,3,4,2,4,3,0,1
R01950,2024-07-08,ID,gen_z,brand_a,1,0,1,4,4,1,3,5,0,1
R01951,2024-07-08,ID,gen_z,brand_a,1,1,1,2,5,1,4,5,1,0
R01952,2024-07-08,ID,gen_z,brand_a,1,1,1,4,4,2,4,5,1,0
R01953,2024-07-08,ID,gen_z,brand_a,0,0,0,3,3,3,2,2,1,1
R01954,2024-07-08,ID,gen_z,brand_a,0,1,0,4,4,2,4,2,1,0
R01955,2024-07-08,ID,gen_z,brand_a,0,0,0,3,2,4,1,1,0,0
R01956,2024-07-08,ID,gen_z,brand_a,1,0,1,3,4,2,4,3,1,0
R01957,2024-07-08,ID,gen_z,brand_a,0,1,0,4,5,2,5,4,1,0
R01958,2024-07-08,ID,gen_z,brand_a,0,1,0,2,2,4,2,3,1,0
R01959,2024-07-08,ID,gen_z,brand_a,1,1,1,4,5,2,5,4,1,0
R01960,2024-07-08,ID,gen_z,brand_a,0,1,1,5,3,2,5,4,1,0
R01961,2024-07-08,ID,gen_z,brand_a,1,1,1,5,2,2,4,5,0,0
R01962,2024-07-08,ID,gen_z,brand_a,1,1,1,3,2,2,3,2,0,1
R01963,2024-07-08,ID,millennial,brand_a,1,0,0,3,2,2,2,3,1,0
R01964,2024-07-08,ID,millennial,brand_a,1,1,1,4,2,3,5,3,0,0
R01965,2024-07-08,ID,millennial,brand_a,1,1,1,4,5,2,4,5,1,1
R01966,2024-07-08,ID,millennial,brand_a,1,0,0,4,4,4,2,4,1,0
R01967,2024-07-08,ID,millennial,brand_a,1,0,0,4,4,2,3,2,1,1
R01968,2024-07-08,ID,millennial,brand_a,0,1,1,4,4,2,3,2,1,0
R01969,2024-07-08,ID,millennial,brand_a,0,0,0,2,4,3,2,3,1,0
R01970,2024-07-08,ID,millennial,brand_a,0,1,1,2,4,3,3,5,1,1
R01971,2024-07-08,ID,millennial,brand_a,0,0,1,5,3,2,3,4,1,1
R01972,2024-07-08,ID,millennial,brand_a,1,1,1,4,4,3,4,4,1,0
R01973,2024-07-08,ID,millennial,brand_a,0,0,1,5,3,2,2,3,0,0
R01974,2024-07-08,ID,millennial,brand_a,1,0,0,4,2,1,4,3,0,0
R01975,2024-07-08,ID,millennial,brand_a,1,1,0,3,2,3,3,5,1,0
R01976,2024-07-08,ID,millennial,brand_a,0,0,1,5,3,1,4,4,1,1
R01977,2024-07-08,ID,millennial,brand_a,0,0,1,2,3,2,3,4,1,0
R01978,2024-07-08,ID,millennial,brand_a,0,1,1,2,2,2,3,3,0,0
R01979,2024-07-08,ID,millennial,brand_a,0,0,1,4,3,2,4,3,1,0
R01980,2024-07-08,ID,millennial,brand_a,1,1,1,5,4,1,4,4,1,1
R01981,2024-07-08,ID,family,brand_a,1,0,0,4,4,2,4,2,1,0
R01982,2024-07-08,ID,family,brand_a,1,1,0,4,3,3,4,3,1,1
R01983,2024-07-08,ID,family,brand_a,1,1,1,2,5,1,3,3,1,0
R01984,2024-07-08,ID,family,brand_a,1,1,0,4,4,2,3,4,1,0
R01985,2024-07-08,ID,family,brand_a,1,0,0,3,3,3,3,4,1,0
R01986,2024-07-08,ID,family,brand_a,1,1,1,4,4,2,5,5,1,0
R01987,2024-07-08,ID,family,brand_a,1,0,1,3,5,2,3,3,1,0
R01988,2024-07-08,ID,family,brand_a,1,1,0,3,3,2,4,5,1,1
R01989,2024-07-08,ID,family,brand_a,1,1,0,3,4,3,4,4,0,0
R01990,2024-07-08,ID,family,brand_a,1,0,1,4,3,4,2,3,1,1
R01991,2024-07-08,ID,family,brand_a,0,1,1,3,4,3,3,4,1,0
R01992,2024-07-08,ID,family,brand_a,1,1,1,3,3,2,4,5,1,0
R01993,2024-07-08,ID,family,brand_a,1,0,0,3,3,2,3,3,0,0
R01994,2024-07-08,ID,family,brand_a,0,1,1,3,4,3,4,3,0,0
R01995,2024-07-08,ID,family,brand_a,1,1,1,4,3,2,4,3,1,0
R01996,2024-07-08,ID,family,brand_a,0,0,0,4,4,2,2,4,0,0
R01997,2024-07-08,ID,family,brand_a,0,1,1,4,4,2,4,2,0,1
R01998,2024-07-08,ID,family,brand_a,0,0,0,3,2,3,3,3,1,0
R01999,2024-07-08,ID,premium_seekers,brand_a,0,0,0,3,4,3,2,3,1,0
R02000,2024-07-08,ID,premium_seekers,brand_a,0,0,0,3,3,4,2,2,0,0
R02001,2024-07-08,ID,premium_seekers,brand_a,0,1,1,3,5,3,5,5,0,0
R02002,2024-07-08,ID,premium_seekers,brand_a,1,0,1,4,3,4,4,4,1,0
R02003,2024-07-08,ID,premium_seekers,brand_a,1,1,1,4,5,2,2,5,0,1
R02004,2024-07-08,ID,premium_seekers,brand_a,1,1,0,1,4,3,3,4,0,1
R02005,2024-07-08,ID,premium_seekers,brand_a,1,1,1,4,4,2,4,4,1,1
R02006,2024-07-08,ID,premium_seekers,brand_a,1,1,1,3,4,2,2,3,1,1
R02007,2024-07-08,ID,premium_seekers,brand_a,1,1,0,5,4,2,4,4,1,0
R02008,2024-07-08,ID,premium_seekers,brand_a,0,1,1,4,5,3,4,4,1,0
R02009,2024-07-08,ID,premium_seekers,brand_a,1,0,1,2,3,4,2,2,0,1
R02010,2024-07-08,ID,premium_seekers,brand_a,1,0,1,4,5,4,2,4,0,1
R02011,2024-07-08,ID,premium_seekers,brand_a,1,1,0,3,5,3,3,3,0,1
R02012,2024-07-08,ID,premium_seekers,brand_a,0,0,0,2,2,4,2,1,0,0
R02013,2024-07-08,ID,premium_seekers,brand_a,1,1,0,5,4,3,4,5,1,1
R02014,2024-07-08,ID,premium_seekers,brand_a,0,1,0,3,3,2,2,2,0,1
R02015,2024-07-08,ID,premium_seekers,brand_a,1,0,1,4,3,3,3,4,1,1
R02016,2024-07-08,ID,premium_seekers,brand_a,1,0,1,4,4,2,3,3,0,0
R02017,2024-07-15,ID,gen_z,brand_a,0,1,1,2,2,3,3,3,1,1
R02018,2024-07-15,ID,gen_z,brand_a,1,0,0,3,4,2,3,5,1,1
R02019,2024-07-15,ID,gen_z,brand_a,1,1,0,4,3,1,4,2,1,0
R02020,2024-07-15,ID,gen_z,brand_a,1,1,0,4,5,2,5,4,1,0
R02021,2024-07-15,ID,gen_z,brand_a,1,0,0,4,3,5,1,2,1,1
R02022,2024-07-15,ID,gen_z,brand_a,0,1,0,4,4,4,2,3,1,1
R02023,2024-07-15,ID,gen_z,brand_a,0,0,0,2,3,4,2,3,0,0
R02024,2024-07-15,ID,gen_z,brand_a,0,0,1,4,3,2,4,4,1,0
R02025,2024-07-15,ID,gen_z,brand_a,0,1,1,5,3,1,3,3,1,0
R02026,2024-07-15,ID,gen_z,brand_a,1,0,1,4,4,3,3,2,0,0
R02027,2024-07-15,ID,gen_z,brand_a,0,0,0,3,4,3,5,2,1,0
R02028,2024-07-15,ID,gen_z,brand_a,0,0,0,2,2,2,2,2,0,1
R02029,2024-07-15,ID,gen_z,brand_a,0,0,0,2,2,4,3,2,0,1
R02030,2024-07-15,ID,gen_z,brand_a,1,1,0,5,5,3,4,3,1,0
R02031,2024-07-15,ID,gen_z,brand_a,0,1,0,3,4,2,4,3,1,0
R02032,2024-07-15,ID,gen_z,brand_a,0,1,1,3,3,4,3,2,0,0
R02033,2024-07-15,ID,gen_z,brand_a,0,1,1,4,4,2,4,3,1,0
R02034,2024-07-15,ID,gen_z,brand_a,0,0,0,1,2,3,2,3,0,1
R02035,2024-07-15,ID,millennial,brand_a,1,1,0,4,4,3,3,3,1,1
R02036,2024-07-15,ID,millennial,brand_a,0,1,0,4,2,2,3,3,1,0
R02037,2024-07-15,ID,millennial,brand_a,1,1,1,4,3,2,5,4,0,0
R02038,2024-07-15,ID,millennial,brand_a,1,1,0,5,5,2,4,5,1,0
R02039,2024-07-15,ID,millennial,brand_a,0,1,0,3,4,3,4,3,0,0
R02040,2024-07-15,ID,millennial,brand_a,0,1,0,3,3,3,2,3,1,1
R02041,2024-07-15,ID,millennial,brand_a,0,1,1,2,3,3,2,4,0,0
R02042,2024-07-15,ID,millennial,brand_a,1,1,0,5,3,2,3,4,0,1
R02043,2024-07-15,ID,millennial,brand_a,0,1,1,2,3,4,3,3,0,1
R02044,2024-07-15,ID,millennial,brand_a,0,1,1,2,2,4,2,3,0,0
R02045,2024-07-15,ID,millennial,brand_a,1,0,1,3,2,3,4,4,1,1
R02046,2024-07-15,ID,millennial,brand_a,1,0,1,3,3,3,4,3,1,1
R02047,2024-07-15,ID,millennial,brand_a,1,1,1,5,5,2,4,4,1,0
R02048,2024-07-15,ID,millennial,brand_a,1,0,0,3,5,3,3,3,1,0
R02049,2024-07-15,ID,millennial,brand_a,0,1,1,4,3,2,2,3,0,1
R02050,2024-07-15,ID,millennial,brand_a,0,0,1,3,4,4,2,2,0,1
R02051,2024-07-15,ID,millennial,brand_a,0,0,1,2,2,2,3,3,1,1
R02052,2024-07-15,ID,millennial,brand_a,1,1,0,4,5,2,4,2,1,0
R02053,2024-07-15,ID,family,brand_a,1,1,1,4,4,1,4,4,1,0
R02054,2024-07-15,ID,family,brand_a,0,1,0,3,5,4,3,4,1,1
R02055,2024-07-15,ID,family,brand_a,1,1,0,4,3,1,2,4,1,0
R02056,2024-07-15,ID,family,brand_a,1,1,1,4,5,2,5,4,1,0
R02057,2024-07-15,ID,family,brand_a,1,1,1,5,5,1,5,4,1,0
R02058,2024-07-15,ID,family,brand_a,1,0,1,4,4,1,5,4,1,0
R02059,2024-07-15,ID,family,brand_a,1,1,0,3,3,2,3,4,0,0
R02060,2024-07-15,ID,family,brand_a,0,1,1,3,3,4,5,3,0,0
R02061,2024-07-15,ID,family,brand_a,0,0,1,5,4,3,4,4,1,1
R02062,2024-07-15,ID,family,brand_a,0,1,1,3,5,2,3,4,1,0
R02063,2024-07-15,ID,family,brand_a,0,1,0,5,5,1,5,3,1,0
R02064,2024-07-15,ID,family,brand_a,1,1,0,4,3,3,3,2,0,0
R02065,2024-07-15,ID,family,brand_a,0,0,1,3,2,3,3,3,1,1
R02066,2024-07-15,ID,family,brand_a,0,1,1,4,3,2,3,4,0,1
R02067,2024-07-15,ID,family,brand_a,0,0,0,2,4,3,2,4,0,1
R02068,2024-07-15,ID,family,brand_a,1,1,0,2,4,3,4,2,1,1
R02069,2024-07-15,ID,family,brand_a,0,0,0,4,4,2,3,5,1,0
R02070,2024-07-15,ID,family,brand_a,1,1,1,4,2,3,3,2,0,1
R02071,2024-07-15,ID,premium_seekers,brand_a,0,1,1,5,4,3,5,5,1,0
R02072,2024-07-15,ID,premium_seekers,brand_a,0,1,0,3,2,2,3,2,1,0
R02073,2024-07-15,ID,premium_seekers,brand_a,1,0,0,2,1,3,2,3,1,1
R02074,2024-07-15,ID,premium_seekers,brand_a,1,1,1,5,4,2,4,3,0,0
R02075,2024-07-15,ID,premium_seekers,brand_a,0,0,0,2,3,4,2,3,1,1
R02076,2024-07-15,ID,premium_seekers,brand_a,1,0,1,4,5,2,3,4,0,0
R02077,2024-07-15,ID,premium_seekers,brand_a,1,1,1,5,4,3,3,4,1,0
R02078,2024-07-15,ID,premium_seekers,brand_a,1,1,1,4,4,2,5,5,1,0
R02079,2024-07-15,ID,premium_seekers,brand_a,1,1,0,3,2,3,3,4,1,0
R02080,2024-07-15,ID,premium_seekers,brand_a,1,1,0,3,5,2,3,3,1,1
R02081,2024-07-15,ID,premium_seekers,brand_a,0,1,1,3,3,3,4,4,1,0
R02082,2024-07-15,ID,premium_seekers,brand_a,0,0,0,2,3,3,4,4,1,1
R02083,2024-07-15,ID,premium_seekers,brand_a,1,1,0,3,3,3,4,4,1,0
R02084,2024-07-15,ID,premium_seekers,brand_a,1,1,1,3,4,4,2,3,1,0
R02085,2024-07-15,ID,premium_seekers,brand_a,1,1,0,4,3,2,5,2,1,1
R02086,2024-07-15,ID,premium_seekers,brand_a,0,1,0,3,4,3,4,5,1,1
R02087,2024-07-15,ID,premium_seekers,brand_a,1,1,1,4,4,2,5,5,1,0
R02088,2024-07-15,ID,premium_seekers,brand_a,1,1,1,4,3,3,4,4,1,0
R02089,2024-07-22,ID,gen_z,brand_a,1,1,1,3,3,1,2,2,0,0
R02090,2024-07-22,ID,gen_z,brand_a,1,1,0,3,2,4,4,3,0,0
R02091,2024-07-22,ID,gen_z,brand_a,0,1,1,3,4,2,4,5,1,0
R02092,2024-07-22,ID,gen_z,brand_a,1,1,1,5,2,1,3,3,1,0
R02093,2024-07-22,ID,gen_z,brand_a,1,1,1,5,5,3,3,3,1,0
R02094,2024-07-22,ID,gen_z,brand_a,1,1,1,3,4,2,4,3,1,0
R02095,2024-07-22,ID,gen_z,brand_a,0,0,0,2,3,5,2,2,1,1
R02096,2024-07-22,ID,gen_z,brand_a,1,1,1,4,3,2,4,3,1,0
R02097,2024-07-22,ID,gen_z,brand_a,1,0,0,3,3,3,3,3,1,0
R02098,2024-07-22,ID,gen_z,brand_a,0,0,0,2,1,4,2,2,0,1
R02099,2024-07-22,ID,gen_z,brand_a,0,1,1,3,3,3,4,4,0,0
R02100,2024-07-22,ID,gen_z,brand_a,1,1,1,4,4,3,4,4,1,1
R02101,2024-07-22,ID,gen_z,brand_a,1,1,1,4,4,1,3,5,0,0
R02102,2024-07-22,ID,gen_z,brand_a,0,0,0,4,4,2,4,3,1,0
R02103,2024-07-22,ID,gen_z,brand_a,1,1,1,4,3,2,4,4,1,0
R02104,2024-07-22,ID,gen_z,brand_a,1,0,1,2,2,4,3,2,0,1
R02105,2024-07-22,ID,gen_z,brand_a,1,1,1,2,3,3,5,4,1,0
R02106,2024-07-22,ID,gen_z,brand_a,1,0,1,4,4,3,4,3,1,1
R02107,2024-07-22,ID,millennial,brand_a,0,1,1,2,3,3,4,2,0,1
R02108,2024-07-22,ID,millennial,brand_a,0,1,1,3,4,3,3,2,0,1
R02109,2024-07-22,ID,millennial,brand_a,1,1,1,4,4,2,4,5,0,0
R02110,2024-07-22,ID,millennial,brand_a,0,0,1,4,2,2,4,4,1,1
R02111,2024-07-22,ID,millennial,brand_a,1,1,0,3,4,3,4,4,1,0
R02112,2024-07-22,ID,millennial,brand_a,1,0,1,3,3,2,2,2,1,1
R02113,2024-07-22,ID,millennial,brand_a,1,0,0,2,3,3,4,3,1,1
R02114,2024-07-22,ID,millennial,brand_a,1,1,1,4,3,4,3,4,0,0
R02115,2024-07-22,ID,millennial,brand_a,1,0,1,3,2,2,3,3,0,0
R02116,2024-07-22,ID,millennial,brand_a,1,0,0,3,3,3,4,3,0,1
R02117,2024-07-22,ID,millennial,brand_a,0,0,1,3,3,2,2,2,0,1
R02118,2024-07-22,ID,millennial,brand_a,0,1,0,2,4,3,2,2,1,0
R02119,2024-07-22,ID,millennial,brand_a,1,1,0,2,3,4,5,4,0,0
R02120,2024-07-22,ID,millennial,brand_a,1,1,1,4,3,3,3,5,1,0
R02121,2024-07-22,ID,millennial,brand_a,1,0,0,3,2,3,3,2,0,0
R02122,2024-07-22,ID,millennial,brand_a,1,1,0,4,4,2,3,4,1,0
R02123,2024-07-22,ID,millennial,brand_a,1,0,1,3,4,3,3,4,1,1
R02124,2024-07-22,ID,millennial,brand_a,0,0,1,4,2,3,2,2,1,1
R02125,2024-07-22,ID,family,brand_a,0,1,1,3,4,3,3,3,1,0
R02126,2024-07-22,ID,family,brand_a,1,1,1,2,4,4,3,4,1,0
R02127,2024-07-22,ID,family,brand_a,1,0,0,3,3,2,4,3,0,0
R02128,2024-07-22,ID,family,brand_a,1,1,1,5,4,2,4,2,0,0
R02129,2024-07-22,ID,family,brand_a,0,0,0,2,4,2,3,4,0,1
R02130,2024-07-22,ID,family,brand_a,1,1,1,3,4,1,3,4,1,1
R02131,2024-07-22,ID,family,brand_a,1,1,1,2,2,4,2,1,0,1
R02132,2024-07-22,ID,family,brand_a,1,1,1,2,2,1,3,4,1,1
R02133,2024-07-22,ID,family,brand_a,1,1,1,4,5,2,4,4,1,1
R02134,2024-07-22,ID,family,brand_a,0,1,0,3,3,2,3,3,0,1
R02135,2024-07-22,ID,family,brand_a,0,1,1,3,4,2,4,3,1,0
R02136,2024-07-22,ID,family,brand_a,1,0,1,3,4,2,4,2,0,1
R02137,2024-07-22,ID,family,brand_a,1,1,1,2,4,2,4,3,0,0
R02138,2024-07-22,ID,family,brand_a,1,1,1,3,4,4,3,3,0,1
R02139,2024-07-22,ID,family,brand_a,1,0,1,5,4,4,3,3,0,0
R02140,2024-07-22,ID,family,brand_a,0,0,1,2,3,3,4,3,0,0
R02141,2024-07-22,ID,family,brand_a,1,0,1,3,3,1,4,3,1,0
R02142,2024-07-22,ID,family,brand_a,1,0,1,4,4,2,4,4,0,0
R02143,2024-07-22,ID,premium_seekers,brand_a,0,1,0,2,1,4,3,3,1,1
R02144,2024-07-22,ID,premium_seekers,brand_a,0,1,0,2,1,3,2,2,0,1
R02145,2024-07-22,ID,premium_seekers,brand_a,1,1,0,3,3,4,3,3,1,0
R02146,2024-07-22,ID,premium_seekers,brand_a,1,1,1,4,5,2,5,4,0,0
R02147,2024-07-22,ID,premium_seekers,brand_a,0,0,0,4,3,5,4,3,1,1
R02148,2024-07-22,ID,premium_seekers,brand_a,0,0,0,2,3,5,3,3,1,0
R02149,2024-07-22,ID,premium_seekers,brand_a,1,1,0,4,4,2,5,5,1,0
R02150,2024-07-22,ID,premium_seekers,brand_a,1,1,0,4,4,3,4,3,1,0
R02151,2024-07-22,ID,premium_seekers,brand_a,1,1,1,4,4,2,4,3,1,0
R02152,2024-07-22,ID,premium_seekers,brand_a,1,1,1,3,2,4,2,3,0,1
R02153,2024-07-22,ID,premium_seekers,brand_a,1,0,0,5,4,2,4,5,1,0
R02154,2024-07-22,ID,premium_seekers,brand_a,0,1,0,3,3,2,4,4,1,0
R02155,2024-07-22,ID,premium_seekers,brand_a,1,1,1,4,4,3,4,4,0,0
R02156,2024-07-22,ID,premium_seekers,brand_a,1,1,1,1,3,3,4,3,1,1
R02157,2024-07-22,ID,premium_seekers,brand_a,1,0,0,1,4,3,4,2,1,1
R02158,2024-07-22,ID,premium_seekers,brand_a,1,0,1,2,4,3,4,5,1,0
R02159,2024-07-22,ID,premium_seekers,brand_a,1,1,1,5,4,2,4,5,1,0
R02160,2024-07-22,ID,premium_seekers,brand_a,0,1,0,4,3,3,1,4,1,0
R02161,2024-07-29,ID,gen_z,brand_a,1,0,1,5,5,3,4,4,1,1
R02162,2024-07-29,ID,gen_z,brand_a,0,0,0,4,2,2,2,2,0,1
R02163,2024-07-29,ID,gen_z,brand_a,1,0,0,4,3,4,3,5,1,0
R02164,2024-07-29,ID,gen_z,brand_a,1,1,1,4,5,1,5,5,1,0
R02165,2024-07-29,ID,gen_z,brand_a,1,1,1,4,5,3,4,4,1,0
R02166,2024-07-29,ID,gen_z,brand_a,1,0,0,3,3,2,4,3,0,0
R02167,2024-07-29,ID,gen_z,brand_a,0,1,1,4,3,2,4,4,0,1
R02168,2024-07-29,ID,gen_z,brand_a,1,0,1,5,4,1,3,4,0,1
R02169,2024-07-29,ID,gen_z,brand_a,1,1,1,3,4,1,4,5,1,0
R02170,2024-07-29,ID,gen_z,brand_a,0,0,1,4,5,2,4,4,1,1
R02171,2024-07-29,ID,gen_z,brand_a,1,1,1,2,4,1,2,3,0,0
R02172,2024-07-29,ID,gen_z,brand_a,1,1,0,3,3,3,4,4,1,0
R02173,2024-07-29,ID,gen_z,brand_a,0,0,1,2,4,3,4,2,0,0
R02174,2024-07-29,ID,gen_z,brand_a,1,1,1,3,3,2,4,4,1,0
R02175,2024-07-29,ID,gen_z,brand_a,1,1,1,4,5,2,5,4,1,0
R02176,2024-07-29,ID,gen_z,brand_a,1,1,0,3,2,3,3,4,1,1
R02177,2024-07-29,ID,gen_z,brand_a,0,0,1,4,4,3,5,5,1,0
R02178,2024-07-29,ID,gen_z,brand_a,1,1,1,3,4,2,3,5,1,0
R02179,2024-07-29,ID,millennial,brand_a,1,0,0,3,3,3,3,4,1,1
R02180,2024-07-29,ID,millennial,brand_a,1,0,0,4,3,3,4,2,1,0
R02181,2024-07-29,ID,millennial,brand_a,1,0,1,3,4,2,4,3,0,0
R02182,2024-07-29,ID,millennial,brand_a,1,1,0,2,4,4,2,2,1,0
R02183,2024-07-29,ID,millennial,brand_a,0,0,0,3,2,4,3,2,0,1
R02184,2024-07-29,ID,millennial,brand_a,1,1,1,4,5,2,3,4,1,0
R02185,2024-07-29,ID,millennial,brand_a,1,1,1,4,3,2,4,2,1,0
R02186,2024-07-29,ID,millennial,brand_a,1,1,1,4,4,1,5,4,1,0
R02187,2024-07-29,ID,millennial,brand_a,1,1,1,3,3,2,4,4,1,0
R02188,2024-07-29,ID,millennial,brand_a,1,1,1,3,5,2,3,4,1,1
R02189,2024-07-29,ID,millennial,brand_a,0,0,1,3,5,2,3,3,1,0
R02190,2024-07-29,ID,millennial,brand_a,0,1,1,3,3,2,4,3,1,0
R02191,2024-07-29,ID,millennial,brand_a,0,0,0,3,4,2,3,3,1,0
R02192,2024-07-29,ID,millennial,brand_a,0,1,1,5,3,1,4,3,0,0
R02193,2024-07-29,ID,millennial,brand_a,1,1,0,3,4,4,4,3,1,0
R02194,2024-07-29,ID,millennial,brand_a,0,1,1,3,4,3,3,3,0,0
R02195,2024-07-29,ID,millennial,brand_a,1,1,1,3,4,2,4,4,1,1
R02196,2024-07-29,ID,millennial,brand_a,1,0,0,2,4,3,2,2,1,1
R02197,2024-07-29,ID,family,brand_a,0,1,1,3,4,4,3,2,0,1
R02198,2024-07-29,ID,family,brand_a,0,1,0,4,5,2,3,3,0,0
R02199,2024-07-29,ID,family,brand_a,0,1,1,4,5,2,4,4,1,0
R02200,2024-07-29,ID,family,brand_a,1,1,1,3,4,1,4,5,1,0
R02201,2024-07-29,ID,family,brand_a,1,1,1,3,5,2,4,4,1,0
R02202,2024-07-29,ID,family,brand_a,0,0,1,2,2,3,3,2,0,1
R02203,2024-07-29,ID,family,brand_a,0,1,1,5,4,2,4,4,1,0
R02204,2024-07-29,ID,family,brand_a,1,0,1,2,3,4,4,3,1,0
R02205,2024-07-29,ID,family,brand_a,1,1,1,5,4,3,4,4,1,0
R02206,2024-07-29,ID,family,brand_a,1,0,0,3,5,4,3,3,0,1
R02207,2024-07-29,ID,family,brand_a,1,1,1,4,4,3,4,5,1,0
R02208,2024-07-29,ID,family,brand_a,1,0,1,4,4,2,3,4,0,1
R02209,2024-07-29,ID,family,brand_a,0,1,1,4,4,3,5,4,1,0
R02210,2024-07-29,ID,family,brand_a,1,0,1,3,2,3,3,2,1,0
R02211,2024-07-29,ID,family,brand_a,1,1,1,3,5,3,5,5,1,0
R02212,2024-07-29,ID,family,brand_a,1,1,0,5,4,2,4,4,1,0
R02213,2024-07-29,ID,family,brand_a,1,1,1,3,3,3,2,4,1,0
R02214,2024-07-29,ID,family,brand_a,0,1,1,5,3,4,2,2,1,1
R02215,2024-07-29,ID,premium_seekers,brand_a,1,1,0,3,5,2,4,4,1,0
R02216,2024-07-29,ID,premium_seekers,brand_a,0,0,1,3,3,4,2,2,0,1
R02217,2024-07-29,ID,premium_seekers,brand_a,1,1,0,1,2,4,2,3,0,1
R02218,2024-07-29,ID,premium_seekers,brand_a,1,0,1,4,3,2,4,2,1,1
R02219,2024-07-29,ID,premium_seekers,brand_a,1,1,1,5,5,3,5,4,1,1
R02220,2024-07-29,ID,premium_seekers,brand_a,1,0,1,4,4,2,4,5,1,0
R02221,2024-07-29,ID,premium_seekers,brand_a,1,1,1,3,4,3,3,4,0,0
R02222,2024-07-29,ID,premium_seekers,brand_a,1,1,0,2,3,2,2,3,1,0
R02223,2024-07-29,ID,premium_seekers,brand_a,0,0,1,4,5,4,3,4,0,1
R02224,2024-07-29,ID,premium_seekers,brand_a,0,0,0,2,2,4,4,3,0,1
R02225,2024-07-29,ID,premium_seekers,brand_a,0,0,0,4,4,3,2,2,0,1
R02226,2024-07-29,ID,premium_seekers,brand_a,0,0,1,5,5,3,4,2,1,0
R02227,2024-07-29,ID,premium_seekers,brand_a,0,1,1,2,2,4,3,4,0,1
R02228,2024-07-29,ID,premium_seekers,brand_a,1,1,1,5,4,1,4,4,0,0
R02229,2024-07-29,ID,premium_seekers,brand_a,1,0,1,2,3,2,1,4,1,1
R02230,2024-07-29,ID,premium_seekers,brand_a,0,1,1,3,3,4,3,4,0,0
R02231,2024-07-29,ID,premium_seekers,brand_a,1,0,0,3,2,3,2,3,0,0
R02232,2024-07-29,ID,premium_seekers,brand_a,0,1,0,4,5,2,2,3,0,1
R02233,2024-08-05,ID,gen_z,brand_a,1,1,1,5,4,2,4,5,0,0
R02234,2024-08-05,ID,gen_z,brand_a,1,1,1,5,5,1,4,4,1,0
R02235,2024-08-05,ID,gen_z,brand_a,0,0,0,2,2,3,1,3,0,1
R02236,2024-08-05,ID,gen_z,brand_a,1,1,1,2,4,3,3,2,0,1
R02237,2024-08-05,ID,gen_z,brand_a,0,1,1,2,4,1,4,4,1,0
R02238,2024-08-05,ID,gen_z,brand_a,1,1,0,5,4,2,2,3,1,0
R02239,2024-08-05,ID,gen_z,brand_a,1,1,1,5,4,1,4,5,1,0
R02240,2024-08-05,ID,gen_z,brand_a,0,1,0,5,3,3,3,3,1,0
R02241,2024-08-05,ID,gen_z,brand_a,0,1,1,5,4,3,4,5,0,1
R02242,2024-08-05,ID,gen_z,brand_a,1,1,0,2,2,4,2,2,0,1
R02243,2024-08-05,ID,gen_z,brand_a,0,0,1,3,2,3,2,2,0,1
R02244,2024-08-05,ID,gen_z,brand_a,1,1,1,3,3,3,4,4,0,0
R02245,2024-08-05,ID,gen_z,brand_a,1,1,1,4,3,2,4,4,0,0
R02246,2024-08-05,ID,gen_z,brand_a,1,1,1,4,5,3,4,2,1,0
R02247,2024-08-05,ID,gen_z,brand_a,0,1,0,1,3,3,4,4,1,1
R02248,2024-08-05,ID,gen_z,brand_a,0,1,1,3,2,3,3,3,1,1
R02249,2024-08-05,ID,gen_z,brand_a,1,0,1,4,5,1,5,4,1,1
R02250,2024-08-05,ID,gen_z,brand_a,1,0,1,3,2,2,3,3,0,1
R02251,2024-08-05,ID,millennial,brand_a,1,0,1,4,3,3,4,4,1,1
R02252,2024-08-05,ID,millennial,brand_a,0,0,1,2,2,3,3,4,0,0
R02253,2024-08-05,ID,millennial,brand_a,0,0,0,2,2,4,4,2,1,1
R02254,2024-08-05,ID,millennial,brand_a,0,1,1,4,4,2,5,5,1,0
R02255,2024-08-05,ID,millennial,brand_a,0,1,0,2,2,3,3,3,0,1
R02256,2024-08-05,ID,millennial,brand_a,1,1,1,3,5,3,3,2,0,0
R02257,2024-08-05,ID,millennial,brand_a,0,0,1,3,3,2,3,4,1,0
R02258,2024-08-05,ID,millennial,brand_a,1,1,1,4,5,2,3,4,0,0
R02259,2024-08-05,ID,millennial,brand_a,0,0,1,2,3,3,4,4,0,0
R02260,2024-08-05,ID,millennial,brand_a,1,1,1,3,4,2,3,4,1,1
R02261,2024-08-05,ID,millennial,brand_a,0,1,1,5,5,3,4,2,0,0
R02262,2024-08-05,ID,millennial,brand_a,0,1,0,2,2,5,2,1,0,1
R02263,2024-08-05,ID,millennial,brand_a,0,1,1,4,4,2,4,4,1,0
R02264,2024-08-05,ID,millennial,brand_a,0,1,1,4,4,3,5,4,1,0
R02265,2024-08-05,ID,millennial,brand_a,1,0,0,2,3,2,3,3,1,0
R02266,2024-08-05,ID,millennial,brand_a,1,1,1,4,5,1,4,3,1,0
R02267,2024-08-05,ID,millennial,brand_a,0,0,0,2,4,1,3,3,1,0
R02268,2024-08-05,ID,millennial,brand_a,1,1,1,4,3,1,3,4,1,0
R02269,2024-08-05,ID,family,brand_a,1,1,0,2,3,3,4,2,1,0
R02270,2024-08-05,ID,family,brand_a,1,1,1,4,3,2,2,4,1,0
R02271,2024-08-05,ID,family,brand_a,1,0,1,2,5,1,2,3,1,0
R02272,2024-08-05,ID,family,brand_a,0,0,0,3,3,4,3,2,0,1
R02273,2024-08-05,ID,family,brand_a,0,0,1,3,5,2,2,5,1,0
R02274,2024-08-05,ID,family,brand_a,0,1,1,4,2,4,4,3,1,0
R02275,2024-08-05,ID,family,brand_a,1,1,1,5,4,1,4,3,1,0
R02276,2024-08-05,ID,family,brand_a,0,0,0,4,3,3,3,3,1,1
R02277,2024-08-05,ID,family,brand_a,0,0,0,2,1,2,3,3,1,1
R02278,2024-08-05,ID,family,brand_a,0,1,1,4,5,2,4,3,1,0
R02279,2024-08-05,ID,family,brand_a,0,0,0,2,1,4,3,1,0,0
R02280,2024-08-05,ID,family,brand_a,0,1,0,3,4,3,4,4,0,1
R02281,2024-08-05,ID,family,brand_a,1,1,0,4,5,2,2,5,1,0
R02282,2024-08-05,ID,family,brand_a,0,1,1,5,4,3,3,4,0,1
R02283,2024-08-05,ID,family,brand_a,0,1,1,4,3,2,2,3,1,1
R02284,2024-08-05,ID,family,brand_a,1,0,1,2,5,1,4,3,0,0
R02285,2024-08-05,ID,family,brand_a,0,1,0,3,4,1,4,4,1,0
R02286,2024-08-05,ID,family,brand_a,1,1,0,4,2,2,3,3,0,0
R02287,2024-08-05,ID,premium_seekers,brand_a,1,1,0,3,3,3,3,4,0,0
R02288,2024-08-05,ID,premium_seekers,brand_a,1,0,0,4,4,4,2,4,1,0
R02289,2024-08-05,ID,premium_seekers,brand_a,1,1,0,4,3,2,4,3,0,0
R02290,2024-08-05,ID,premium_seekers,brand_a,1,0,1,4,3,2,5,5,1,0
R02291,2024-08-05,ID,premium_seekers,brand_a,1,1,1,3,4,1,4,5,0,1
R02292,2024-08-05,ID,premium_seekers,brand_a,1,1,1,4,5,2,5,5,1,1
R02293,2024-08-05,ID,premium_seekers,brand_a,1,1,1,4,3,2,3,4,0,0
R02294,2024-08-05,ID,premium_seekers,brand_a,1,0,1,3,3,4,4,3,1,1
R02295,2024-08-05,ID,premium_seekers,brand_a,1,1,1,4,4,2,5,5,1,0
R02296,2024-08-05,ID,premium_seekers,brand_a,0,1,1,4,4,3,3,4,0,0
R02297,2024-08-05,ID,premium_seekers,brand_a,0,1,0,3,3,3,3,2,1,0
R02298,2024-08-05,ID,premium_seekers,brand_a,1,0,1,4,4,3,3,4,1,0
R02299,2024-08-05,ID,premium_seekers,brand_a,1,1,1,4,3,3,4,3,1,0
R02300,2024-08-05,ID,premium_seekers,brand_a,0,0,1,3,2,3,2,2,0,0
R02301,2024-08-05,ID,premium_seekers,brand_a,1,1,1,4,3,3,2,3,0,1
R02302,2024-08-05,ID,premium_seekers,brand_a,1,0,0,4,3,4,3,4,0,0
R02303,2024-08-05,ID,premium_seekers,brand_a,0,1,1,5,4,1,4,3,1,0
R02304,2024-08-05,ID,premium_seekers,brand_a,1,1,1,4,3,1,4,4,1,0
R02305,2024-08-12,ID,gen_z,brand_a,1,0,0,3,2,2,2,4,1,1
R02306,2024-08-12,ID,gen_z,brand_a,0,1,1,3,5,2,5,3,0,0
R02307,2024-08-12,ID,gen_z,brand_a,1,0,1,3,4,1,2,3,1,1
R02308,2024-08-12,ID,gen_z,brand_a,0,0,0,3,3,2,4,4,1,1
R02309,2024-08-12,ID,gen_z,brand_a,1,0,1,4,2,2,4,3,1,0
R02310,2024-08-12,ID,gen_z,brand_a,1,1,1,4,4,2,4,3,1,0
R02311,2024-08-12,ID,gen_z,brand_a,0,1,1,3,4,3,4,3,1,0
R02312,2024-08-12,ID,gen_z,brand_a,1,1,1,5,4,1,5,4,1,0
R02313,2024-08-12,ID,gen_z,brand_a,0,0,1,3,3,2,3,3,0,0
R02314,2024-08-12,ID,gen_z,brand_a,1,1,1,4,5,1,4,4,1,0
R02315,2024-08-12,ID,gen_z,brand_a,1,1,1,3,4,2,3,3,1,1
R02316,2024-08-12,ID,gen_z,brand_a,1,1,0,3,2,5,2,3,1,1
R02317,2024-08-12,ID,gen_z,brand_a,1,1,1,4,3,2,5,2,1,0
R02318,2024-08-12,ID,gen_z,brand_a,0,0,1,3,2,3,3,4,0,1
R02319,2024-08-12,ID,gen_z,brand_a,1,0,0,3,4,2,3,4,0,1
R02320,2024-08-12,ID,gen_z,brand_a,0,0,0,2,3,3,2,3,0,1
R02321,2024-08-12,ID,gen_z,brand_a,1,1,0,4,5,2,3,5,1,0
R02322,2024-08-12,ID,gen_z,brand_a,1,0,0,4,4,2,4,4,1,0
R02323,2024-08-12,ID,millennial,brand_a,1,1,1,2,3,1,4,5,1,0
R02324,2024-08-12,ID,millennial,brand_a,1,1,1,3,5,2,4,5,1,0
R02325,2024-08-12,ID,millennial,brand_a,1,0,1,2,3,2,3,3,1,0
R02326,2024-08-12,ID,millennial,brand_a,1,0,0,4,4,3,4,4,1,0
R02327,2024-08-12,ID,millennial,brand_a,1,1,1,3,5,2,3,3,0,1
R02328,2024-08-12,ID,millennial,brand_a,0,0,0,3,2,2,3,3,0,1
R02329,2024-08-12,ID,millennial,brand_a,0,1,0,2,3,3,2,3,0,1
R02330,2024-08-12,ID,millennial,brand_a,0,1,0,5,4,4,4,5,1,0
R02331,2024-08-12,ID,millennial,brand_a,0,1,1,4,3,2,4,4,1,1
R02332,2024-08-12,ID,millennial,brand_a,1,0,1,4,4,1,4,4,1,0
R02333,2024-08-12,ID,millennial,brand_a,0,0,1,2,5,1,4,3,1,0
R02334,2024-08-12,ID,millennial,brand_a,1,1,0,4,3,3,4,4,1,1
R02335,2024-08-12,ID,millennial,brand_a,1,1,1,4,4,2,4,4,1,1
R02336,2024-08-12,ID,millennial,brand_a,1,0,1,4,4,4,3,3,1,0
R02337,2024-08-12,ID,millennial,brand_a,0,1,1,3,3,2,4,3,0,0
R02338,2024-08-12,ID,millennial,brand_a,0,0,1,4,2,4,1,2,1,0
R02339,2024-08-12,ID,millennial,brand_a,0,1,1,3,3,3,2,2,1,1
R02340,2024-08-12,ID,millennial,brand_a,0,1,1,4,5,4,3,4,1,1
R02341,2024-08-12,ID,family,brand_a,0,0,0,3,3,3,4,2,0,1
R02342,2024-08-12,ID,family,brand_a,0,0,1,4,4,2,3,4,1,0
R02343,2024-08-12,ID,family,brand_a,1,1,0,3,2,5,1,2,1,1
R02344,2024-08-12,ID,family,brand_a,1,1,1,5,5,2,4,4,1,0
R02345,2024-08-12,ID,family,brand_a,1,0,1,3,4,3,4,4,0,0
R02346,2024-08-12,ID,family,brand_a,1,1,0,4,3,2,3,3,1,0
R02347,2024-08-12,ID,family,brand_a,1,1,1,4,2,3,3,3,0,0
R02348,2024-08-12,ID,family,brand_a,1,1,0,3,4,1,3,4,1,1
R02349,2024-08-12,ID,family,brand_a,0,1,1,3,2,3,4,3,1,0
R02350,2024-08-12,ID,family,brand_a,1,0,1,2,3,3,3,2,0,0
R02351,2024-08-12,ID,family,brand_a,0,0,1,4,3,2,3,4,1,0
R02352,2024-08-12,ID,family,brand_a,1,0,0,4,4,2,4,3,0,1
R02353,2024-08-12,ID,family,brand_a,1,1,0,3,3,2,4,4,1,0
R02354,2024-08-12,ID,family,brand_a,1,0,1,4,3,1,3,2,0,0
R02355,2024-08-12,ID,family,brand_a,1,1,1,4,5,2,4,3,1,0
R02356,2024-08-12,ID,family,brand_a,1,0,0,4,3,2,2,4,0,0
R02357,2024-08-12,ID,family,brand_a,0,1,0,4,5,2,2,4,1,0
R02358,2024-08-12,ID,family,brand_a,1,0,0,3,2,4,4,4,0,1
R02359,2024-08-12,ID,premium_seekers,brand_a,0,0,1,2,3,3,3,2,0,1
R02360,2024-08-12,ID,premium_seekers,brand_a,1,0,1,5,3,3,5,3,1,0
R02361,2024-08-12,ID,premium_seekers,brand_a,0,0,0,3,2,4,3,1,0,0
R02362,2024-08-12,ID,premium_seekers,brand_a,1,0,1,5,4,2,4,2,1,0
R02363,2024-08-12,ID,premium_seekers,brand_a,1,1,1,3,2,3,2,3,1,0
R02364,2024-08-12,ID,premium_seekers,brand_a,1,1,1,3,2,2,3,4,1,1
R02365,2024-08-12,ID,premium_seekers,brand_a,0,1,1,4,2,1,3,3,1,0
R02366,2024-08-12,ID,premium_seekers,brand_a,0,1,1,3,3,3,4,3,1,0
R02367,2024-08-12,ID,premium_seekers,brand_a,1,1,1,2,3,2,3,3,0,1
R02368,2024-08-12,ID,premium_seekers,brand_a,1,0,0,5,4,3,3,3,1,0
R02369,2024-08-12,ID,premium_seekers,brand_a,1,1,0,4,5,2,3,3,0,1
R02370,2024-08-12,ID,premium_seekers,brand_a,0,0,1,2,3,4,2,3,0,1
R02371,2024-08-12,ID,premium_seekers,brand_a,1,1,0,3,4,1,5,5,1,0
R02372,2024-08-12,ID,premium_seekers,brand_a,1,1,1,3,4,3,3,4,0,0
R02373,2024-08-12,ID,premium_seekers,brand_a,0,0,1,4,4,3,3,4,1,0
R02374,2024-08-12,ID,premium_seekers,brand_a,1,1,1,3,4,4,4,3,1,1
R02375,2024-08-12,ID,premium_seekers,brand_a,0,0,1,2,3,2,2,3,1,0
R02376,2024-08-12,ID,premium_seekers,brand_a,1,0,1,4,2,3,5,3,0,0
R02377,2024-08-19,ID,gen_z,brand_a,0,0,1,3,2,3,2,3,0,1
R02378,2024-08-19,ID,gen_z,brand_a,0,1,1,5,5,1,4,4,1,0
R02379,2024-08-19,ID,gen_z,brand_a,1,0,1,4,5,3,4,4,0,1
R02380,2024-08-19,ID,gen_z,brand_a,1,1,1,5,4,2,3,5,1,0
R02381,2024-08-19,ID,gen_z,brand_a,0,1,1,3,4,2,4,4,1,0
R02382,2024-08-19,ID,gen_z,brand_a,1,1,0,4,3,2,2,3,1,0
R02383,2024-08-19,ID,gen_z,brand_a,1,0,0,4,4,3,3,4,0,0
R02384,2024-08-19,ID,gen_z,brand_a,1,1,0,3,3,3,2,5,1,1
R02385,2024-08-19,ID,gen_z,brand_a,1,0,1,4,3,3,3,5,0,0
R02386,2024-08-19,ID,gen_z,brand_a,1,1,0,2,3,3,1,2,1,1
R02387,2024-08-19,ID,gen_z,brand_a,1,0,1,4,3,2,4,4,1,1
R02388,2024-08-19,ID,gen_z,brand_a,0,1,1,4,4,2,4,4,0,0
R02389,2024-08-19,ID,gen_z,brand_a,1,0,1,4,4,3,3,4,0,0
R02390,2024-08-19,ID,gen_z,brand_a,0,1,0,4,4,1,4,3,1,0
R02391,2024-08-19,ID,gen_z,brand_a,1,0,0,4,3,2,4,4,1,0
R02392,2024-08-19,ID,gen_z,brand_a,0,1,1,4,3,2,4,3,1,0
R02393,2024-08-19,ID,gen_z,brand_a,1,1,1,4,3,3,2,3,1,1
R02394,2024-08-19,ID,gen_z,brand_a,0,0,1,4,2,3,1,3,0,0
R02395,2024-08-19,ID,millennial,brand_a,1,1,0,4,5,2,4,4,1,0
R02396,2024-08-19,ID,millennial,brand_a,1,1,1,4,3,2,4,3,1,1
R02397,2024-08-19,ID,millennial,brand_a,1,1,1,5,4,2,4,4,0,0
R02398,2024-08-19,ID,millennial,brand_a,0,1,1,4,2,1,3,4,0,0
R02399,2024-08-19,ID,millennial,brand_a,0,0,0,4,2,3,2,1,0,0
R02400,2024-08-19,ID,millennial,brand_a,0,1,1,5,5,2,4,5,1,0
R02401,2024-08-19,ID,millennial,brand_a,0,0,1,4,3,3,4,3,0,0
R02402,2024-08-19,ID,millennial,brand_a,0,1,0,4,2,3,3,4,1,0
R02403,2024-08-19,ID,millennial,brand_a,1,0,1,3,4,4,3,3,1,0
R02404,2024-08-19,ID,millennial,brand_a,1,1,1,3,4,4,4,5,1,0
R02405,2024-08-19,ID,millennial,brand_a,0,0,0,3,1,4,3,2,1,0
R02406,2024-08-19,ID,millennial,brand_a,0,1,1,5,3,1,5,4,1,1
R02407,2024-08-19,ID,millennial,brand_a,0,0,1,3,1,3,1,1,1,1
R02408,2024-08-19,ID,millennial,brand_a,0,0,0,3,4,2,3,4,1,1
R02409,2024-08-19,ID,millennial,brand_a,1,0,1,3,4,3,3,4,1,0
R02410,2024-08-19,ID,millennial,brand_a,0,1,0,2,4,2,4,4,1,0
R02411,2024-08-19,ID,millennial,brand_a,1,1,1,3,3,3,4,4,1,0
R02412,2024-08-19,ID,millennial,brand_a,1,1,1,3,4,4,4,3,1,1
R02413,2024-08-19,ID,family,brand_a,1,0,0,2,3,3,2,2,0,0
R02414,2024-08-19,ID,family,brand_a,0,0,0,3,2,2,2,2,1,1
R02415,2024-08-19,ID,family,brand_a,1,0,0,4,4,2,4,2,1,0
R02416,2024-08-19,ID,family,brand_a,0,0,0,2,5,2,4,3,1,1
R02417,2024-08-19,ID,family,brand_a,1,0,0,4,2,3,3,3,0,1
R02418,2024-08-19,ID,family,brand_a,1,0,0,4,5,3,5,4,0,0
R02419,2024-08-19,ID,family,brand_a,1,0,1,3,3,4,2,3,0,1
R02420,2024-08-19,ID,family,brand_a,1,1,1,4,4,2,5,4,1,0
R02421,2024-08-19,ID,family,brand_a,0,0,0,3,2,4,2,3,0,0
R02422,2024-08-19,ID,family,brand_a,1,1,0,3,3,1,3,4,1,0
R02423,2024-08-19,ID,family,brand_a,1,0,1,3,3,2,4,4,1,0
R02424,2024-08-19,ID,family,brand_a,1,1,0,3,3,3,3,4,1,0
R02425,2024-08-19,ID,family,brand_a,0,1,1,3,3,2,4,4,1,1
R02426,2024-08-19,ID,family,brand_a,1,1,0,3,4,2,2,4,1,1
R02427,2024-08-19,ID,family,brand_a,1,1,0,4,5,2,3,5,1,0
R02428,2024-08-19,ID,family,brand_a,0,1,1,4,3,4,5,3,1,0
R02429,2024-08-19,ID,family,brand_a,0,1,1,2,3,3,4,2,0,0
R02430,2024-08-19,ID,family,brand_a,0,1,1,5,4,2,4,3,1,0
R02431,2024-08-19,ID,premium_seekers,brand_a,1,0,1,3,3,2,4,2,0,0
R02432,2024-08-19,ID,premium_seekers,brand_a,1,0,1,5,4,3,2,3,1,0
R02433,2024-08-19,ID,premium_seekers,brand_a,0,1,1,4,3,3,4,5,1,0
R02434,2024-08-19,ID,premium_seekers,brand_a,0,1,1,3,3,2,5,4,1,0
R02435,2024-08-19,ID,premium_seekers,brand_a,1,0,0,3,3,2,3,3,0,0
R02436,2024-08-19,ID,premium_seekers,brand_a,1,0,0,3,3,3,3,3,1,1
R02437,2024-08-19,ID,premium_seekers,brand_a,1,1,0,3,3,3,2,3,1,0
R02438,2024-08-19,ID,premium_seekers,brand_a,1,1,1,3,3,3,3,3,0,1
R02439,2024-08-19,ID,premium_seekers,brand_a,1,1,0,3,3,3,4,4,1,0
R02440,2024-08-19,ID,premium_seekers,brand_a,0,0,1,4,3,3,2,2,0,1
R02441,2024-08-19,ID,premium_seekers,brand_a,0,0,1,3,3,3,1,2,1,1
R02442,2024-08-19,ID,premium_seekers,brand_a,1,1,1,3,3,2,3,4,0,0
R02443,2024-08-19,ID,premium_seekers,brand_a,1,0,0,2,1,3,4,3,1,0
R02444,2024-08-19,ID,premium_seekers,brand_a,1,0,1,4,2,3,3,3,1,0
R02445,2024-08-19,ID,premium_seekers,brand_a,1,1,1,4,4,3,3,3,0,0
R02446,2024-08-19,ID,premium_seekers,brand_a,1,1,1,4,4,4,3,4,1,1
R02447,2024-08-19,ID,premium_seekers,brand_a,1,1,1,4,5,3,4,3,1,1
R02448,2024-08-19,ID,premium_seekers,brand_a,0,1,1,4,5,2,3,5,0,0
R02449,2024-08-26,ID,gen_z,brand_a,0,1,0,5,3,3,3,5,1,0
R02450,2024-08-26,ID,gen_z,brand_a,1,1,1,4,3,4,4,2,1,0
R02451,2024-08-26,ID,gen_z,brand_a,0,1,1,5,3,2,3,4,0,0
R02452,2024-08-26,ID,gen_z,brand_a,0,0,1,4,5,2,2,3,1,1
R02453,2024-08-26,ID,gen_z,brand_a,1,1,0,4,4,2,4,4,1,0
R02454,2024-08-26,ID,gen_z,brand_a,0,0,1,2,3,3,2,2,1,0
R02455,2024-08-26,ID,gen_z,brand_a,1,0,0,5,4,2,4,5,1,0
R02456,2024-08-26,ID,gen_z,brand_a,0,0,1,5,5,2,4,4,1,0
R02457,2024-08-26,ID,gen_z,brand_a,0,1,1,2,4,1,5,4,0,0
R02458,2024-08-26,ID,gen_z,brand_a,1,1,1,3,3,2,4,4,0,0
R02459,2024-08-26,ID,gen_z,brand_a,0,0,1,4,5,1,5,5,1,0
R02460,2024-08-26,ID,gen_z,brand_a,1,1,0,5,4,3,4,3,1,0
R02461,2024-08-26,ID,gen_z,brand_a,1,0,1,3,3,2,3,3,1,1
R02462,2024-08-26,ID,gen_z,brand_a,0,0,1,4,4,3,3,4,0,1
R02463,2024-08-26,ID,gen_z,brand_a,1,1,1,5,4,3,3,4,1,1
R02464,2024-08-26,ID,gen_z,brand_a,1,1,1,4,5,1,4,4,1,0
R02465,2024-08-26,ID,gen_z,brand_a,1,1,1,4,4,1,5,3,1,0
R02466,2024-08-26,ID,gen_z,brand_a,0,1,0,3,2,2,4,4,0,1
R02467,2024-08-26,ID,millennial,brand_a,1,1,0,4,4,2,2,3,0,1
R02468,2024-08-26,ID,millennial,brand_a,1,0,0,4,3,2,5,4,1,0
R02469,2024-08-26,ID,millennial,brand_a,0,1,0,2,3,2,3,4,0,0
R02470,2024-08-26,ID,millennial,brand_a,1,1,1,3,3,1,3,4,1,1
R02471,2024-08-26,ID,millennial,brand_a,0,0,1,3,4,2,4,3,0,0
R02472,2024-08-26,ID,millennial,brand_a,0,0,0,2,4,4,3,3,1,1
R02473,2024-08-26,ID,millennial,brand_a,1,1,1,2,4,4,4,3,0,0
R02474,2024-08-26,ID,millennial,brand_a,0,0,1,2,2,5,2,1,0,1
R02475,2024-08-26,ID,millennial,brand_a,0,1,1,4,4,3,2,3,1,0
R02476,2024-08-26,ID,millennial,brand_a,1,1,0,4,5,2,3,3,1,0
R02477,2024-08-26,ID,millennial,brand_a,1,0,1,4,3,3,4,4,1,1
R02478,2024-08-26,ID,millennial,brand_a,1,0,1,5,3,2,5,3,0,0
R02479,2024-08-26,ID,millennial,brand_a,1,0,0,4,3,2,4,3,1,1
R02480,2024-08-26,ID,millennial,brand_a,0,1,0,3,4,2,3,2,0,0
R02481,2024-08-26,ID,millennial,brand_a,0,0,1,5,2,2,4,3,0,0
R02482,2024-08-26,ID,millennial,brand_a,0,1,1,4,4,1,4,4,0,0
R02483,2024-08-26,ID,millennial,brand_a,0,0,0,2,3,3,4,2,1,0
R02484,2024-08-26,ID,millennial,brand_a,0,1,0,2,4,3,3,3,1,1
R02485,2024-08-26,ID,family,brand_a,0,0,0,2,3,3,2,3,0,0
R02486,2024-08-26,ID,family,brand_a,0,1,1,3,3,2,4,4,1,0
R02487,2024-08-26,ID,family,brand_a,0,1,0,4,4,3,4,2,1,1
R02488,2024-08-26,ID,family,brand_a,1,1,0,3,3,2,3,4,1,1
R02489,2024-08-26,ID,family,brand_a,1,0,0,2,3,3,5,3,1,1
R02490,2024-08-26,ID,family,brand_a,1,1,1,4,4,2,3,4,1,0
R02491,2024-08-26,ID,family,brand_a,1,1,1,4,4,3,5,3,1,0
R02492,2024-08-26,ID,family,brand_a,1,0,1,4,5,2,4,5,1,0
R02493,2024-08-26,ID,family,brand_a,0,1,1,3,5,2,2,2,0,0
R02494,2024-08-26,ID,family,brand_a,1,1,0,3,4,2,4,3,0,0
R02495,2024-08-26,ID,family,brand_a,1,1,1,3,3,1,3,4,1,0
R02496,2024-08-26,ID,family,brand_a,0,1,1,3,3,2,3,4,0,0
R02497,2024-08-26,ID,family,brand_a,1,0,1,2,4,2,4,4,1,1
R02498,2024-08-26,ID,family,brand_a,1,1,0,3,3,2,3,2,1,1
R02499,2024-08-26,ID,family,brand_a,1,1,1,3,5,1,3,5,1,0
R02500,2024-08-26,ID,family,brand_a,0,0,0,3,4,4,2,2,0,1
R02501,2024-08-26,ID,family,brand_a,0,0,0,5,3,2,4,4,1,0
R02502,2024-08-26,ID,family,brand_a,1,0,1,4,4,1,4,4,1,0
R02503,2024-08-26,ID,premium_seekers,brand_a,1,1,1,5,4,2,4,4,1,1
R02504,2024-08-26,ID,premium_seekers,brand_a,1,0,0,5,4,2,5,4,1,0
R02505,2024-08-26,ID,premium_seekers,brand_a,1,0,0,3,4,2,3,4,1,0
R02506,2024-08-26,ID,premium_seekers,brand_a,1,1,0,4,2,2,4,4,0,0
R02507,2024-08-26,ID,premium_seekers,brand_a,1,1,0,2,2,2,4,3,1,0
R02508,2024-08-26,ID,premium_seekers,brand_a,1,1,0,5,3,2,4,3,1,0
R02509,2024-08-26,ID,premium_seekers,brand_a,1,1,1,2,3,2,3,4,1,0
R02510,2024-08-26,ID,premium_seekers,brand_a,1,1,0,5,4,1,5,3,1,0
R02511,2024-08-26,ID,premium_seekers,brand_a,1,1,1,4,5,1,3,5,1,0
R02512,2024-08-26,ID,premium_seekers,brand_a,0,1,0,3,3,2,3,4,1,1
R02513,2024-08-26,ID,premium_seekers,brand_a,0,0,1,1,3,5,3,2,0,0
R02514,2024-08-26,ID,premium_seekers,brand_a,0,1,1,5,5,2,5,5,1,1
R02515,2024-08-26,ID,premium_seekers,brand_a,0,1,0,2,4,2,3,3,0,1
R02516,2024-08-26,ID,premium_seekers,brand_a,1,1,0,4,4,2,4,5,1,0
R02517,2024-08-26,ID,premium_seekers,brand_a,0,1,1,3,3,3,5,2,1,0
R02518,2024-08-26,ID,premium_seekers,brand_a,1,1,1,4,5,1,4,4,1,0
R02519,2024-08-26,ID,premium_seekers,brand_a,1,1,0,4,3,2,4,4,0,1
R02520,2024-08-26,ID,premium_seekers,brand_a,1,1,0,4,5,1,4,4,1,0
R02521,2024-09-02,ID,gen_z,brand_a,0,0,0,1,2,4,2,2,0,0
R02522,2024-09-02,ID,gen_z,brand_a,1,0,0,2,4,3,3,3,0,1
R02523,2024-09-02,ID,gen_z,brand_a,0,0,0,3,2,4,3,3,0,1
R02524,2024-09-02,ID,gen_z,brand_a,0,1,0,4,3,1,3,5,1,0
R02525,2024-09-02,ID,gen_z,brand_a,1,1,1,4,5,2,5,4,0,1
R02526,2024-09-02,ID,gen_z,brand_a,0,1,1,2,2,4,1,3,0,1
R02527,2024-09-02,ID,gen_z,brand_a,0,0,1,4,3,3,3,2,0,0
R02528,2024-09-02,ID,gen_z,brand_a,0,1,1,2,2,4,2,1,0,0
R02529,2024-09-02,ID,gen_z,brand_a,1,1,1,3,3,4,4,2,1,0
R02530,2024-09-02,ID,gen_z,brand_a,0,1,1,4,3,3,3,3,0,1
R02531,2024-09-02,ID,gen_z,brand_a,0,0,0,3,3,4,3,3,1,0
R02532,2024-09-02,ID,gen_z,brand_a,1,0,1,3,3,4,3,1,1,1
R02533,2024-09-02,ID,gen_z,brand_a,0,1,0,3,1,4,2,2,0,0
R02534,2024-09-02,ID,gen_z,brand_a,1,1,0,4,5,2,5,4,1,1
R02535,2024-09-02,ID,gen_z,brand_a,1,0,0,3,3,3,3,3,1,1
R02536,2024-09-02,ID,gen_z,brand_a,0,1,0,3,3,2,3,2,0,1
R02537,2024-09-02,ID,gen_z,brand_a,0,0,0,3,2,4,2,2,1,1
R02538,2024-09-02,ID,gen_z,brand_a,1,1,1,3,3,3,4,4,0,0
R02539,2024-09-02,ID,millennial,brand_a,0,1,0,3,3,3,2,3,0,1
R02540,2024-09-02,ID,millennial,brand_a,1,0,0,1,1,4,2,2,0,1
R02541,2024-09-02,ID,millennial,brand_a,0,1,0,3,2,5,2,3,1,1
R02542,2024-09-02,ID,millennial,brand_a,1,1,1,2,2,4,1,3,1,0
R02543,2024-09-02,ID,millennial,brand_a,0,1,1,3,3,3,4,3,0,1
R02544,2024-09-02,ID,millennial,brand_a,1,0,1,4,4,3,3,4,0,0
R02545,2024-09-02,ID,millennial,brand_a,0,0,0,1,2,5,1,2,0,1
R02546,2024-09-02,ID,millennial,brand_a,0,1,0,3,4,2,3,3,0,0
R02547,2024-09-02,ID,millennial,brand_a,1,1,1,3,3,2,3,4,0,0
R02548,2024-09-02,ID,millennial,brand_a,1,0,0,2,4,5,2,3,0,1
R02549,2024-09-02,ID,millennial,brand_a,0,1,1,2,3,3,2,4,1,0
R02550,2024-09-02,ID,millennial,brand_a,1,0,0,2,3,4,2,1,1,0
R02551,2024-09-02,ID,millennial,brand_a,0,1,0,2,3,5,2,1,0,0
R02552,2024-09-02,ID,millennial,brand_a,0,0,0,4,2,4,2,4,0,0
R02553,2024-09-02,ID,millennial,brand_a,0,1,0,3,3,3,2,2,1,1
R02554,2024-09-02,ID,millennial,brand_a,0,0,0,4,4,3,4,3,0,1
R02555,2024-09-02,ID,millennial,brand_a,0,0,0,2,3,4,2,2,0,0
R02556,2024-09-02,ID,millennial,brand_a,1,1,0,3,2,3,2,2,1,1
R02557,2024-09-02,ID,family,brand_a,1,1,0,3,3,3,3,4,0,0
R02558,2024-09-02,ID,family,brand_a,0,0,1,2,2,4,3,1,0,1
R02559,2024-09-02,ID,family,brand_a,0,0,0,2,2,4,3,2,0,0
R02560,2024-09-02,ID,family,brand_a,0,1,1,2,4,2,2,2,1,0
R02561,2024-09-02,ID,family,brand_a,1,1,0,4,3,2,2,4,1,1
R02562,2024-09-02,ID,family,brand_a,0,1,1,1,2,4,2,4,0,0
R02563,2024-09-02,ID,family,brand_a,0,0,0,2,3,4,2,1,1,1
R02564,2024-09-02,ID,family,brand_a,1,1,0,4,4,2,4,4,0,0
R02565,2024-09-02,ID,family,brand_a,1,0,1,4,4,3,2,3,1,1
R02566,2024-09-02,ID,family,brand_a,0,1,1,3,3,3,1,5,1,0
R02567,2024-09-02,ID,family,brand_a,0,1,0,1,2,4,2,1,0,1
R02568,2024-09-02,ID,family,brand_a,1,0,1,3,3,4,3,3,0,0
R02569,2024-09-02,ID,family,brand_a,1,1,0,2,2,4,2,2,0,1
R02570,2024-09-02,ID,family,brand_a,1,1,0,4,3,2,4,3,1,0
R02571,2024-09-02,ID,family,brand_a,1,0,1,3,2,4,3,5,1,1
R02572,2024-09-02,ID,family,brand_a,1,0,1,4,1,4,4,4,0,1
R02573,2024-09-02,ID,family,brand_a,1,1,0,4,4,2,5,3,1,0
R02574,2024-09-02,ID,family,brand_a,0,0,0,3,1,5,2,1,0,1
R02575,2024-09-02,ID,premium_seekers,brand_a,0,0,0,3,2,4,2,3,1,1
R02576,2024-09-02,ID,premium_seekers,brand_a,0,0,0,1,2,2,2,1,0,1
R02577,2024-09-02,ID,premium_seekers,brand_a,0,1,0,2,1,3,1,2,0,1
R02578,2024-09-02,ID,premium_seekers,brand_a,0,0,1,4,3,2,2,3,1,1
R02579,2024-09-02,ID,premium_seekers,brand_a,0,1,1,2,2,4,4,4,0,1
R02580,2024-09-02,ID,premium_seekers,brand_a,0,1,0,3,3,2,4,4,1,0
R02581,2024-09-02,ID,premium_seekers,brand_a,0,1,1,3,4,4,2,3,0,0
R02582,2024-09-02,ID,premium_seekers,brand_a,0,1,0,2,2,2,3,3,1,0
R02583,2024-09-02,ID,premium_seekers,brand_a,0,0,0,3,3,4,2,2,0,1
R02584,2024-09-02,ID,premium_seekers,brand_a,1,0,0,3,4,4,3,4,0,1
R02585,2024-09-02,ID,premium_seekers,brand_a,0,0,0,2,2,4,2,1,0,1
R02586,2024-09-02,ID,premium_seekers,brand_a,1,0,0,2,2,4,2,1,0,1
R02587,2024-09-02,ID,premium_seekers,brand_a,0,1,0,4,3,3,3,4,1,1
R02588,2024-09-02,ID,premium_seekers,brand_a,1,0,0,4,2,3,2,3,0,1
R02589,2024-09-02,ID,premium_seekers,brand_a,0,1,0,4,3,3,4,4,0,1
R02590,2024-09-02,ID,premium_seekers,brand_a,1,1,0,3,3,3,4,4,1,1
R02591,2024-09-02,ID,premium_seekers,brand_a,1,1,0,4,4,4,1,2,0,1
R02592,2024-09-02,ID,premium_seekers,brand_a,0,0,0,4,2,3,3,3,1,0
R02593,2024-09-09,ID,gen_z,brand_a,1,1,1,3,5,2,3,2,1,0
R02594,2024-09-09,ID,gen_z,brand_a,0,0,0,2,1,4,2,3,1,1
R02595,2024-09-09,ID,gen_z,brand_a,0,0,1,2,3,2,2,2,1,0
R02596,2024-09-09,ID,gen_z,brand_a,1,0,0,1,3,5,3,2,0,0
R02597,2024-09-09,ID,gen_z,brand_a,1,0,1,3,3,3,4,4,1,1
R02598,2024-09-09,ID,gen_z,brand_a,1,1,1,2,2,4,2,2,0,0
R02599,2024-09-09,ID,gen_z,brand_a,0,0,0,2,3,4,3,2,0,1
R02600,2024-09-09,ID,gen_z,brand_a,1,0,1,3,4,3,2,4,0,1
R02601,2024-09-09,ID,gen_z,brand_a,1,0,0,3,1,4,3,2,0,1
R02602,2024-09-09,ID,gen_z,brand_a,0,0,0,2,3,4,3,3,0,1
R02603,2024-09-09,ID,gen_z,brand_a,1,0,1,2,2,3,2,2,0,1
R02604,2024-09-09,ID,gen_z,brand_a,0,1,1,4,2,3,2,2,1,1
R02605,2024-09-09,ID,gen_z,brand_a,0,1,0,3,4,4,3,3,0,1
R02606,2024-09-09,ID,gen_z,brand_a,1,0,0,2,3,3,1,4,0,1
R02607,2024-09-09,ID,gen_z,brand_a,0,0,0,2,1,4,2,4,0,1
R02608,2024-09-09,ID,gen_z,brand_a,1,0,1,5,4,1,3,3,1,1
R02609,2024-09-09,ID,gen_z,brand_a,0,0,0,1,1,5,2,1,0,0
R02610,2024-09-09,ID,gen_z,brand_a,0,0,1,1,2,3,2,2,0,0
R02611,2024-09-09,ID,millennial,brand_a,1,0,1,2,4,4,4,3,0,1
R02612,2024-09-09,ID,millennial,brand_a,0,0,0,3,2,4,2,2,1,1
R02613,2024-09-09,ID,millennial,brand_a,1,1,0,4,4,2,3,3,1,1
R02614,2024-09-09,ID,millennial,brand_a,0,1,1,3,2,3,2,2,0,0
R02615,2024-09-09,ID,millennial,brand_a,1,1,0,2,3,4,1,2,1,1
R02616,2024-09-09,ID,millennial,brand_a,1,0,0,2,4,3,2,3,1,1
R02617,2024-09-09,ID,millennial,brand_a,0,0,0,1,2,4,2,2,0,1
R02618,2024-09-09,ID,millennial,brand_a,0,0,0,4,2,3,3,2,1,0
R02619,2024-09-09,ID,millennial,brand_a,0,0,1,2,3,2,3,3,1,0
R02620,2024-09-09,ID,millennial,brand_a,0,1,1,2,2,5,2,2,0,1
R02621,2024-09-09,ID,millennial,brand_a,0,1,1,2,3,2,3,3,1,1
R02622,2024-09-09,ID,millennial,brand_a,0,1,1,4,4,2,4,1,1,1
R02623,2024-09-09,ID,millennial,brand_a,1,1,0,4,4,3,3,4,0,0
R02624,2024-09-09,ID,millennial,brand_a,0,0,1,2,2,4,2,2,0,1
R02625,2024-09-09,ID,millennial,brand_a,0,0,0,5,3,2,3,3,1,1
R02626,2024-09-09,ID,millennial,brand_a,0,1,0,2,2,3,2,1,0,1
R02627,2024-09-09,ID,millennial,brand_a,1,1,0,2,2,4,3,2,0,0
R02628,2024-09-09,ID,millennial,brand_a,1,1,0,3,2,4,3,4,0,0
R02629,2024-09-09,ID,family,brand_a,0,0,0,2,2,4,2,2,0,1
R02630,2024-09-09,ID,family,brand_a,0,1,0,3,2,3,4,3,0,1
R02631,2024-09-09,ID,family,brand_a,0,1,1,5,4,4,4,4,1,0
R02632,2024-09-09,ID,family,brand_a,1,0,1,2,4,3,2,3,1,1
R02633,2024-09-09,ID,family,brand_a,0,1,0,4,1,2,3,3,0,1
R02634,2024-09-09,ID,family,brand_a,1,0,1,3,1,2,3,2,1,1
R02635,2024-09-09,ID,family,brand_a,0,0,0,3,3,4,2,4,1,1
R02636,2024-09-09,ID,family,brand_a,0,0,1,4,3,2,4,2,1,0
R02637,2024-09-09,ID,family,brand_a,0,0,1,2,3,3,2,2,1,1
R02638,2024-09-09,ID,family,brand_a,1,0,1,1,2,3,3,2,0,0
R02639,2024-09-09,ID,family,brand_a,1,1,0,2,2,5,1,2,0,1
R02640,2024-09-09,ID,family,brand_a,1,1,1,3,3,2,3,1,0,1
R02641,2024-09-09,ID,family,brand_a,0,0,0,3,2,4,1,2,1,1
R02642,2024-09-09,ID,family,brand_a,1,0,0,1,3,4,2,3,1,1
R02643,2024-09-09,ID,family,brand_a,1,1,1,3,4,3,3,4,1,1
R02644,2024-09-09,ID,family,brand_a,1,1,1,5,5,1,3,5,1,0
R02645,2024-09-09,ID,family,brand_a,1,1,0,4,3,2,2,2,0,0
R02646,2024-09-09,ID,family,brand_a,1,0,0,2,3,4,3,3,1,1
R02647,2024-09-09,ID,premium_seekers,brand_a,1,0,1,4,4,2,2,3,0,0
R02648,2024-09-09,ID,premium_seekers,brand_a,0,1,1,2,2,4,2,2,1,0
R02649,2024-09-09,ID,premium_seekers,brand_a,1,0,0,2,3,3,4,2,0,0
R02650,2024-09-09,ID,premium_seekers,brand_a,1,1,0,3,3,3,3,3,1,0
R02651,2024-09-09,ID,premium_seekers,brand_a,1,1,1,2,3,4,2,2,0,0
R02652,2024-09-09,ID,premium_seekers,brand_a,0,0,0,1,2,2,2,1,0,1
R02653,2024-09-09,ID,premium_seekers,brand_a,1,0,0,2,3,3,1,3,0,1
R02654,2024-09-09,ID,premium_seekers,brand_a,1,1,0,1,1,5,2,3,0,0
R02655,2024-09-09,ID,premium_seekers,brand_a,1,1,1,5,4,2,4,4,0,1
R02656,2024-09-09,ID,premium_seekers,brand_a,1,1,0,2,4,1,3,3,1,1
R02657,2024-09-09,ID,premium_seekers,brand_a,0,0,1,2,2,5,2,2,0,0
R02658,2024-09-09,ID,premium_seekers,brand_a,0,1,1,4,4,3,3,4,1,1
R02659,2024-09-09,ID,premium_seekers,brand_a,0,0,0,2,3,4,4,2,0,1
R02660,2024-09-09,ID,premium_seekers,brand_a,1,0,0,3,4,3,2,3,0,1
R02661,2024-09-09,ID,premium_seekers,brand_a,1,1,0,3,2,4,2,3,0,0
R02662,2024-09-09,ID,premium_seekers,brand_a,1,0,0,4,4,2,3,3,1,1
R02663,2024-09-09,ID,premium_seekers,brand_a,0,0,1,3,5,2,2,4,0,1
R02664,2024-09-09,ID,premium_seekers,brand_a,0,0,0,3,4,3,3,5,0,1
R02665,2024-09-16,ID,gen_z,brand_a,1,0,1,3,3,3,3,4,0,1
R02666,2024-09-16,ID,gen_z,brand_a,1,1,0,2,2,3,2,3,0,1
R02667,2024-09-16,ID,gen_z,brand_a,0,0,1,2,4,3,2,2,0,0
R02668,2024-09-16,ID,gen_z,brand_a,1,0,1,2,2,3,2,2,0,0
R02669,2024-09-16,ID,gen_z,brand_a,1,1,0,1,2,3,3,3,0,0
R02670,2024-09-16,ID,gen_z,brand_a,0,1,1,2,2,3,3,3,1,0
R02671,2024-09-16,ID,gen_z,brand_a,1,1,0,4,4,4,3,4,0,1
R02672,2024-09-16,ID,gen_z,brand_a,1,0,0,4,3,2,3,4,1,0
R02673,2024-09-16,ID,gen_z,brand_a,0,0,0,1,1,4,3,1,0,1
R02674,2024-09-16,ID,gen_z,brand_a,1,1,1,3,3,1,3,4,0,0
R02675,2024-09-16,ID,gen_z,brand_a,1,0,1,3,1,4,2,2,0,1
R02676,2024-09-16,ID,gen_z,brand_a,1,1,1,1,4,2,4,4,1,0
R02677,2024-09-16,ID,gen_z,brand_a,1,0,1,4,4,4,3,4,1,1
R02678,2024-09-16,ID,gen_z,brand_a,1,0,1,2,2,2,3,5,0,0
R02679,2024-09-16,ID,gen_z,brand_a,1,0,1,2,2,3,1,2,1,1
R02680,2024-09-16,ID,gen_z,brand_a,1,0,1,2,3,3,4,3,0,1
R02681,2024-09-16,ID,gen_z,brand_a,1,0,1,4,5,4,3,2,0,0
R02682,2024-09-16,ID,gen_z,brand_a,0,0,0,2,4,3,3,3,1,1
R02683,2024-09-16,ID,millennial,brand_a,0,0,0,3,3,2,3,3,0,0
R02684,2024-09-16,ID,millennial,brand_a,0,0,0,3,3,3,2,1,0,0
R02685,2024-09-16,ID,millennial,brand_a,0,1,0,3,2,4,3,3,1,1
R02686,2024-09-16,ID,millennial,brand_a,0,1,0,1,3,3,2,3,1,1
R02687,2024-09-16,ID,millennial,brand_a,0,0,1,2,2,4,2,3,1,1
R02688,2024-09-16,ID,millennial,brand_a,0,1,0,2,3,2,2,2,0,1
R02689,2024-09-16,ID,millennial,brand_a,1,0,0,1,1,4,1,2,0,1
R02690,2024-09-16,ID,millennial,brand_a,1,0,0,2,1,3,2,3,0,0
R02691,2024-09-16,ID,millennial,brand_a,1,1,1,2,2,4,3,3,0,1
R02692,2024-09-16,ID,millennial,brand_a,0,1,0,1,3,3,3,2,1,1
R02693,2024-09-16,ID,millennial,brand_a,1,1,1,2,2,4,2,1,0,1
R02694,2024-09-16,ID,millennial,brand_a,0,1,0,1,2,4,1,2,0,1
R02695,2024-09-16,ID,millennial,brand_a,0,0,1,3,2,3,2,3,1,1
R02696,2024-09-16,ID,millennial,brand_a,0,0,1,2,3,4,4,1,1,0
R02697,2024-09-16,ID,millennial,brand_a,0,0,1,4,5,2,4,4,1,0
R02698,2024-09-16,ID,millennial,brand_a,1,1,0,2,2,5,3,2,0,0
R02699,2024-09-16,ID,millennial,brand_a,0,0,0,3,4,4,4,2,1,1
R02700,2024-09-16,ID,millennial,brand_a,0,1,1,3,3,4,3,2,0,0
R02701,2024-09-16,ID,family,brand_a,0,1,0,2,3,3,3,2,1,1
R02702,2024-09-16,ID,family,brand_a,1,1,0,2,3,4,4,3,1,0
R02703,2024-09-16,ID,family,brand_a,1,0,1,2,1,4,2,2,0,0
R02704,2024-09-16,ID,family,brand_a,1,0,0,2,3,3,3,2,1,0
R02705,2024-09-16,ID,family,brand_a,1,1,1,5,4,2,4,4,1,0
R02706,2024-09-16,ID,family,brand_a,1,1,0,4,4,2,4,3,1,1
R02707,2024-09-16,ID,family,brand_a,1,0,0,5,4,4,2,3,0,0
R02708,2024-09-16,ID,family,brand_a,1,0,0,4,2,4,3,2,0,1
R02709,2024-09-16,ID,family,brand_a,0,1,1,3,3,4,2,2,0,1
R02710,2024-09-16,ID,family,brand_a,0,0,0,3,2,4,2,3,1,0
R02711,2024-09-16,ID,family,brand_a,0,0,0,2,1,5,2,3,0,1
R02712,2024-09-16,ID,family,brand_a,0,0,1,3,2,3,3,3,0,1
R02713,2024-09-16,ID,family,brand_a,0,1,0,2,1,4,2,2,0,1
R02714,2024-09-16,ID,family,brand_a,0,0,0,2,1,4,1,2,1,1
R02715,2024-09-16,ID,family,brand_a,0,0,0,2,2,4,2,1,0,1
R02716,2024-09-16,ID,family,brand_a,0,0,1,3,3,2,2,3,0,1
R02717,2024-09-16,ID,family,brand_a,1,1,0,3,2,3,3,4,1,0
R02718,2024-09-16,ID,family,brand_a,0,1,0,5,2,3,4,2,1,0
R02719,2024-09-16,ID,premium_seekers,brand_a,0,0,0,1,3,4,2,2,0,1
R02720,2024-09-16,ID,premium_seekers,brand_a,1,1,0,2,2,2,3,3,0,1
R02721,2024-09-16,ID,premium_seekers,brand_a,1,0,0,4,3,2,3,3,1,0
R02722,2024-09-16,ID,premium_seekers,brand_a,1,0,0,3,2,2,2,3,1,0
R02723,2024-09-16,ID,premium_seekers,brand_a,0,0,0,2,2,3,3,3,1,1
R02724,2024-09-16,ID,premium_seekers,brand_a,0,1,1,2,4,2,4,2,1,0
R02725,2024-09-16,ID,premium_seekers,brand_a,0,1,1,3,2,4,3,2,1,1
R02726,2024-09-16,ID,premium_seekers,brand_a,0,0,0,4,3,2,3,3,0,0
R02727,2024-09-16,ID,premium_seekers,brand_a,0,0,0,3,2,4,3,1,1,1
R02728,2024-09-16,ID,premium_seekers,brand_a,1,0,0,3,3,4,3,3,1,1
R02729,2024-09-16,ID,premium_seekers,brand_a,0,1,1,4,3,2,4,4,1,0
R02730,2024-09-16,ID,premium_seekers,brand_a,0,1,1,2,2,4,2,2,0,1
R02731,2024-09-16,ID,premium_seekers,brand_a,0,1,0,2,3,4,2,4,0,1
R02732,2024-09-16,ID,premium_seekers,brand_a,0,0,0,3,3,4,2,2,0,1
R02733,2024-09-16,ID,premium_seekers,brand_a,1,1,0,2,3,3,4,3,1,1
R02734,2024-09-16,ID,premium_seekers,brand_a,1,0,0,3,2,3,2,1,0,0
R02735,2024-09-16,ID,premium_seekers,brand_a,0,0,1,3,3,4,3,3,0,0
R02736,2024-09-16,ID,premium_seekers,brand_a,0,0,0,1,3,4,2,2,1,1
R02737,2024-09-23,ID,gen_z,brand_a,0,0,1,2,3,4,3,4,0,0
R02738,2024-09-23,ID,gen_z,brand_a,0,0,0,3,3,4,3,4,1,0
R02739,2024-09-23,ID,gen_z,brand_a,0,1,0,4,3,2,4,3,0,1
R02740,2024-09-23,ID,gen_z,brand_a,1,1,1,3,3,3,2,3,0,0
R02741,2024-09-23,ID,gen_z,brand_a,1,0,0,2,2,4,2,4,0,0
R02742,2024-09-23,ID,gen_z,brand_a,0,1,0,1,2,4,3,3,1,1
R02743,2024-09-23,ID,gen_z,brand_a,0,1,1,4,4,3,3,2,0,0
R02744,2024-09-23,ID,gen_z,brand_a,0,1,1,4,2,2,3,4,1,0
R02745,2024-09-23,ID,gen_z,brand_a,0,1,1,2,2,2,4,4,1,1
R02746,2024-09-23,ID,gen_z,brand_a,1,1,1,3,3,4,1,3,1,0
R02747,2024-09-23,ID,gen_z,brand_a,1,0,1,2,2,3,3,1,0,1
R02748,2024-09-23,ID,gen_z,brand_a,1,1,1,3,3,4,4,3,1,0
R02749,2024-09-23,ID,gen_z,brand_a,1,1,0,3,4,2,2,3,0,1
R02750,2024-09-23,ID,gen_z,brand_a,0,1,0,2,3,3,2,3,0,1
R02751,2024-09-23,ID,gen_z,brand_a,1,0,1,3,4,4,3,2,1,1
R02752,2024-09-23,ID,gen_z,brand_a,1,0,1,4,4,3,2,2,0,1
R02753,2024-09-23,ID,gen_z,brand_a,1,0,0,2,3,5,3,2,0,1
R02754,2024-09-23,ID,gen_z,brand_a,1,1,1,3,3,4,2,2,0,1
R02755,2024-09-23,ID,millennial,brand_a,1,1,0,4,3,3,1,3,1,1
R02756,2024-09-23,ID,millennial,brand_a,0,1,0,2,3,4,3,3,1,0
R02757,2024-09-23,ID,millennial,brand_a,0,0,0,3,2,2,3,2,0,1
R02758,2024-09-23,ID,millennial,brand_a,0,0,1,5,3,3,4,4,0,0
R02759,2024-09-23,ID,millennial,brand_a,1,0,0,2,4,4,2,4,1,0
R02760,2024-09-23,ID,millennial,brand_a,0,1,0,3,4,3,4,2,1,0
R02761,2024-09-23,ID,millennial,brand_a,1,0,0,1,2,4,1,1,1,1
R02762,2024-09-23,ID,millennial,brand_a,0,0,0,2,2,5,1,1,0,0
R02763,2024-09-23,ID,millennial,brand_a,1,0,1,4,3,3,3,3,1,1
R02764,2024-09-23,ID,millennial,brand_a,0,1,1,4,4,4,5,5,1,0
R02765,2024-09-23,ID,millennial,brand_a,0,0,1,3,3,2,2,2,1,1
R02766,2024-09-23,ID,millennial,brand_a,0,0,0,1,2,3,1,1,1,1
R02767,2024-09-23,ID,millennial,brand_a,1,1,1,2,3,3,4,2,0,1
R02768,2024-09-23,ID,millennial,brand_a,0,1,0,4,2,2,2,3,0,0
R02769,2024-09-23,ID,millennial,brand_a,1,1,1,3,3,4,4,2,1,0
R02770,2024-09-23,ID,millennial,brand_a,1,1,1,3,3,3,4,4,1,0
R02771,2024-09-23,ID,millennial,brand_a,1,0,1,3,2,3,3,2,0,0
R02772,2024-09-23,ID,millennial,brand_a,0,0,0,4,3,3,4,4,1,0
R02773,2024-09-23,ID,family,brand_a,0,0,1,4,2,4,3,2,0,0
R02774,2024-09-23,ID,family,brand_a,0,0,0,2,3,3,3,4,1,1
R02775,2024-09-23,ID,family,brand_a,1,1,0,4,4,3,5,4,1,0
R02776,2024-09-23,ID,family,brand_a,0,0,0,2,2,4,2,2,0,0
R02777,2024-09-23,ID,family,brand_a,1,1,1,5,4,2,4,3,0,1
R02778,2024-09-23,ID,family,brand_a,0,0,1,2,3,3,3,2,0,0
R02779,2024-09-23,ID,family,brand_a,0,0,0,3,5,2,2,3,1,0
R02780,2024-09-23,ID,family,brand_a,0,0,0,3,5,3,4,3,0,1
R02781,2024-09-23,ID,family,brand_a,0,0,0,3,3,2,3,3,0,0
R02782,2024-09-23,ID,family,brand_a,0,0,1,3,1,3,3,2,0,0
R02783,2024-09-23,ID,family,brand_a,1,1,0,3,4,2,4,2,0,1
R02784,2024-09-23,ID,family,brand_a,0,1,0,3,5,3,2,2,1,1
R02785,2024-09-23,ID,family,brand_a,0,1,0,4,3,2,4,3,1,1
R02786,2024-09-23,ID,family,brand_a,1,0,0,3,3,3,4,4,1,0
R02787,2024-09-23,ID,family,brand_a,0,1,1,4,3,4,2,2,1,1
R02788,2024-09-23,ID,family,brand_a,1,0,1,3,4,4,4,3,1,0
R02789,2024-09-23,ID,family,brand_a,0,1,1,2,3,3,3,3,0,0
R02790,2024-09-23,ID,family,brand_a,0,0,0,3,2,4,2,1,0,1
R02791,2024-09-23,ID,premium_seekers,brand_a,0,1,0,3,5,4,4,3,1,0
R02792,2024-09-23,ID,premium_seekers,brand_a,0,0,1,2,3,4,2,3,1,1
R02793,2024-09-23,ID,premium_seekers,brand_a,0,0,1,3,4,2,3,4,1,1
R02794,2024-09-23,ID,premium_seekers,brand_a,1,0,0,4,4,2,4,3,1,0
R02795,2024-09-23,ID,premium_seekers,brand_a,0,0,1,2,3,3,3,3,0,0
R02796,2024-09-23,ID,premium_seekers,brand_a,1,0,1,2,2,5,3,3,1,1
R02797,2024-09-23,ID,premium_seekers,brand_a,0,1,1,1,2,4,2,2,0,1
R02798,2024-09-23,ID,premium_seekers,brand_a,0,0,0,3,1,4,3,2,0,0
R02799,2024-09-23,ID,premium_seekers,brand_a,1,1,1,2,3,3,2,3,0,0
R02800,2024-09-23,ID,premium_seekers,brand_a,1,0,0,2,3,3,4,3,0,1
R02801,2024-09-23,ID,premium_seekers,brand_a,0,1,0,3,1,4,2,3,1,1
R02802,2024-09-23,ID,premium_seekers,brand_a,0,0,0,2,2,4,2,2,1,1
R02803,2024-09-23,ID,premium_seekers,brand_a,0,1,0,2,3,3,2,2,0,1
R02804,2024-09-23,ID,premium_seekers,brand_a,0,0,0,2,2,3,3,2,1,0
R02805,2024-09-23,ID,premium_seekers,brand_a,1,0,0,2,2,4,2,2,1,1
R02806,2024-09-23,ID,premium_seekers,brand_a,1,1,0,5,4,2,3,3,1,0
R02807,2024-09-23,ID,premium_seekers,brand_a,1,0,0,3,2,3,2,3,0,1
R02808,2024-09-23,ID,premium_seekers,brand_a,1,0,0,2,3,3,3,4,1,1
R02809,2024-09-30,ID,gen_z,brand_a,0,1,0,4,2,4,2,4,1,0
R02810,2024-09-30,ID,gen_z,brand_a,1,0,1,1,2,4,2,3,1,1
R02811,2024-09-30,ID,gen_z,brand_a,0,1,0,3,1,3,2,3,0,0
R02812,2024-09-30,ID,gen_z,brand_a,0,0,1,5,3,3,5,5,1,0
R02813,2024-09-30,ID,gen_z,brand_a,1,0,0,2,2,3,2,1,0,0
R02814,2024-09-30,ID,gen_z,brand_a,0,1,1,2,1,4,3,2,0,1
R02815,2024-09-30,ID,gen_z,brand_a,0,0,0,4,4,2,4,3,1,0
R02816,2024-09-30,ID,gen_z,brand_a,0,1,1,4,3,2,3,4,0,0
R02817,2024-09-30,ID,gen_z,brand_a,0,0,1,2,2,2,2,2,0,1
R02818,2024-09-30,ID,gen_z,brand_a,0,1,0,2,3,4,2,2,0,1
R02819,2024-09-30,ID,gen_z,brand_a,1,0,0,2,2,2,3,2,0,1
R02820,2024-09-30,ID,gen_z,brand_a,0,0,1,3,3,3,2,2,0,1
R02821,2024-09-30,ID,gen_z,brand_a,1,0,1,2,2,3,3,4,1,0
R02822,2024-09-30,ID,gen_z,brand_a,1,1,0,2,3,4,4,3,0,0
R02823,2024-09-30,ID,gen_z,brand_a,1,1,1,3,2,4,4,3,0,1
R02824,2024-09-30,ID,gen_z,brand_a,0,0,0,2,2,5,2,2,0,1
R02825,2024-09-30,ID,gen_z,brand_a,0,1,1,1,4,3,3,3,1,1
R02826,2024-09-30,ID,gen_z,brand_a,0,1,0,3,3,2,2,3,0,0
R02827,2024-09-30,ID,millennial,brand_a,1,1,1,3,2,3,3,1,1,0
R02828,2024-09-30,ID,millennial,brand_a,0,0,0,3,3,4,4,2,0,0
R02829,2024-09-30,ID,millennial,brand_a,1,0,1,5,3,4,2,3,1,0
R02830,2024-09-30,ID,millennial,brand_a,1,0,1,2,3,4,3,1,1,1
R02831,2024-09-30,ID,millennial,brand_a,1,0,1,3,3,4,2,3,1,0
R02832,2024-09-30,ID,millennial,brand_a,1,0,0,3,2,3,2,2,1,1
R02833,2024-09-30,ID,millennial,brand_a,1,0,0,4,3,3,3,4,0,1
R02834,2024-09-30,ID,millennial,brand_a,1,1,0,4,4,1,4,3,1,1
R02835,2024-09-30,ID,millennial,brand_a,0,0,0,2,3,3,2,3,1,1
R02836,2024-09-30,ID,millennial,brand_a,0,0,0,3,4,4,3,2,1,1
R02837,2024-09-30,ID,millennial,brand_a,0,1,0,2,2,3,2,4,0,1
R02838,2024-09-30,ID,millennial,brand_a,0,0,0,3,1,3,1,3,0,0
R02839,2024-09-30,ID,millennial,brand_a,1,0,1,2,5,4,2,3,0,1
R02840,2024-09-30,ID,millennial,brand_a,1,1,1,4,4,2,4,4,1,1
R02841,2024-09-30,ID,millennial,brand_a,0,0,1,3,4,3,3,4,0,0
R02842,2024-09-30,ID,millennial,brand_a,0,1,0,2,2,3,4,2,1,1
R02843,2024-09-30,ID,millennial,brand_a,1,0,0,4,1,3,4,3,1,0
R02844,2024-09-30,ID,millennial,brand_a,1,0,0,4,2,3,4,4,0,0
R02845,2024-09-30,ID,family,brand_a,0,1,0,3,3,2,3,4,1,1
R02846,2024-09-30,ID,family,brand_a,0,1,1,3,4,4,3,2,0,1
R02847,2024-09-30,ID,family,brand_a,0,0,0,2,4,4,2,3,0,1
R02848,2024-09-30,ID,family,brand_a,1,0,1,2,3,4,2,2,0,1
R02849,2024-09-30,ID,family,brand_a,1,1,0,3,3,2,3,4,1,1
R02850,2024-09-30,ID,family,brand_a,1,0,0,2,4,4,3,2,1,0
R02851,2024-09-30,ID,family,brand_a,1,1,0,2,2,3,3,2,0,0
R02852,2024-09-30,ID,family,brand_a,0,0,0,2,2,4,2,2,0,1
R02853,2024-09-30,ID,family,brand_a,0,0,0,3,2,3,3,4,0,0
R02854,2024-09-30,ID,family,brand_a,1,1,0,4,5,3,4,3,0,0
R02855,2024-09-30,ID,family,brand_a,0,1,1,4,4,3,3,3,1,0
R02856,2024-09-30,ID,family,brand_a,1,0,0,1,1,4,3,2,0,1
R02857,2024-09-30,ID,family,brand_a,1,0,1,4,4,2,4,3,1,0
R02858,2024-09-30,ID,family,brand_a,0,0,1,2,1,2,3,2,1,1
R02859,2024-09-30,ID,family,brand_a,1,0,0,3,2,3,1,4,1,1
R02860,2024-09-30,ID,family,brand_a,1,0,0,3,2,3,3,3,0,0
R02861,2024-09-30,ID,family,brand_a,0,0,1,2,3,3,3,2,1,1
R02862,2024-09-30,ID,family,brand_a,0,0,0,3,1,3,4,2,0,1
R02863,2024-09-30,ID,premium_seekers,brand_a,0,1,1,3,3,2,1,3,0,1
R02864,2024-09-30,ID,premium_seekers,brand_a,1,0,1,3,4,4,2,2,1,1
R02865,2024-09-30,ID,premium_seekers,brand_a,0,0,1,3,2,3,5,3,1,0
R02866,2024-09-30,ID,premium_seekers,brand_a,0,0,0,3,1,3,2,2,1,0
R02867,2024-09-30,ID,premium_seekers,brand_a,0,0,0,2,3,3,2,3,0,0
R02868,2024-09-30,ID,premium_seekers,brand_a,1,1,1,4,3,3,4,4,1,1
R02869,2024-09-30,ID,premium_seekers,brand_a,0,0,0,2,2,3,1,3,0,1
R02870,2024-09-30,ID,premium_seekers,brand_a,1,1,0,3,2,3,3,3,0,0
R02871,2024-09-30,ID,premium_seekers,brand_a,0,1,0,3,3,4,3,3,1,1
R02872,2024-09-30,ID,premium_seekers,brand_a,0,0,0,1,2,4,1,2,0,1
R02873,2024-09-30,ID,premium_seekers,brand_a,1,0,1,3,3,2,3,3,1,1
R02874,2024-09-30,ID,premium_seekers,brand_a,1,1,1,4,3,3,1,2,0,1
R02875,2024-09-30,ID,premium_seekers,brand_a,0,0,0,5,4,3,4,3,0,1
R02876,2024-09-30,ID,premium_seekers,brand_a,0,0,1,3,3,4,4,3,0,1
R02877,2024-09-30,ID,premium_seekers,brand_a,0,1,1,3,2,4,3,1,0,1
R02878,2024-09-30,ID,premium_seekers,brand_a,0,1,0,1,3,5,2,2,0,1
R02879,2024-09-30,ID,premium_seekers,brand_a,1,1,1,3,2,4,2,3,0,0
R02880,2024-09-30,ID,premium_seekers,brand_a,1,0,1,3,3,2,3,2,1,0
R02881,2024-10-07,ID,gen_z,brand_a,0,1,0,2,1,3,2,3,0,1
R02882,2024-10-07,ID,gen_z,brand_a,0,0,0,1,2,4,2,2,0,1
R02883,2024-10-07,ID,gen_z,brand_a,1,0,1,3,2,4,2,2,1,1
R02884,2024-10-07,ID,gen_z,brand_a,0,0,1,3,2,4,2,1,0,1
R02885,2024-10-07,ID,gen_z,brand_a,0,1,1,2,5,4,2,4,0,1
R02886,2024-10-07,ID,gen_z,brand_a,0,0,1,2,3,4,2,5,0,1
R02887,2024-10-07,ID,gen_z,brand_a,0,1,1,1,3,4,2,2,1,1
R02888,2024-10-07,ID,gen_z,brand_a,1,1,1,4,3,3,3,3,1,0
R02889,2024-10-07,ID,gen_z,brand_a,1,0,1,3,4,3,4,3,0,0
R02890,2024-10-07,ID,gen_z,brand_a,0,0,0,2,3,4,1,2,0,0
R02891,2024-10-07,ID,gen_z,brand_a,0,0,0,2,2,4,2,2,0,0
R02892,2024-10-07,ID,gen_z,brand_a,1,0,0,2,1,3,4,2,1,0
R02893,2024-10-07,ID,gen_z,brand_a,0,0,0,3,3,3,1,4,1,0
R02894,2024-10-07,ID,gen_z,brand_a,0,1,0,3,3,4,2,2,1,0
R02895,2024-10-07,ID,gen_z,brand_a,0,0,0,3,3,3,4,3,1,1
R02896,2024-10-07,ID,gen_z,brand_a,0,1,0,4,4,2,4,3,0,1
R02897,2024-10-07,ID,gen_z,brand_a,1,0,1,4,4,2,4,4,1,0
R02898,2024-10-07,ID,gen_z,brand_a,0,1,1,2,3,3,5,2,0,1
R02899,2024-10-07,ID,millennial,brand_a,1,1,0,3,2,2,3,3,1,0
R02900,2024-10-07,ID,millennial,brand_a,1,1,1,4,4,3,3,4,1,1
R02901,2024-10-07,ID,millennial,brand_a,1,1,0,4,3,3,3,3,0,0
R02902,2024-10-07,ID,millennial,brand_a,1,0,1,3,3,2,3,2,1,0
R02903,2024-10-07,ID,millennial,brand_a,0,0,0,3,2,5,2,1,0,0
R02904,2024-10-07,ID,millennial,brand_a,0,1,0,3,2,5,1,2,1,0
R02905,2024-10-07,ID,millennial,brand_a,0,1,1,3,2,4,1,3,1,0
R02906,2024-10-07,ID,millennial,brand_a,1,0,0,2,3,3,3,3,0,1
R02907,2024-10-07,ID,millennial,brand_a,1,0,0,3,5,2,4,3,1,1
R02908,2024-10-07,ID,millennial,brand_a,0,1,1,2,2,3,4,2,0,1
R02909,2024-10-07,ID,millennial,brand_a,1,1,1,4,4,3,5,4,1,0
R02910,2024-10-07,ID,millennial,brand_a,1,1,1,4,3,3,3,4,1,0
R02911,2024-10-07,ID,millennial,brand_a,0,0,0,2,4,4,4,3,0,0
R02912,2024-10-07,ID,millennial,brand_a,1,0,0,3,3,4,1,3,0,1
R02913,2024-10-07,ID,millennial,brand_a,0,0,0,2,3,3,3,3,0,0
R02914,2024-10-07,ID,millennial,brand_a,0,1,1,4,4,2,4,3,1,0
R02915,2024-10-07,ID,millennial,brand_a,0,1,0,2,1,4,4,2,1,1
R02916,2024-10-07,ID,millennial,brand_a,0,1,0,1,3,4,2,2,0,1
R02917,2024-10-07,ID,family,brand_a,0,0,0,3,3,4,3,3,0,0
R02918,2024-10-07,ID,family,brand_a,1,1,1,3,2,3,4,2,0,1
R02919,2024-10-07,ID,family,brand_a,1,1,1,4,2,4,3,3,0,1
R02920,2024-10-07,ID,family,brand_a,0,0,1,1,3,4,3,3,0,0
R02921,2024-10-07,ID,family,brand_a,0,1,0,2,1,4,3,4,0,0
R02922,2024-10-07,ID,family,brand_a,0,1,1,4,4,2,2,3,1,1
R02923,2024-10-07,ID,family,brand_a,1,0,1,3,2,4,4,2,0,0
R02924,2024-10-07,ID,family,brand_a,0,0,0,2,3,4,3,2,1,0
R02925,2024-10-07,ID,family,brand_a,1,1,0,3,2,4,2,3,0,1
R02926,2024-10-07,ID,family,brand_a,0,1,0,2,3,4,4,1,1,0
R02927,2024-10-07,ID,family,brand_a,0,1,0,4,3,4,3,2,0,0
R02928,2024-10-07,ID,family,brand_a,0,0,0,4,3,4,2,1,0,1
R02929,2024-10-07,ID,family,brand_a,1,0,0,3,2,2,3,2,0,0
R02930,2024-10-07,ID,family,brand_a,0,1,0,3,2,3,2,3,1,0
R02931,2024-10-07,ID,family,brand_a,1,1,0,2,1,5,2,2,0,1
R02932,2024-10-07,ID,family,brand_a,1,0,0,3,1,4,3,3,0,0
R02933,2024-10-07,ID,family,brand_a,1,0,1,4,3,5,3,3,1,0
R02934,2024-10-07,ID,family,brand_a,1,1,0,3,2,4,3,3,0,1
R02935,2024-10-07,ID,premium_seekers,brand_a,1,1,0,3,3,2,3,3,1,0
R02936,2024-10-07,ID,premium_seekers,brand_a,0,0,1,2,2,4,1,2,1,1
R02937,2024-10-07,ID,premium_seekers,brand_a,1,1,0,3,3,1,5,3,1,0
R02938,2024-10-07,ID,premium_seekers,brand_a,1,1,0,2,1,4,2,2,0,0
R02939,2024-10-07,ID,premium_seekers,brand_a,0,1,0,2,2,3,3,2,0,1
R02940,2024-10-07,ID,premium_seekers,brand_a,1,1,0,3,2,3,3,3,0,0
R02941,2024-10-07,ID,premium_seekers,brand_a,0,1,0,3,2,2,4,2,1,0
R02942,2024-10-07,ID,premium_seekers,brand_a,0,0,0,2,2,4,3,2,0,0
R02943,2024-10-07,ID,premium_seekers,brand_a,1,0,1,3,3,3,5,4,1,0
R02944,2024-10-07,ID,premium_seekers,brand_a,1,1,0,3,2,2,2,2,0,1
R02945,2024-10-07,ID,premium_seekers,brand_a,1,1,0,4,4,2,1,3,0,1
R02946,2024-10-07,ID,premium_seekers,brand_a,0,1,1,3,3,2,2,3,1,1
R02947,2024-10-07,ID,premium_seekers,brand_a,1,1,1,3,5,2,5,4,0,0
R02948,2024-10-07,ID,premium_seekers,brand_a,0,1,0,3,2,4,3,2,0,1
R02949,2024-10-07,ID,premium_seekers,brand_a,1,1,0,4,4,2,3,3,1,0
R02950,2024-10-07,ID,premium_seekers,brand_a,1,1,1,4,4,2,3,3,1,1
R02951,2024-10-07,ID,premium_seekers,brand_a,1,0,0,3,3,4,2,2,1,1
R02952,2024-10-07,ID,premium_seekers,brand_a,1,1,0,3,3,3,4,3,1,0
R02953,2024-10-14,ID,gen_z,brand_a,1,1,1,1,2,4,2,2,0,1
R02954,2024-10-14,ID,gen_z,brand_a,1,0,1,3,4,3,2,4,1,1
R02955,2024-10-14,ID,gen_z,brand_a,1,0,0,2,3,2,3,3,0,1
R02956,2024-10-14,ID,gen_z,brand_a,1,1,0,1,2,4,4,3,0,1
R02957,2024-10-14,ID,gen_z,brand_a,0,1,0,1,3,4,3,1,0,1
R02958,2024-10-14,ID,gen_z,brand_a,0,1,1,4,2,3,3,3,0,1
R02959,2024-10-14,ID,gen_z,brand_a,0,1,1,4,4,4,3,2,0,0
R02960,2024-10-14,ID,gen_z,brand_a,1,1,0,3,3,4,2,2,0,1
R02961,2024-10-14,ID,gen_z,brand_a,1,0,1,2,2,3,1,2,0,1
R02962,2024-10-14,ID,gen_z,brand_a,0,1,0,2,4,4,3,2,0,1
R02963,2024-10-14,ID,gen_z,brand_a,0,0,0,2,3,3,3,1,0,1
R02964,2024-10-14,ID,gen_z,brand_a,1,1,0,2,4,3,4,3,0,0
R02965,2024-10-14,ID,gen_z,brand_a,0,0,1,3,2,4,2,1,1,0
R02966,2024-10-14,ID,gen_z,brand_a,0,0,0,3,2,4,2,3,0,1
R02967,2024-10-14,ID,gen_z,brand_a,0,1,1,3,3,3,2,1,0,1
R02968,2024-10-14,ID,gen_z,brand_a,0,1,0,5,3,4,1,3,0,0
R02969,2024-10-14,ID,gen_z,brand_a,1,1,1,4,4,2,3,3,0,1
R02970,2024-10-14,ID,gen_z,brand_a,0,1,1,4,2,3,3,3,1,1
R02971,2024-10-14,ID,millennial,brand_a,0,0,0,2,3,2,3,2,0,1
R02972,2024-10-14,ID,millennial,brand_a,0,0,1,3,2,4,1,2,0,0
R02973,2024-10-14,ID,millennial,brand_a,0,1,0,3,3,5,2,2,0,0
R02974,2024-10-14,ID,millennial,brand_a,0,0,0,2,3,4,3,3,1,0
R02975,2024-10-14,ID,millennial,brand_a,0,1,1,3,4,3,2,3,0,0
R02976,2024-10-14,ID,millennial,brand_a,0,1,0,2,3,3,3,3,0,0
R02977,2024-10-14,ID,millennial,brand_a,1,1,0,2,1,4,3,2,0,1
R02978,2024-10-14,ID,millennial,brand_a,1,0,0,2,3,1,2,4,0,1
R02979,2024-10-14,ID,millennial,brand_a,1,1,0,3,4,2,3,4,1,0
R02980,2024-10-14,ID,millennial,brand_a,0,0,0,3,1,5,2,2,0,1
R02981,2024-10-14,ID,millennial,brand_a,1,1,1,2,3,2,3,3,1,1
R02982,2024-10-14,ID,millennial,brand_a,1,0,1,3,2,3,2,1,1,1
R02983,2024-10-14,ID,millennial,brand_a,0,0,0,2,2,5,1,2,0,1
R02984,2024-10-14,ID,millennial,brand_a,0,1,1,5,3,2,5,4,1,0
R02985,2024-10-14,ID,millennial,brand_a,1,0,1,1,2,4,1,1,1,1
R02986,2024-10-14,ID,millennial,brand_a,0,1,0,2,2,4,2,3,0,1
R02987,2024-10-14,ID,millennial,brand_a,0,0,0,3,2,4,2,3,0,0
R02988,2024-10-14,ID,millennial,brand_a,0,0,1,3,2,5,2,2,0,0
R02989,2024-10-14,ID,family,brand_a,0,1,0,3,2,2,4,4,1,0
R02990,2024-10-14,ID,family,brand_a,1,0,0,2,2,4,3,3,1,1
R02991,2024-10-14,ID,family,brand_a,1,0,0,2,3,4,3,5,1,1
R02992,2024-10-14,ID,family,brand_a,0,0,0,3,3,3,3,1,1,1
R02993,2024-10-14,ID,family,brand_a,0,1,0,2,4,2,3,3,1,0
R02994,2024-10-14,ID,family,brand_a,1,0,1,2,2,3,4,2,0,1
R02995,2024-10-14,ID,family,brand_a,1,0,0,2,3,4,2,4,0,1
R02996,2024-10-14,ID,family,brand_a,1,1,1,3,4,3,4,4,0,0
R02997,2024-10-14,ID,family,brand_a,0,1,1,3,3,2,3,3,0,1
R02998,2024-10-14,ID,family,brand_a,0,1,0,4,3,3,3,3,1,0
R02999,2024-10-14,ID,family,brand_a,1,0,1,3,3,4,2,3,0,1
R03000,2024-10-14,ID,family,brand_a,1,0,0,3,2,4,2,3,0,0
R03001,2024-10-14,ID,family,brand_a,0,1,1,3,4,3,5,3,0,1
R03002,2024-10-14,ID,family,brand_a,0,0,0,2,2,4,3,4,0,1
R03003,2024-10-14,ID,family,brand_a,0,0,1,3,4,4,1,2,1,1
R03004,2024-10-14,ID,family,brand_a,0,0,1,4,3,3,4,3,0,0
R03005,2024-10-14,ID,family,brand_a,0,0,0,2,3,5,2,2,0,1
R03006,2024-10-14,ID,family,brand_a,0,0,0,1,2,4,1,1,0,1
R03007,2024-10-14,ID,premium_seekers,brand_a,0,1,0,4,2,3,2,3,1,0
R03008,2024-10-14,ID,premium_seekers,brand_a,0,0,1,3,1,4,2,3,0,0
R03009,2024-10-14,ID,premium_seekers,brand_a,1,1,1,3,2,3,2,2,0,1
R03010,2024-10-14,ID,premium_seekers,brand_a,0,0,0,1,2,4,3,1,0,0
R03011,2024-10-14,ID,premium_seekers,brand_a,0,1,0,2,3,3,4,2,1,1
R03012,2024-10-14,ID,premium_seekers,brand_a,1,1,1,3,3,2,3,3,1,0
R03013,2024-10-14,ID,premium_seekers,brand_a,0,1,0,2,3,2,3,4,1,0
R03014,2024-10-14,ID,premium_seekers,brand_a,1,0,1,3,3,4,4,4,0,1
R03015,2024-10-14,ID,premium_seekers,brand_a,1,0,0,4,3,3,4,3,1,1
R03016,2024-10-14,ID,premium_seekers,brand_a,0,0,0,3,4,2,2,3,1,0
R03017,2024-10-14,ID,premium_seekers,brand_a,0,0,0,1,3,4,3,2,0,1
R03018,2024-10-14,ID,premium_seekers,brand_a,1,0,1,5,5,1,4,2,0,1
R03019,2024-10-14,ID,premium_seekers,brand_a,0,1,1,3,2,4,2,2,1,0
R03020,2024-10-14,ID,premium_seekers,brand_a,0,0,0,1,3,4,3,4,1,0
R03021,2024-10-14,ID,premium_seekers,brand_a,0,1,0,3,2,3,3,2,1,0
R03022,2024-10-14,ID,premium_seekers,brand_a,0,0,0,3,2,3,2,2,0,1
R03023,2024-10-14,ID,premium_seekers,brand_a,0,1,1,4,2,3,2,1,1,1
R03024,2024-10-14,ID,premium_seekers,brand_a,0,0,0,2,4,3,2,2,1,0
R03025,2024-10-21,ID,gen_z,brand_a,0,0,0,3,3,3,3,4,1,0
R03026,2024-10-21,ID,gen_z,brand_a,0,0,0,1,2,5,1,1,0,0
R03027,2024-10-21,ID,gen_z,brand_a,0,1,0,4,4,2,3,4,0,0
R03028,2024-10-21,ID,gen_z,brand_a,0,1,1,4,4,3,3,3,0,1
R03029,2024-10-21,ID,gen_z,brand_a,1,0,1,1,3,2,3,2,0,0
R03030,2024-10-21,ID,gen_z,brand_a,0,1,0,4,5,2,5,5,1,0
R03031,2024-10-21,ID,gen_z,brand_a,0,1,0,3,3,3,3,3,0,0
R03032,2024-10-21,ID,gen_z,brand_a,1,1,1,2,3,2,2,3,0,1
R03033,2024-10-21,ID,gen_z,brand_a,1,1,1,4,4,2,4,3,1,0
R03034,2024-10-21,ID,gen_z,brand_a,1,1,0,4,3,3,3,4,1,0
R03035,2024-10-21,ID,gen_z,brand_a,1,1,1,5,5,3,4,3,1,0
R03036,2024-10-21,ID,gen_z,brand_a,0,0,0,2,3,3,1,2,1,0
R03037,2024-10-21,ID,gen_z,brand_a,0,0,0,1,2,4,2,2,0,0
R03038,2024-10-21,ID,gen_z,brand_a,0,0,0,2,2,3,2,3,0,1
R03039,2024-10-21,ID,gen_z,brand_a,0,0,1,2,2,2,2,3,1,1
R03040,2024-10-21,ID,gen_z,brand_a,0,0,1,3,4,3,4,5,1,1
R03041,2024-10-21,ID,gen_z,brand_a,1,1,1,5,4,1,4,5,1,1
R03042,2024-10-21,ID,gen_z,brand_a,0,0,1,3,3,5,4,3,0,0
R03043,2024-10-21,ID,millennial,brand_a,1,1,0,3,1,3,1,2,0,1
R03044,2024-10-21,ID,millennial,brand_a,0,1,0,2,3,4,2,1,0,1
R03045,2024-10-21,ID,millennial,brand_a,0,1,1,3,2,4,2,2,1,1
R03046,2024-10-21,ID,millennial,brand_a,1,1,1,3,3,5,3,2,1,0
R03047,2024-10-21,ID,millennial,brand_a,1,1,0,4,3,3,4,3,1,1
R03048,2024-10-21,ID,millennial,brand_a,1,0,1,4,3,2,3,5,1,0
R03049,2024-10-21,ID,millennial,brand_a,1,1,0,3,2,3,2,1,0,0
R03050,2024-10-21,ID,millennial,brand_a,1,1,0,3,2,2,3,3,0,0
R03051,2024-10-21,ID,millennial,brand_a,0,0,1,2,2,3,2,3,1,1
R03052,2024-10-21,ID,millennial,brand_a,0,1,0,3,2,2,3,3,1,1
R03053,2024-10-21,ID,millennial,brand_a,0,1,0,2,2,3,1,1,0,1
R03054,2024-10-21,ID,millennial,brand_a,0,0,0,3,3,3,3,3,1,1
R03055,2024-10-21,ID,millennial,brand_a,0,0,0,4,2,3,2,3,0,0
R03056,2024-10-21,ID,millennial,brand_a,1,0,0,3,2,4,2,1,1,1
R03057,2024-10-21,ID,millennial,brand_a,0,1,1,3,4,3,2,2,0,1
R03058,2024-10-21,ID,millennial,brand_a,0,0,1,2,2,3,1,2,0,0
R03059,2024-10-21,ID,millennial,brand_a,1,1,1,3,4,3,3,4,1,0
R03060,2024-10-21,ID,millennial,brand_a,0,1,1,3,3,1,2,3,1,1
R03061,2024-10-21,ID,family,brand_a,1,0,1,3,4,3,4,4,0,1
R03062,2024-10-21,ID,family,brand_a,1,0,1,5,3,2,2,4,0,1
R03063,2024-10-21,ID,family,brand_a,0,0,1,1,2,4,3,3,1,1
R03064,2024-10-21,ID,family,brand_a,0,0,0,3,1,4,3,4,0,1
R03065,2024-10-21,ID,family,brand_a,0,0,0,2,1,5,2,1,0,1
R03066,2024-10-21,ID,family,brand_a,1,1,0,3,4,3,2,3,0,1
R03067,2024-10-21,ID,family,brand_a,1,1,0,3,3,4,3,2,1,0
R03068,2024-10-21,ID,family,brand_a,0,1,0,4,3,3,1,2,1,1
R03069,2024-10-21,ID,family,brand_a,0,0,1,2,2,4,2,2,0,0
R03070,2024-10-21,ID,family,brand_a,1,0,0,2,3,4,2,3,0,0
R03071,2024-10-21,ID,family,brand_a,1,1,1,3,2,3,3,4,1,0
R03072,2024-10-21,ID,family,brand_a,0,1,0,1,1,5,2,2,0,1
R03073,2024-10-21,ID,family,brand_a,0,0,0,1,1,4,1,2,0,1
R03074,2024-10-21,ID,family,brand_a,0,1,0,4,4,3,4,3,1,1
R03075,2024-10-21,ID,family,brand_a,0,1,1,2,2,3,2,2,1,1
R03076,2024-10-21,ID,family,brand_a,0,0,0,3,2,4,1,3,1,1
R03077,2024-10-21,ID,family,brand_a,1,0,0,2,3,3,2,2,1,0
R03078,2024-10-21,ID,family,brand_a,1,1,0,4,3,3,2,3,1,0
R03079,2024-10-21,ID,premium_seekers,brand_a,0,0,0,1,2,5,1,2,0,0
R03080,2024-10-21,ID,premium_seekers,brand_a,0,0,0,2,3,4,2,2,0,1
R03081,2024-10-21,ID,premium_seekers,brand_a,1,1,1,3,4,2,4,3,1,0
R03082,2024-10-21,ID,premium_seekers,brand_a,0,0,0,1,1,5,2,2,0,0
R03083,2024-10-21,ID,premium_seekers,brand_a,0,0,0,2,2,3,2,1,1,1
R03084,2024-10-21,ID,premium_seekers,brand_a,1,0,1,2,4,2,4,3,1,0
R03085,2024-10-21,ID,premium_seekers,brand_a,0,1,0,2,3,4,2,2,0,1
R03086,2024-10-21,ID,premium_seekers,brand_a,1,1,0,3,3,4,4,2,1,1
R03087,2024-10-21,ID,premium_seekers,brand_a,1,1,1,3,3,2,4,3,1,0
R03088,2024-10-21,ID,premium_seekers,brand_a,0,0,1,2,2,3,2,3,1,1
R03089,2024-10-21,ID,premium_seekers,brand_a,0,1,0,5,3,4,3,3,1,0
R03090,2024-10-21,ID,premium_seekers,brand_a,1,0,1,4,4,3,4,1,0,1
R03091,2024-10-21,ID,premium_seekers,brand_a,0,0,0,2,3,4,3,2,0,0
R03092,2024-10-21,ID,premium_seekers,brand_a,0,1,0,3,3,3,3,3,1,1
R03093,2024-10-21,ID,premium_seekers,brand_a,1,0,1,4,4,4,3,3,0,0
R03094,2024-10-21,ID,premium_seekers,brand_a,0,1,1,2,2,2,4,4,1,1
R03095,2024-10-21,ID,premium_seekers,brand_a,1,0,0,3,1,4,2,1,0,0
R03096,2024-10-21,ID,premium_seekers,brand_a,0,1,1,2,2,4,3,2,0,1
R03097,2024-10-28,ID,gen_z,brand_a,0,0,0,3,3,3,4,3,0,0
R03098,2024-10-28,ID,gen_z,brand_a,1,0,0,3,2,4,4,3,0,0
R03099,2024-10-28,ID,gen_z,brand_a,0,1,1,3,3,4,3,2,1,0
R03100,2024-10-28,ID,gen_z,brand_a,0,1,0,3,3,4,3,3,0,1
R03101,2024-10-28,ID,gen_z,brand_a,0,1,0,2,3,4,3,3,0,1
R03102,2024-10-28,ID,gen_z,brand_a,1,0,0,3,2,3,2,3,0,1
R03103,2024-10-28,ID,gen_z,brand_a,0,1,1,3,2,3,2,3,0,1
R03104,2024-10-28,ID,gen_z,brand_a,0,1,0,3,1,4,3,1,1,1
R03105,2024-10-28,ID,gen_z,brand_a,1,0,0,4,3,3,2,3,1,0
R03106,2024-10-28,ID,gen_z,brand_a,0,0,0,2,1,2,3,3,1,1
R03107,2024-10-28,ID,gen_z,brand_a,0,1,1,3,3,2,4,3,1,1
R03108,2024-10-28,ID,gen_z,brand_a,0,0,0,2,2,4,2,2,0,1
R03109,2024-10-28,ID,gen_z,brand_a,1,0,0,2,2,4,3,2,0,1
R03110,2024-10-28,ID,gen_z,brand_a,1,1,1,3,2,3,2,3,0,1
R03111,2024-10-28,ID,gen_z,brand_a,0,1,1,4,2,3,3,2,1,1
R03112,2024-10-28,ID,gen_z,brand_a,1,1,0,2,3,4,1,2,0,1
R03113,2024-10-28,ID,gen_z,brand_a,0,1,1,1,3,4,2,3,1,1
R03114,2024-10-28,ID,gen_z,brand_a,0,0,0,5,3,1,3,4,1,0
R03115,2024-10-28,ID,millennial,brand_a,0,1,0,3,2,4,2,2,1,1
R03116,2024-10-28,ID,millennial,brand_a,0,1,1,3,2,3,2,3,0,1
R03117,2024-10-28,ID,millennial,brand_a,1,0,1,3,4,2,4,4,1,0
R03118,2024-10-28,ID,millennial,brand_a,1,0,1,4,3,4,3,4,0,1
R03119,2024-10-28,ID,millennial,brand_a,0,1,0,3,2,4,1,3,0,0
R03120,2024-10-28,ID,millennial,brand_a,0,0,1,4,4,5,3,1,0,1
R03121,2024-10-28,ID,millennial,brand_a,0,0,1,3,3,4,2,2,0,1
R03122,2024-10-28,ID,millennial,brand_a,1,1,1,4,3,1,3,4,0,0
R03123,2024-10-28,ID,millennial,brand_a,1,0,1,2,2,3,3,3,1,1
R03124,2024-10-28,ID,millennial,brand_a,0,1,0,1,4,3,2,3,1,1
R03125,2024-10-28,ID,millennial,brand_a,1,1,0,3,4,2,3,1,0,0
R03126,2024-10-28,ID,millennial,brand_a,0,0,1,3,3,2,4,2,0,1
R03127,2024-10-28,ID,millennial,brand_a,1,0,1,2,2,3,3,3,0,0
R03128,2024-10-28,ID,millennial,brand_a,0,0,0,4,3,3,3,3,0,1
R03129,2024-10-28,ID,millennial,brand_a,0,1,0,4,3,4,3,2,0,1
R03130,2024-10-28,ID,millennial,brand_a,0,0,1,3,3,3,4,3,0,0
R03131,2024-10-28,ID,millennial,brand_a,1,1,1,4,2,4,3,3,0,1
R03132,2024-10-28,ID,millennial,brand_a,1,0,1,3,3,1,3,4,1,0
R03133,2024-10-28,ID,family,brand_a,0,0,0,2,2,3,2,2,0,1
R03134,2024-10-28,ID,family,brand_a,1,1,0,3,1,3,2,2,0,1
R03135,2024-10-28,ID,family,brand_a,1,1,1,3,2,4,4,3,0,1
R03136,2024-10-28,ID,family,brand_a,1,1,1,2,4,3,2,3,1,0
R03137,2024-10-28,ID,family,brand_a,0,1,1,2,3,3,3,4,0,0
R03138,2024-10-28,ID,family,brand_a,1,0,0,3,2,3,3,2,1,1
R03139,2024-10-28,ID,family,brand_a,0,1,1,2,2,5,3,2,0,1
R03140,2024-10-28,ID,family,brand_a,1,1,1,3,2,3,4,1,0,1
R03141,2024-10-28,ID,family,brand_a,0,1,1,3,3,4,3,3,1,1
R03142,2024-10-28,ID,family,brand_a,0,1,1,1,2,4,4,3,0,1
R03143,2024-10-28,ID,family,brand_a,0,0,0,4,2,4,2,3,1,0
R03144,2024-10-28,ID,family,brand_a,0,1,1,3,4,2,4,4,0,0
R03145,2024-10-28,ID,family,brand_a,1,0,0,3,5,4,1,3,0,1
R03146,2024-10-28,ID,family,brand_a,1,1,1,3,3,3,3,2,0,0
R03147,2024-10-28,ID,family,brand_a,1,1,0,2,2,2,2,2,0,1
R03148,2024-10-28,ID,family,brand_a,1,0,0,4,2,3,3,3,0,0
R03149,2024-10-28,ID,family,brand_a,0,0,0,2,2,4,1,4,0,0
R03150,2024-10-28,ID,family,brand_a,1,0,0,2,2,4,2,2,1,1
R03151,2024-10-28,ID,premium_seekers,brand_a,1,0,0,3,4,3,2,2,0,0
R03152,2024-10-28,ID,premium_seekers,brand_a,0,0,1,3,4,2,3,4,0,0
R03153,2024-10-28,ID,premium_seekers,brand_a,0,1,1,4,3,2,4,4,0,0
R03154,2024-10-28,ID,premium_seekers,brand_a,0,1,1,3,3,4,3,2,0,1
R03155,2024-10-28,ID,premium_seekers,brand_a,0,0,1,3,3,5,4,3,0,0
R03156,2024-10-28,ID,premium_seekers,brand_a,0,0,1,2,2,5,2,1,0,1
R03157,2024-10-28,ID,premium_seekers,brand_a,1,0,1,3,4,2,4,3,1,0
R03158,2024-10-28,ID,premium_seekers,brand_a,1,1,0,3,3,4,3,3,1,0
R03159,2024-10-28,ID,premium_seekers,brand_a,0,0,1,3,2,3,1,3,0,1
R03160,2024-10-28,ID,premium_seekers,brand_a,0,1,0,2,2,4,1,3,1,1
R03161,2024-10-28,ID,premium_seekers,brand_a,0,0,1,2,2,4,2,2,1,1
R03162,2024-10-28,ID,premium_seekers,brand_a,1,0,1,3,4,2,4,4,1,0
R03163,2024-10-28,ID,premium_seekers,brand_a,0,1,1,3,3,3,3,3,0,1
R03164,2024-10-28,ID,premium_seekers,brand_a,0,0,0,2,2,2,3,2,0,1
R03165,2024-10-28,ID,premium_seekers,brand_a,0,0,0,3,4,1,3,4,0,1
R03166,2024-10-28,ID,premium_seekers,brand_a,1,1,0,3,3,2,3,4,1,0
R03167,2024-10-28,ID,premium_seekers,brand_a,0,1,0,2,1,5,2,1,1,1
R03168,2024-10-28,ID,premium_seekers,brand_a,1,0,0,4,2,4,2,3,0,0
R03169,2024-11-04,ID,gen_z,brand_a,1,0,0,4,2,3,4,4,0,1
R03170,2024-11-04,ID,gen_z,brand_a,1,1,0,3,2,2,2,4,0,1
R03171,2024-11-04,ID,gen_z,brand_a,0,0,0,2,1,4,4,2,0,1
R03172,2024-11-04,ID,gen_z,brand_a,1,1,1,5,4,2,3,2,1,0
R03173,2024-11-04,ID,gen_z,brand_a,0,1,0,2,2,3,1,4,0,1
R03174,2024-11-04,ID,gen_z,brand_a,1,1,1,3,2,1,4,4,0,0
R03175,2024-11-04,ID,gen_z,brand_a,1,1,1,4,4,3,3,2,0,1
R03176,2024-11-04,ID,gen_z,brand_a,1,0,0,2,1,4,2,1,0,0
R03177,2024-11-04,ID,gen_z,brand_a,0,1,1,1,4,4,3,1,0,1
R03178,2024-11-04,ID,gen_z,brand_a,1,0,0,3,2,3,2,3,0,0
R03179,2024-11-04,ID,gen_z,brand_a,1,0,1,2,4,3,4,3,0,0
R03180,2024-11-04,ID,gen_z,brand_a,1,1,0,3,2,3,1,3,0,0
R03181,2024-11-04,ID,gen_z,brand_a,1,1,1,2,3,3,3,2,1,0
R03182,2024-11-04,ID,gen_z,brand_a,0,1,1,3,1,4,2,1,0,1
R03183,2024-11-04,ID,gen_z,brand_a,0,0,0,1,2,5,1,1,0,1
R03184,2024-11-04,ID,gen_z,brand_a,1,1,0,4,4,2,3,5,1,0
R03185,2024-11-04,ID,gen_z,brand_a,0,1,0,5,4,1,4,5,1,1
R03186,2024-11-04,ID,gen_z,brand_a,0,0,1,3,3,5,2,4,0,0
R03187,2024-11-04,ID,millennial,brand_a,1,0,1,3,2,2,2,4,0,1
R03188,2024-11-04,ID,millennial,brand_a,1,1,0,3,3,2,3,3,0,1
R03189,2024-11-04,ID,millennial,brand_a,0,0,0,2,3,4,2,2,0,1
R03190,2024-11-04,ID,millennial,brand_a,0,0,0,3,4,2,3,5,0,1
R03191,2024-11-04,ID,millennial,brand_a,1,1,1,3,4,1,4,5,1,0
R03192,2024-11-04,ID,millennial,brand_a,0,1,0,3,2,4,3,3,0,1
R03193,2024-11-04,ID,millennial,brand_a,0,0,0,1,3,3,4,2,0,0
R03194,2024-11-04,ID,millennial,brand_a,0,1,0,3,2,3,2,4,1,0
R03195,2024-11-04,ID,millennial,brand_a,1,1,1,4,2,4,3,3,0,0
R03196,2024-11-04,ID,millennial,brand_a,0,0,0,2,2,4,2,2,0,1
R03197,2024-11-04,ID,millennial,brand_a,1,1,1,4,2,3,3,2,1,1
R03198,2024-11-04,ID,millennial,brand_a,1,0,0,2,3,4,2,1,0,1
R03199,2024-11-04,ID,millennial,brand_a,0,0,0,3,2,2,3,3,0,1
R03200,2024-11-04,ID,millennial,brand_a,0,1,1,3,3,4,3,3,1,0
R03201,2024-11-04,ID,millennial,brand_a,0,1,0,3,2,4,2,3,1,1
R03202,2024-11-04,ID,millennial,brand_a,1,0,0,3,1,4,4,2,0,1
R03203,2024-11-04,ID,millennial,brand_a,1,1,0,4,3,3,3,4,1,0
R03204,2024-11-04,ID,millennial,brand_a,1,0,1,3,3,2,2,2,1,0
R03205,2024-11-04,ID,family,brand_a,0,1,0,3,3,4,2,2,1,0
R03206,2024-11-04,ID,family,brand_a,1,0,1,2,3,4,3,4,0,1
R03207,2024-11-04,ID,family,brand_a,0,0,1,3,3,5,1,2,0,1
R03208,2024-11-04,ID,family,brand_a,0,0,0,1,2,5,2,2,1,1
R03209,2024-11-04,ID,family,brand_a,1,0,1,3,4,2,4,4,0,1
R03210,2024-11-04,ID,family,brand_a,1,1,0,4,2,4,3,4,1,0
R03211,2024-11-04,ID,family,brand_a,1,1,0,3,2,2,1,3,0,0
R03212,2024-11-04,ID,family,brand_a,0,0,0,3,1,4,3,2,0,0
R03213,2024-11-04,ID,family,brand_a,1,1,0,4,4,3,5,4,1,0
R03214,2024-11-04,ID,family,brand_a,1,0,0,3,2,4,3,2,0,1
R03215,2024-11-04,ID,family,brand_a,1,1,1,3,3,2,4,4,0,0
R03216,2024-11-04,ID,family,brand_a,0,0,1,4,3,4,2,2,1,1
R03217,2024-11-04,ID,family,brand_a,0,0,0,4,3,3,2,2,0,0
R03218,2024-11-04,ID,family,brand_a,0,0,1,3,3,4,3,3,1,0
R03219,2024-11-04,ID,family,brand_a,1,1,0,2,3,3,3,4,0,0
R03220,2024-11-04,ID,family,brand_a,0,1,0,3,1,4,2,3,1,0
R03221,2024-11-04,ID,family,brand_a,0,0,0,3,2,3,3,2,1,1
R03222,2024-11-04,ID,family,brand_a,1,0,0,3,2,3,3,2,0,0
R03223,2024-11-04,ID,premium_seekers,brand_a,0,0,0,4,2,4,3,3,0,1
R03224,2024-11-04,ID,premium_seekers,brand_a,1,1,1,3,3,4,4,2,0,1
R03225,2024-11-04,ID,premium_seekers,brand_a,0,1,0,3,4,2,4,4,0,0
R03226,2024-11-04,ID,premium_seekers,brand_a,1,0,0,3,3,4,4,3,1,1
R03227,2024-11-04,ID,premium_seekers,brand_a,1,1,1,3,4,3,2,3,1,0
R03228,2024-11-04,ID,premium_seekers,brand_a,1,1,1,2,2,5,3,2,1,0
R03229,2024-11-04,ID,premium_seekers,brand_a,1,1,1,4,3,4,2,1,0,1
R03230,2024-11-04,ID,premium_seekers,brand_a,1,1,0,2,4,4,4,3,0,1
R03231,2024-11-04,ID,premium_seekers,brand_a,0,0,0,3,1,3,2,2,1,0
R03232,2024-11-04,ID,premium_seekers,brand_a,0,1,1,4,2,3,1,2,0,1
R03233,2024-11-04,ID,premium_seekers,brand_a,0,1,1,4,4,4,2,4,1,1
R03234,2024-11-04,ID,premium_seekers,brand_a,1,0,1,4,4,1,3,3,0,0
R03235,2024-11-04,ID,premium_seekers,brand_a,0,0,0,2,1,4,2,2,0,0
R03236,2024-11-04,ID,premium_seekers,brand_a,1,0,0,4,4,4,4,3,0,0
R03237,2024-11-04,ID,premium_seekers,brand_a,0,1,0,3,2,3,3,2,0,0
R03238,2024-11-04,ID,premium_seekers,brand_a,0,0,0,1,1,4,3,3,1,1
R03239,2024-11-04,ID,premium_seekers,brand_a,0,1,1,2,3,4,3,3,0,1
R03240,2024-11-04,ID,premium_seekers,brand_a,0,0,0,1,3,3,3,2,1,1
R03241,2024-11-11,ID,gen_z,brand_a,0,0,0,1,1,5,1,2,0,1
R03242,2024-11-11,ID,gen_z,brand_a,1,0,1,3,3,2,3,3,0,0
R03243,2024-11-11,ID,gen_z,brand_a,1,0,1,2,2,2,3,3,1,0
R03244,2024-11-11,ID,gen_z,brand_a,0,1,0,4,3,4,2,4,1,1
R03245,2024-11-11,ID,gen_z,brand_a,0,0,0,1,2,5,2,2,0,1
R03246,2024-11-11,ID,gen_z,brand_a,0,0,1,3,4,3,3,3,1,1
R03247,2024-11-11,ID,gen_z,brand_a,1,1,1,3,3,3,3,5,1,0
R03248,2024-11-11,ID,gen_z,brand_a,0,1,1,2,3,3,3,3,1,1
R03249,2024-11-11,ID,gen_z,brand_a,0,1,1,3,2,2,3,3,0,1
R03250,2024-11-11,ID,gen_z,brand_a,0,1,1,4,3,2,3,2,1,1
R03251,2024-11-11,ID,gen_z,brand_a,0,0,1,3,3,4,3,3,1,0
R03252,2024-11-11,ID,gen_z,brand_a,0,0,0,3,2,4,2,1,0,1
R03253,2024-11-11,ID,gen_z,brand_a,0,0,0,2,3,3,3,2,0,1
R03254,2024-11-11,ID,gen_z,brand_a,0,0,1,3,3,3,3,2,1,1
R03255,2024-11-11,ID,gen_z,brand_a,1,1,1,4,2,2,4,4,0,0
R03256,2024-11-11,ID,gen_z,brand_a,1,0,0,4,2,4,3,4,0,0
R03257,2024-11-11,ID,gen_z,brand_a,1,0,0,2,3,3,3,2,0,1
R03258,2024-11-11,ID,gen_z,brand_a,1,0,0,2,2,4,2,2,0,1
R03259,2024-11-11,ID,millennial,brand_a,1,1,1,3,2,3,2,3,0,1
R03260,2024-11-11,ID,millennial,brand_a,1,1,0,4,4,1,4,2,1,0
R03261,2024-11-11,ID,millennial,brand_a,1,1,1,4,4,4,3,4,0,1
R03262,2024-11-11,ID,millennial,brand_a,0,1,0,3,2,3,3,3,1,1
R03263,2024-11-11,ID,millennial,brand_a,0,0,0,3,2,3,3,3,1,1
R03264,2024-11-11,ID,millennial,brand_a,1,1,1,5,4,3,4,4,0,1
R03265,2024-11-11,ID,millennial,brand_a,0,0,1,4,3,3,4,2,0,0
R03266,2024-11-11,ID,millennial,brand_a,1,1,0,3,5,2,3,5,1,0
R03267,2024-11-11,ID,millennial,brand_a,0,0,0,1,3,3,3,2,0,0
R03268,2024-11-11,ID,millennial,brand_a,0,0,1,2,3,4,2,1,0,1
R03269,2024-11-11,ID,millennial,brand_a,0,0,0,4,2,2,2,3,0,0
R03270,2024-11-11,ID,millennial,brand_a,0,0,1,4,4,4,3,3,1,0
R03271,2024-11-11,ID,millennial,brand_a,0,0,0,3,3,2,3,2,0,0
R03272,2024-11-11,ID,millennial,brand_a,1,1,0,3,3,4,2,2,1,1
R03273,2024-11-11,ID,millennial,brand_a,1,0,0,1,2,5,4,4,0,0
R03274,2024-11-11,ID,millennial,brand_a,0,0,1,3,2,4,1,1,0,0
R03275,2024-11-11,ID,millennial,brand_a,0,0,0,2,2,3,2,1,1,1
R03276,2024-11-11,ID,millennial,brand_a,1,1,0,4,3,3,2,5,1,0
R03277,2024-11-11,ID,family,brand_a,1,1,1,2,2,4,2,2,1,0
R03278,2024-11-11,ID,family,brand_a,0,0,0,3,3,3,4,3,0,0
R03279,2024-11-11,ID,family,brand_a,1,0,0,2,1,3,1,2,0,1
R03280,2024-11-11,ID,family,brand_a,1,1,0,2,2,4,2,3,1,0
R03281,2024-11-11,ID,family,brand_a,1,0,1,4,4,1,3,3,1,1
R03282,2024-11-11,ID,family,brand_a,1,0,0,3,1,3,3,2,1,1
R03283,2024-11-11,ID,family,brand_a,0,1,0,2,2,5,2,3,0,1
R03284,2024-11-11,ID,family,brand_a,1,1,0,3,2,3,3,2,0,1
R03285,2024-11-11,ID,family,brand_a,1,0,0,4,4,3,3,2,0,0
R03286,2024-11-11,ID,family,brand_a,1,0,1,3,4,3,4,4,1,0
R03287,2024-11-11,ID,family,brand_a,0,0,0,2,1,4,2,2,0,1
R03288,2024-11-11,ID,family,brand_a,1,0,0,1,2,4,2,1,1,0
R03289,2024-11-11,ID,family,brand_a,1,0,0,4,3,2,3,4,0,0
R03290,2024-11-11,ID,family,brand_a,0,0,1,2,2,4,2,3,0,1
R03291,2024-11-11,ID,family,brand_a,1,1,1,3,2,2,2,3,1,1
R03292,2024-11-11,ID,family,brand_a,0,0,0,2,3,5,2,2,0,1
R03293,2024-11-11,ID,family,brand_a,0,0,1,3,3,3,3,2,0,0
R03294,2024-11-11,ID,family,brand_a,1,0,0,2,2,5,3,2,0,0
R03295,2024-11-11,ID,premium_seekers,brand_a,0,1,1,4,2,4,3,3,1,0
R03296,2024-11-11,ID,premium_seekers,brand_a,0,0,0,3,2,3,3,3,1,1
R03297,2024-11-11,ID,premium_seekers,brand_a,0,0,0,3,2,3,2,1,0,1
R03298,2024-11-11,ID,premium_seekers,brand_a,0,0,0,2,3,4,1,2,0,1
R03299,2024-11-11,ID,premium_seekers,brand_a,1,0,0,3,4,2,3,3,1,1
R03300,2024-11-11,ID,premium_seekers,brand_a,1,1,1,4,4,3,4,3,1,0
R03301,2024-11-11,ID,premium_seekers,brand_a,1,0,0,2,4,2,4,2,0,1
R03302,2024-11-11,ID,premium_seekers,brand_a,0,0,0,4,1,3,2,5,0,1
R03303,2024-11-11,ID,premium_seekers,brand_a,1,1,0,4,3,3,4,4,1,0
R03304,2024-11-11,ID,premium_seekers,brand_a,0,1,1,3,4,2,3,4,1,0
R03305,2024-11-11,ID,premium_seekers,brand_a,0,0,0,2,1,4,2,2,0,0
R03306,2024-11-11,ID,premium_seekers,brand_a,0,1,1,3,3,4,2,2,1,1
R03307,2024-11-11,ID,premium_seekers,brand_a,0,1,0,3,3,2,3,4,0,1
R03308,2024-11-11,ID,premium_seekers,brand_a,0,1,0,4,2,3,4,3,0,1
R03309,2024-11-11,ID,premium_seekers,brand_a,1,0,0,2,2,2,1,2,0,1
R03310,2024-11-11,ID,premium_seekers,brand_a,1,1,1,3,2,4,3,3,1,1
R03311,2024-11-11,ID,premium_seekers,brand_a,0,0,0,1,1,5,1,2,0,1
R03312,2024-11-11,ID,premium_seekers,brand_a,1,0,1,3,1,4,5,3,1,1
R03313,2024-11-18,ID,gen_z,brand_a,1,0,1,4,3,1,3,5,1,1
R03314,2024-11-18,ID,gen_z,brand_a,0,0,0,2,2,4,2,4,0,1
R03315,2024-11-18,ID,gen_z,brand_a,1,1,0,2,4,2,4,4,0,1
R03316,2024-11-18,ID,gen_z,brand_a,0,0,0,2,3,4,2,2,0,0
R03317,2024-11-18,ID,gen_z,brand_a,1,0,1,3,1,3,2,3,0,1
R03318,2024-11-18,ID,gen_z,brand_a,0,1,1,4,5,2,4,5,0,1
R03319,2024-11-18,ID,gen_z,brand_a,1,0,1,3,3,4,2,3,0,0
R03320,2024-11-18,ID,gen_z,brand_a,1,1,0,3,3,4,2,3,0,0
R03321,2024-11-18,ID,gen_z,brand_a,0,0,0,3,4,3,4,4,1,0
R03322,2024-11-18,ID,gen_z,brand_a,1,0,1,2,3,3,3,2,1,0
R03323,2024-11-18,ID,gen_z,brand_a,0,0,0,1,2,4,3,2,0,1
R03324,2024-11-18,ID,gen_z,brand_a,1,1,1,4,3,2,2,4,0,1
R03325,2024-11-18,ID,gen_z,brand_a,0,0,0,2,3,4,2,3,0,1
R03326,2024-11-18,ID,gen_z,brand_a,1,0,1,2,4,2,3,3,1,1
R03327,2024-11-18,ID,gen_z,brand_a,0,0,1,2,3,4,2,2,1,0
R03328,2024-11-18,ID,gen_z,brand_a,0,0,1,2,2,4,1,2,0,1
R03329,2024-11-18,ID,gen_z,brand_a,1,1,1,2,3,4,3,3,0,0
R03330,2024-11-18,ID,gen_z,brand_a,0,1,1,4,4,3,3,4,1,0
R03331,2024-11-18,ID,millennial,brand_a,1,1,1,4,3,2,3,3,0,0
R03332,2024-11-18,ID,millennial,brand_a,1,0,1,2,3,4,4,2,0,1
R03333,2024-11-18,ID,millennial,brand_a,1,1,1,3,4,3,1,4,1,1
R03334,2024-11-18,ID,millennial,brand_a,0,1,0,2,2,3,3,3,0,1
R03335,2024-11-18,ID,millennial,brand_a,1,1,0,4,4,3,4,5,1,0
R03336,2024-11-18,ID,millennial,brand_a,1,1,1,5,3,1,5,4,1,1
R03337,2024-11-18,ID,millennial,brand_a,1,0,0,4,2,3,2,4,1,1
R03338,2024-11-18,ID,millennial,brand_a,0,1,0,4,3,2,3,3,1,0
R03339,2024-11-18,ID,millennial,brand_a,0,0,0,4,2,4,2,3,0,0
R03340,2024-11-18,ID,millennial,brand_a,0,0,1,3,2,4,3,2,1,1
R03341,2024-11-18,ID,millennial,brand_a,1,0,1,2,4,3,3,3,1,1
R03342,2024-11-18,ID,millennial,brand_a,1,0,1,3,3,3,4,4,0,1
R03343,2024-11-18,ID,millennial,brand_a,1,0,1,2,2,5,3,2,0,1
R03344,2024-11-18,ID,millennial,brand_a,0,0,1,5,1,2,2,2,0,0
R03345,2024-11-18,ID,millennial,brand_a,1,0,0,5,4,2,2,4,1,1
R03346,2024-11-18,ID,millennial,brand_a,0,1,1,2,2,3,3,2,0,1
R03347,2024-11-18,ID,millennial,brand_a,1,0,1,3,3,3,3,3,1,0
R03348,2024-11-18,ID,millennial,brand_a,1,1,1,4,2,3,5,4,1,1
R03349,2024-11-18,ID,family,brand_a,0,0,1,2,2,2,2,3,0,1
R03350,2024-11-18,ID,family,brand_a,0,1,0,3,2,2,2,2,1,1
R03351,2024-11-18,ID,family,brand_a,1,1,0,3,3,4,2,3,1,0
R03352,2024-11-18,ID,family,brand_a,0,1,0,4,3,4,2,2,1,0
R03353,2024-11-18,ID,family,brand_a,0,0,1,2,3,5,2,4,0,1
R03354,2024-11-18,ID,family,brand_a,1,1,0,3,3,3,2,2,0,1
R03355,2024-11-18,ID,family,brand_a,0,0,0,2,2,2,2,3,0,1
R03356,2024-11-18,ID,family,brand_a,0,0,0,2,4,3,2,4,1,1
R03357,2024-11-18,ID,family,brand_a,1,0,0,2,4,3,2,2,1,0
R03358,2024-11-18,ID,family,brand_a,1,1,1,1,3,4,3,4,0,0
R03359,2024-11-18,ID,family,brand_a,0,0,1,2,3,3,4,2,1,0
R03360,2024-11-18,ID,family,brand_a,0,0,1,4,4,3,2,4,1,0
R03361,2024-11-18,ID,family,brand_a,1,1,1,2,3,4,4,4,0,1
R03362,2024-11-18,ID,family,brand_a,0,1,0,2,2,4,1,3,0,1
R03363,2024-11-18,ID,family,brand_a,0,0,0,1,2,4,2,2,1,1
R03364,2024-11-18,ID,family,brand_a,1,1,0,4,5,3,4,4,1,1
R03365,2024-11-18,ID,family,brand_a,0,0,0,2,3,5,2,2,1,1
R03366,2024-11-18,ID,family,brand_a,0,0,1,3,4,3,3,3,1,0
R03367,2024-11-18,ID,premium_seekers,brand_a,0,1,1,1,3,5,3,2,0,0
R03368,2024-11-18,ID,premium_seekers,brand_a,0,1,1,3,4,5,4,2,1,0
R03369,2024-11-18,ID,premium_seekers,brand_a,0,1,1,2,2,4,3,3,1,1
R03370,2024-11-18,ID,premium_seekers,brand_a,0,0,1,3,2,4,2,2,0,0
R03371,2024-11-18,ID,premium_seekers,brand_a,1,0,1,2,2,3,3,2,0,1
R03372,2024-11-18,ID,premium_seekers,brand_a,0,0,0,3,2,3,3,3,0,1
R03373,2024-11-18,ID,premium_seekers,brand_a,1,1,1,3,2,2,4,3,1,1
R03374,2024-11-18,ID,premium_seekers,brand_a,1,1,1,4,3,2,4,3,0,0
R03375,2024-11-18,ID,premium_seekers,brand_a,1,1,1,5,4,2,4,4,1,1
R03376,2024-11-18,ID,premium_seekers,brand_a,0,0,0,3,1,4,2,1,0,0
R03377,2024-11-18,ID,premium_seekers,brand_a,0,0,1,3,3,4,4,3,1,0
R03378,2024-11-18,ID,premium_seekers,brand_a,1,0,1,4,2,2,4,4,0,0
R03379,2024-11-18,ID,premium_seekers,brand_a,0,0,0,2,2,2,1,2,0,1
R03380,2024-11-18,ID,premium_seekers,brand_a,0,1,1,2,2,3,5,2,1,1
R03381,2024-11-18,ID,premium_seekers,brand_a,0,1,1,3,3,4,2,3,1,1
R03382,2024-11-18,ID,premium_seekers,brand_a,0,0,1,4,4,2,4,4,1,0
R03383,2024-11-18,ID,premium_seekers,brand_a,0,1,0,3,3,4,1,4,1,1
R03384,2024-11-18,ID,premium_seekers,brand_a,0,1,1,2,2,4,3,1,1,0
R03385,2024-11-25,ID,gen_z,brand_a,0,0,0,2,3,4,2,2,0,1
R03386,2024-11-25,ID,gen_z,brand_a,0,1,1,3,4,2,3,3,0,1
R03387,2024-11-25,ID,gen_z,brand_a,1,1,1,2,2,4,2,1,0,1
R03388,2024-11-25,ID,gen_z,brand_a,0,1,0,2,2,4,1,1,0,1
R03389,2024-11-25,ID,gen_z,brand_a,0,0,1,3,3,3,1,1,0,1
R03390,2024-11-25,ID,gen_z,brand_a,1,1,1,3,5,2,4,4,1,1
R03391,2024-11-25,ID,gen_z,brand_a,1,0,1,1,2,4,4,2,0,0
R03392,2024-11-25,ID,gen_z,brand_a,0,0,0,2,1,4,2,3,1,0
R03393,2024-11-25,ID,gen_z,brand_a,0,0,1,4,3,2,2,4,1,1
R03394,2024-11-25,ID,gen_z,brand_a,0,1,1,3,3,3,2,2,1,0
R03395,2024-11-25,ID,gen_z,brand_a,0,1,1,2,3,3,3,4,0,1
R03396,2024-11-25,ID,gen_z,brand_a,0,0,0,2,3,3,3,2,1,0
R03397,2024-11-25,ID,gen_z,brand_a,0,0,1,2,4,4,3,2,0,1
R03398,2024-11-25,ID,gen_z,brand_a,0,0,0,4,3,3,3,2,0,0
R03399,2024-11-25,ID,gen_z,brand_a,1,0,0,1,2,4,1,2,0,1
R03400,2024-11-25,ID,gen_z,brand_a,1,1,0,1,2,5,1,2,0,1
R03401,2024-11-25,ID,gen_z,brand_a,0,1,1,3,3,4,4,2,0,1
R03402,2024-11-25,ID,gen_z,brand_a,0,1,0,3,4,3,3,2,0,0
R03403,2024-11-25,ID,millennial,brand_a,0,0,0,2,1,3,3,2,1,1
R03404,2024-11-25,ID,millennial,brand_a,0,0,0,3,2,5,2,2,0,1
R03405,2024-11-25,ID,millennial,brand_a,1,1,0,4,3,1,5,4,1,0
R03406,2024-11-25,ID,millennial,brand_a,0,0,1,2,4,4,3,2,0,1
R03407,2024-11-25,ID,millennial,brand_a,0,1,0,2,2,3,3,2,0,0
R03408,2024-11-25,ID,millennial,brand_a,0,0,0,2,3,3,3,2,0,1
R03409,2024-11-25,ID,millennial,brand_a,1,1,1,4,3,4,3,4,1,1
R03410,2024-11-25,ID,millennial,brand_a,0,0,0,2,2,5,2,2,0,1
R03411,2024-11-25,ID,millennial,brand_a,1,0,0,2,2,3,2,2,0,1
R03412,2024-11-25,ID,millennial,brand_a,0,0,0,2,1,5,1,2,0,1
R03413,2024-11-25,ID,millennial,brand_a,0,1,1,4,2,4,3,4,0,0
R03414,2024-11-25,ID,millennial,brand_a,0,0,0,2,1,2,2,2,0,0
R03415,2024-11-25,ID,millennial,brand_a,1,1,1,3,5,3,4,3,1,1
R03416,2024-11-25,ID,millennial,brand_a,0,0,0,4,3,3,2,2,0,0
R03417,2024-11-25,ID,millennial,brand_a,0,1,0,2,1,4,3,1,1,1
R03418,2024-11-25,ID,millennial,brand_a,0,1,0,3,3,3,3,4,1,1
R03419,2024-11-25,ID,millennial,brand_a,0,0,0,5,3,3,5,5,0,0
R03420,2024-11-25,ID,millennial,brand_a,0,1,0,3,1,4,2,2,1,0
R03421,2024-11-25,ID,family,brand_a,0,0,0,2,2,4,2,2,0,1
R03422,2024-11-25,ID,family,brand_a,1,1,0,2,4,3,2,1,1,0
R03423,2024-11-25,ID,family,brand_a,1,1,1,3,4,2,3,4,1,0
R03424,2024-11-25,ID,family,brand_a,1,1,0,2,3,3,2,2,1,0
R03425,2024-11-25,ID,family,brand_a,0,0,0,3,2,1,2,4,1,1
R03426,2024-11-25,ID,family,brand_a,1,0,0,2,4,4,2,4,1,0
R03427,2024-11-25,ID,family,brand_a,0,1,0,4,3,3,3,2,1,1
R03428,2024-11-25,ID,family,brand_a,1,1,1,3,3,3,4,3,1,0
R03429,2024-11-25,ID,family,brand_a,1,1,0,2,3,2,3,4,1,0
R03430,2024-11-25,ID,family,brand_a,1,0,1,4,3,2,3,4,0,1
R03431,2024-11-25,ID,family,brand_a,0,0,1,4,4,2,4,2,0,0
R03432,2024-11-25,ID,family,brand_a,1,1,1,3,3,3,3,4,0,1
R03433,2024-11-25,ID,family,brand_a,1,0,0,3,4,2,4,4,0,1
R03434,2024-11-25,ID,family,brand_a,0,1,0,3,3,4,3,2,1,1
R03435,2024-11-25,ID,family,brand_a,0,0,1,3,3,3,2,4,0,0
R03436,2024-11-25,ID,family,brand_a,1,0,1,3,3,3,2,3,0,0
R03437,2024-11-25,ID,family,brand_a,0,0,0,2,1,4,1,2,0,1
R03438,2024-11-25,ID,family,brand_a,0,1,0,4,3,4,3,2,0,1
R03439,2024-11-25,ID,premium_seekers,brand_a,1,0,1,4,2,4,2,2,1,1
R03440,2024-11-25,ID,premium_seekers,brand_a,0,1,0,3,4,2,5,5,0,0
R03441,2024-11-25,ID,premium_seekers,brand_a,1,0,1,1,3,3,2,2,0,0
R03442,2024-11-25,ID,premium_seekers,brand_a,0,0,1,3,2,3,2,2,0,1
R03443,2024-11-25,ID,premium_seekers,brand_a,0,1,0,4,3,3,4,3,1,0
R03444,2024-11-25,ID,premium_seekers,brand_a,0,0,0,1,2,3,2,1,0,1
R03445,2024-11-25,ID,premium_seekers,brand_a,0,0,0,3,2,4,2,3,1,0
R03446,2024-11-25,ID,premium_seekers,brand_a,1,0,1,3,2,3,3,3,0,0
R03447,2024-11-25,ID,premium_seekers,brand_a,0,0,0,2,3,2,2,2,0,1
R03448,2024-11-25,ID,premium_seekers,brand_a,1,1,0,3,4,3,4,4,1,0
R03449,2024-11-25,ID,premium_seekers,brand_a,0,1,1,4,4,3,1,3,1,1
R03450,2024-11-25,ID,premium_seekers,brand_a,0,1,1,3,3,3,2,2,0,1
R03451,2024-11-25,ID,premium_seekers,brand_a,1,0,0,2,3,3,2,3,0,1
R03452,2024-11-25,ID,premium_seekers,brand_a,0,0,0,3,1,3,3,4,0,1
R03453,2024-11-25,ID,premium_seekers,brand_a,1,0,1,3,2,2,1,2,0,1
R03454,2024-11-25,ID,premium_seekers,brand_a,1,0,1,4,3,2,3,5,1,0
R03455,2024-11-25,ID,premium_seekers,brand_a,1,0,0,2,4,3,2,4,0,1
R03456,2024-11-25,ID,premium_seekers,brand_a,0,1,1,2,4,4,1,2,1,1
R03457,2024-12-02,ID,gen_z,brand_a,0,1,0,2,3,2,4,3,1,1
R03458,2024-12-02,ID,gen_z,brand_a,1,1,0,2,3,2,3,3,1,0
R03459,2024-12-02,ID,gen_z,brand_a,0,1,1,4,2,3,2,3,0,1
R03460,2024-12-02,ID,gen_z,brand_a,0,0,0,2,1,4,2,1,0,0
R03461,2024-12-02,ID,gen_z,brand_a,0,1,0,3,3,2,3,2,0,0
R03462,2024-12-02,ID,gen_z,brand_a,0,1,1,3,4,2,4,5,0,1
R03463,2024-12-02,ID,gen_z,brand_a,1,0,1,3,4,3,3,3,0,1
R03464,2024-12-02,ID,gen_z,brand_a,1,0,1,3,2,3,3,3,0,1
R03465,2024-12-02,ID,gen_z,brand_a,0,0,0,2,1,5,2,3,0,1
R03466,2024-12-02,ID,gen_z,brand_a,1,1,1,3,4,4,4,4,0,0
R03467,2024-12-02,ID,gen_z,brand_a,0,0,0,2,3,3,1,1,0,1
R03468,2024-12-02,ID,gen_z,brand_a,0,1,0,3,3,3,1,1,0,0
R03469,2024-12-02,ID,gen_z,brand_a,0,0,0,3,3,3,2,2,0,0
R03470,2024-12-02,ID,gen_z,brand_a,0,0,1,1,2,3,3,2,0,1
R03471,2024-12-02,ID,gen_z,brand_a,1,1,0,2,1,4,2,2,1,1
R03472,2024-12-02,ID,gen_z,brand_a,1,0,1,4,5,2,4,4,1,0
R03473,2024-12-02,ID,gen_z,brand_a,1,0,1,2,2,2,2,2,1,1
R03474,2024-12-02,ID,gen_z,brand_a,0,0,0,1,3,5,1,2,0,1
R03475,2024-12-02,ID,millennial,brand_a,0,1,1,4,5,2,5,4,0,0
R03476,2024-12-02,ID,millennial,brand_a,0,0,1,3,2,4,2,1,0,1
R03477,2024-12-02,ID,millennial,brand_a,0,1,0,3,2,3,3,3,0,0
R03478,2024-12-02,ID,millennial,brand_a,0,0,0,4,3,3,5,3,0,0
R03479,2024-12-02,ID,millennial,brand_a,1,1,1,4,5,1,4,2,0,0
R03480,2024-12-02,ID,millennial,brand_a,0,0,1,4,3,3,2,4,1,1
R03481,2024-12-02,ID,millennial,brand_a,1,1,0,3,3,4,3,3,0,0
R03482,2024-12-02,ID,millennial,brand_a,0,1,0,4,2,4,2,3,0,1
R03483,2024-12-02,ID,millennial,brand_a,0,1,1,2,2,2,1,2,1,1
R03484,2024-12-02,ID,millennial,brand_a,0,0,1,1,3,3,2,3,1,1
R03485,2024-12-02,ID,millennial,brand_a,0,0,1,3,1,4,2,3,1,0
R03486,2024-12-02,ID,millennial,brand_a,0,0,0,3,2,5,1,2,0,0
R03487,2024-12-02,ID,millennial,brand_a,1,1,0,2,2,4,3,3,0,0
R03488,2024-12-02,ID,millennial,brand_a,0,0,1,2,2,4,2,2,0,0
R03489,2024-12-02,ID,millennial,brand_a,0,0,1,1,2,4,2,1,1,0
R03490,2024-12-02,ID,millennial,brand_a,0,0,0,3,3,2,2,2,0,1
R03491,2024-12-02,ID,millennial,brand_a,0,0,0,1,1,5,1,1,0,1
R03492,2024-12-02,ID,millennial,brand_a,0,0,0,2,3,4,2,3,0,0
R03493,2024-12-02,ID,family,brand_a,1,1,1,4,3,3,3,3,0,1
R03494,2024-12-02,ID,family,brand_a,1,1,0,3,3,2,3,1,0,0
R03495,2024-12-02,ID,family,brand_a,0,1,0,2,4,4,1,2,0,1
R03496,2024-12-02,ID,family,brand_a,1,1,1,3,3,3,3,3,0,1
R03497,2024-12-02,ID,family,brand_a,0,1,1,2,2,4,3,3,0,0
R03498,2024-12-02,ID,family,brand_a,1,0,0,2,3,2,4,4,0,0
R03499,2024-12-02,ID,family,brand_a,1,0,1,4,3,2,2,2,0,0
R03500,2024-12-02,ID,family,brand_a,0,0,0,3,4,4,4,1,1,1
R03501,2024-12-02,ID,family,brand_a,1,0,0,4,3,2,3,2,0,1
R03502,2024-12-02,ID,family,brand_a,0,1,0,1,2,4,2,3,0,0
R03503,2024-12-02,ID,family,brand_a,0,0,0,2,3,5,2,2,1,1
R03504,2024-12-02,ID,family,brand_a,0,0,0,3,1,5,2,3,0,1
R03505,2024-12-02,ID,family,brand_a,1,1,1,3,3,2,3,2,1,1
R03506,2024-12-02,ID,family,brand_a,0,1,0,2,1,4,3,3,0,1
R03507,2024-12-02,ID,family,brand_a,0,0,1,3,2,5,5,2,0,1
R03508,2024-12-02,ID,family,brand_a,1,1,0,3,4,4,3,2,0,1
R03509,2024-12-02,ID,family,brand_a,1,0,0,2,3,4,2,2,0,0
R03510,2024-12-02,ID,family,brand_a,1,0,0,3,4,2,2,4,1,0
R03511,2024-12-02,ID,premium_seekers,brand_a,0,1,0,3,2,3,3,2,1,0
R03512,2024-12-02,ID,premium_seekers,brand_a,0,0,0,2,4,3,4,3,0,1
R03513,2024-12-02,ID,premium_seekers,brand_a,0,0,0,3,1,3,1,3,0,0
R03514,2024-12-02,ID,premium_seekers,brand_a,1,0,1,3,3,3,3,3,1,1
R03515,2024-12-02,ID,premium_seekers,brand_a,0,0,1,2,2,3,2,4,0,1
R03516,2024-12-02,ID,premium_seekers,brand_a,0,1,0,4,3,4,4,3,1,0
R03517,2024-12-02,ID,premium_seekers,brand_a,0,1,0,2,2,4,2,3,0,1
R03518,2024-12-02,ID,premium_seekers,brand_a,0,0,1,3,3,3,1,2,0,1
R03519,2024-12-02,ID,premium_seekers,brand_a,0,1,0,2,3,4,2,2,0,0
R03520,2024-12-02,ID,premium_seekers,brand_a,0,1,1,2,2,4,2,3,0,0
R03521,2024-12-02,ID,premium_seekers,brand_a,1,0,1,4,4,2,4,5,0,0
R03522,2024-12-02,ID,premium_seekers,brand_a,1,1,1,4,3,2,5,4,0,1
R03523,2024-12-02,ID,premium_seekers,brand_a,1,0,0,1,2,4,3,2,0,0
R03524,2024-12-02,ID,premium_seekers,brand_a,0,0,0,3,1,4,1,1,1,0
R03525,2024-12-02,ID,premium_seekers,brand_a,1,0,1,4,4,3,2,2,1,0
R03526,2024-12-02,ID,premium_seekers,brand_a,1,1,0,4,5,2,4,2,1,0
R03527,2024-12-02,ID,premium_seekers,brand_a,0,0,1,2,2,4,1,2,0,1
R03528,2024-12-02,ID,premium_seekers,brand_a,1,1,0,3,4,3,4,2,0,1
R03529,2024-12-09,ID,gen_z,brand_a,1,1,1,5,4,2,5,3,1,0
R03530,2024-12-09,ID,gen_z,brand_a,1,1,0,1,1,4,1,2,1,0
R03531,2024-12-09,ID,gen_z,brand_a,0,0,1,3,1,5,2,2,0,1
R03532,2024-12-09,ID,gen_z,brand_a,1,1,1,4,4,2,2,3,1,0
R03533,2024-12-09,ID,gen_z,brand_a,0,1,0,3,3,2,3,2,0,1
R03534,2024-12-09,ID,gen_z,brand_a,1,1,0,2,2,4,2,1,1,1
R03535,2024-12-09,ID,gen_z,brand_a,1,1,0,4,5,3,3,4,0,1
R03536,2024-12-09,ID,gen_z,brand_a,1,1,0,4,3,4,2,3,0,0
R03537,2024-12-09,ID,gen_z,brand_a,1,0,1,2,1,4,2,3,1,0
R03538,2024-12-09,ID,gen_z,brand_a,1,1,0,2,3,3,4,3,0,1
R03539,2024-12-09,ID,gen_z,brand_a,1,0,1,2,4,3,3,3,0,0
R03540,2024-12-09,ID,gen_z,brand_a,1,0,1,3,2,3,2,3,0,0
R03541,2024-12-09,ID,gen_z,brand_a,1,1,0,2,3,2,3,4,1,0
R03542,2024-12-09,ID,gen_z,brand_a,1,0,0,2,4,3,2,2,0,1
R03543,2024-12-09,ID,gen_z,brand_a,0,0,1,3,2,2,4,3,1,0
R03544,2024-12-09,ID,gen_z,brand_a,1,1,1,3,4,2,3,4,1,0
R03545,2024-12-09,ID,gen_z,brand_a,0,0,0,3,3,2,2,3,1,1
R03546,2024-12-09,ID,gen_z,brand_a,0,1,0,3,3,4,2,3,0,1
R03547,2024-12-09,ID,millennial,brand_a,1,1,1,3,3,2,4,4,0,1
R03548,2024-12-09,ID,millennial,brand_a,1,0,1,3,3,2,3,3,0,0
R03549,2024-12-09,ID,millennial,brand_a,0,0,1,3,2,3,2,2,0,0
R03550,2024-12-09,ID,millennial,brand_a,0,1,1,2,2,3,3,3,0,1
R03551,2024-12-09,ID,millennial,brand_a,1,0,1,4,1,4,2,3,0,1
R03552,2024-12-09,ID,millennial,brand_a,0,0,0,3,4,3,2,2,0,0
R03553,2024-12-09,ID,millennial,brand_a,0,1,1,3,2,2,4,3,1,0
R03554,2024-12-09,ID,millennial,brand_a,1,0,1,3,3,3,2,4,0,1
R03555,2024-12-09,ID,millennial,brand_a,1,0,0,2,3,3,2,3,0,0
R03556,2024-12-09,ID,millennial,brand_a,0,0,0,2,3,5,1,2,1,1
R03557,2024-12-09,ID,millennial,brand_a,0,0,1,3,2,4,2,3,1,1
R03558,2024-12-09,ID,millennial,brand_a,1,0,0,2,1,3,3,2,0,1
R03559,2024-12-09,ID,millennial,brand_a,1,1,0,3,4,4,3,1,0,0
R03560,2024-12-09,ID,millennial,brand_a,0,1,1,3,3,4,1,2,1,1
R03561,2024-12-09,ID,millennial,brand_a,0,1,0,3,5,1,3,4,1,0
R03562,2024-12-09,ID,millennial,brand_a,0,0,0,2,3,3,1,2,0,1
R03563,2024-12-09,ID,millennial,brand_a,1,0,1,3,3,4,4,2,0,1
R03564,2024-12-09,ID,millennial,brand_a,0,0,0,2,3,5,3,2,0,0
R03565,2024-12-09,ID,family,brand_a,0,0,0,2,1,5,2,3,0,1
R03566,2024-12-09,ID,family,brand_a,0,0,0,3,3,2,2,3,1,0
R03567,2024-12-09,ID,family,brand_a,1,1,1,3,4,2,3,3,0,0
R03568,2024-12-09,ID,family,brand_a,0,0,0,3,2,4,1,2,0,1
R03569,2024-12-09,ID,family,brand_a,1,1,0,4,2,5,2,3,0,0
R03570,2024-12-09,ID,family,brand_a,0,0,0,2,4,4,2,3,0,1
R03571,2024-12-09,ID,family,brand_a,1,0,1,4,3,4,3,2,1,1
R03572,2024-12-09,ID,family,brand_a,0,0,0,1,2,4,2,2,0,1
R03573,2024-12-09,ID,family,brand_a,1,0,1,3,2,4,2,1,1,1
R03574,2024-12-09,ID,family,brand_a,1,0,0,2,2,4,2,3,0,1
R03575,2024-12-09,ID,family,brand_a,0,0,0,2,1,3,2,2,0,1
R03576,2024-12-09,ID,family,brand_a,1,0,1,4,4,2,3,5,0,1
R03577,2024-12-09,ID,family,brand_a,0,1,1,2,2,4,4,2,1,1
R03578,2024-12-09,ID,family,brand_a,1,1,1,4,3,2,2,4,1,0
R03579,2024-12-09,ID,family,brand_a,1,1,1,3,3,4,2,2,0,1
R03580,2024-12-09,ID,family,brand_a,1,0,0,2,2,2,2,1,0,0
R03581,2024-12-09,ID,family,brand_a,1,0,1,3,3,4,2,3,1,1
R03582,2024-12-09,ID,family,brand_a,1,0,0,1,1,4,2,1,0,1
R03583,2024-12-09,ID,premium_seekers,brand_a,0,0,1,2,3,4,2,2,1,0
R03584,2024-12-09,ID,premium_seekers,brand_a,1,1,0,3,3,4,4,2,1,0
R03585,2024-12-09,ID,premium_seekers,brand_a,0,0,0,2,3,4,2,1,1,1
R03586,2024-12-09,ID,premium_seekers,brand_a,0,0,0,2,3,4,4,1,0,1
R03587,2024-12-09,ID,premium_seekers,brand_a,0,0,0,1,1,5,1,2,0,1
R03588,2024-12-09,ID,premium_seekers,brand_a,1,0,0,2,4,3,2,2,1,0
R03589,2024-12-09,ID,premium_seekers,brand_a,1,0,0,3,4,3,3,3,0,1
R03590,2024-12-09,ID,premium_seekers,brand_a,1,1,0,2,4,2,3,4,1,1
R03591,2024-12-09,ID,premium_seekers,brand_a,1,0,0,2,2,3,3,3,1,0
R03592,2024-12-09,ID,premium_seekers,brand_a,0,0,1,2,1,3,1,2,0,1
R03593,2024-12-09,ID,premium_seekers,brand_a,1,1,0,2,2,3,4,2,0,0
R03594,2024-12-09,ID,premium_seekers,brand_a,0,0,1,2,2,4,3,2,1,1
R03595,2024-12-09,ID,premium_seekers,brand_a,0,0,0,2,4,4,4,4,1,1
R03596,2024-12-09,ID,premium_seekers,brand_a,0,0,0,2,2,4,2,3,0,0
R03597,2024-12-09,ID,premium_seekers,brand_a,0,1,1,3,3,1,4,3,0,0
R03598,2024-12-09,ID,premium_seekers,brand_a,1,0,1,3,3,3,5,4,1,1
R03599,2024-12-09,ID,premium_seekers,brand_a,1,0,0,3,2,3,4,4,0,1
R03600,2024-12-09,ID,premium_seekers,brand_a,0,1,0,2,2,5,3,1,0,1
R03601,2024-12-16,ID,gen_z,brand_a,0,1,0,2,2,4,1,2,0,1
R03602,2024-12-16,ID,gen_z,brand_a,0,1,0,3,1,3,3,1,0,1
R03603,2024-12-16,ID,gen_z,brand_a,1,0,0,4,3,3,3,3,0,0
R03604,2024-12-16,ID,gen_z,brand_a,1,0,1,4,3,3,3,4,0,0
R03605,2024-12-16,ID,gen_z,brand_a,1,1,1,4,3,3,4,3,0,1
R03606,2024-12-16,ID,gen_z,brand_a,1,1,1,1,2,3,3,2,1,0
R03607,2024-12-16,ID,gen_z,brand_a,1,1,1,3,4,4,3,4,0,1
R03608,2024-12-16,ID,gen_z,brand_a,1,1,0,3,4,4,3,3,0,0
R03609,2024-12-16,ID,gen_z,brand_a,1,0,1,3,2,4,2,2,0,1
R03610,2024-12-16,ID,gen_z,brand_a,1,1,0,2,4,3,5,2,0,1
R03611,2024-12-16,ID,gen_z,brand_a,1,1,1,3,2,2,4,4,0,0
R03612,2024-12-16,ID,gen_z,brand_a,0,0,1,3,4,3,2,3,0,1
R03613,2024-12-16,ID,gen_z,brand_a,1,0,1,3,3,2,5,3,0,0
R03614,2024-12-16,ID,gen_z,brand_a,0,0,0,2,3,2,3,3,1,1
R03615,2024-12-16,ID,gen_z,brand_a,0,0,0,3,4,4,2,2,0,1
R03616,2024-12-16,ID,gen_z,brand_a,1,1,1,3,3,4,2,3,0,0
R03617,2024-12-16,ID,gen_z,brand_a,0,0,1,3,4,3,3,4,1,0
R03618,2024-12-16,ID,gen_z,brand_a,0,0,0,1,1,3,2,1,1,1
R03619,2024-12-16,ID,millennial,brand_a,1,1,1,3,4,2,3,3,1,0
R03620,2024-12-16,ID,millennial,brand_a,0,0,0,2,5,3,3,3,0,1
R03621,2024-12-16,ID,millennial,brand_a,1,0,1,2,3,2,2,3,0,1
R03622,2024-12-16,ID,millennial,brand_a,1,0,1,2,2,4,2,2,0,0
R03623,2024-12-16,ID,millennial,brand_a,0,0,1,1,4,4,3,4,1,0
R03624,2024-12-16,ID,millennial,brand_a,1,1,0,3,3,3,5,4,1,1
R03625,2024-12-16,ID,millennial,brand_a,1,1,1,3,2,3,2,4,1,0
R03626,2024-12-16,ID,millennial,brand_a,1,1,1,3,2,2,4,3,0,1
R03627,2024-12-16,ID,millennial,brand_a,0,0,1,4,4,2,4,3,1,0
R03628,2024-12-16,ID,millennial,brand_a,0,1,1,4,3,4,2,2,1,1
R03629,2024-12-16,ID,millennial,brand_a,0,0,0,2,2,5,3,3,0,1
R03630,2024-12-16,ID,millennial,brand_a,0,1,0,3,2,4,2,2,1,0
R03631,2024-12-16,ID,millennial,brand_a,0,0,1,3,1,3,2,3,1,1
R03632,2024-12-16,ID,millennial,brand_a,1,0,0,3,2,3,3,3,1,0
R03633,2024-12-16,ID,millennial,brand_a,0,0,0,2,3,4,2,3,1,1
R03634,2024-12-16,ID,millennial,brand_a,0,0,0,1,1,3,3,3,1,0
R03635,2024-12-16,ID,millennial,brand_a,0,0,0,2,3,3,3,4,0,0
R03636,2024-12-16,ID,millennial,brand_a,1,0,1,2,2,4,2,3,1,0
R03637,2024-12-16,ID,family,brand_a,1,1,0,3,3,5,1,5,0,0
R03638,2024-12-16,ID,family,brand_a,1,0,1,3,3,3,3,3,1,1
R03639,2024-12-16,ID,family,brand_a,0,0,0,1,3,4,3,2,0,1
R03640,2024-12-16,ID,family,brand_a,1,0,0,1,1,5,2,2,0,1
R03641,2024-12-16,ID,family,brand_a,0,0,0,2,2,4,2,1,1,0
R03642,2024-12-16,ID,family,brand_a,0,1,0,2,3,4,2,2,0,1
R03643,2024-12-16,ID,family,brand_a,1,0,0,1,1,4,2,2,0,1
R03644,2024-12-16,ID,family,brand_a,1,1,0,3,2,2,4,2,0,1
R03645,2024-12-16,ID,family,brand_a,0,0,1,5,3,3,3,4,1,1
R03646,2024-12-16,ID,family,brand_a,0,0,0,1,2,3,2,2,1,1
R03647,2024-12-16,ID,family,brand_a,0,1,1,3,3,3,4,2,1,0
R03648,2024-12-16,ID,family,brand_a,1,0,1,5,5,2,4,4,1,1
R03649,2024-12-16,ID,family,brand_a,0,0,0,2,3,3,4,3,0,0
R03650,2024-12-16,ID,family,brand_a,1,0,1,2,2,5,3,4,0,1
R03651,2024-12-16,ID,family,brand_a,1,0,1,3,5,3,4,3,1,1
R03652,2024-12-16,ID,family,brand_a,0,0,0,2,2,4,2,2,0,1
R03653,2024-12-16,ID,family,brand_a,1,1,1,5,4,2,3,5,1,0
R03654,2024-12-16,ID,family,brand_a,1,1,1,3,2,4,4,1,0,1
R03655,2024-12-16,ID,premium_seekers,brand_a,0,0,1,3,2,2,3,5,0,0
R03656,2024-12-16,ID,premium_seekers,brand_a,0,0,0,3,2,3,2,2,0,1
R03657,2024-12-16,ID,premium_seekers,brand_a,0,0,0,2,1,5,1,1,0,1
R03658,2024-12-16,ID,premium_seekers,brand_a,0,1,0,2,2,5,3,3,0,0
R03659,2024-12-16,ID,premium_seekers,brand_a,1,0,1,3,5,4,5,3,0,1
R03660,2024-12-16,ID,premium_seekers,brand_a,0,0,1,3,1,4,4,3,0,0
R03661,2024-12-16,ID,premium_seekers,brand_a,1,0,1,2,4,3,3,4,1,0
R03662,2024-12-16,ID,premium_seekers,brand_a,1,1,1,3,2,3,3,4,0,1
R03663,2024-12-16,ID,premium_seekers,brand_a,0,0,0,2,2,5,2,2,0,0
R03664,2024-12-16,ID,premium_seekers,brand_a,1,1,0,5,3,3,2,4,0,0
R03665,2024-12-16,ID,premium_seekers,brand_a,0,0,1,2,2,4,2,2,1,1
R03666,2024-12-16,ID,premium_seekers,brand_a,1,0,0,3,3,3,3,3,1,0
R03667,2024-12-16,ID,premium_seekers,brand_a,1,1,0,2,2,3,2,3,0,1
R03668,2024-12-16,ID,premium_seekers,brand_a,0,0,0,3,2,4,2,1,1,1
R03669,2024-12-16,ID,premium_seekers,brand_a,1,1,1,4,4,2,3,4,1,1
R03670,2024-12-16,ID,premium_seekers,brand_a,1,1,1,4,3,2,4,3,1,0
R03671,2024-12-16,ID,premium_seekers,brand_a,1,1,0,3,4,3,4,4,0,0
R03672,2024-12-16,ID,premium_seekers,brand_a,0,0,1,2,1,5,3,3,0,0
R03673,2024-12-23,ID,gen_z,brand_a,0,1,0,4,1,3,2,2,1,0
R03674,2024-12-23,ID,gen_z,brand_a,1,1,0,4,3,1,4,3,1,1
R03675,2024-12-23,ID,gen_z,brand_a,1,1,1,3,3,2,3,4,0,1
R03676,2024-12-23,ID,gen_z,brand_a,0,1,1,3,3,2,5,2,1,0
R03677,2024-12-23,ID,gen_z,brand_a,1,0,1,5,3,2,2,4,0,1
R03678,2024-12-23,ID,gen_z,brand_a,0,0,0,2,4,2,4,4,1,0
R03679,2024-12-23,ID,gen_z,brand_a,0,0,1,4,3,4,4,5,0,0
R03680,2024-12-23,ID,gen_z,brand_a,1,1,0,2,2,4,4,4,1,1
R03681,2024-12-23,ID,gen_z,brand_a,0,0,0,2,2,5,2,2,1,1
R03682,2024-12-23,ID,gen_z,brand_a,0,0,1,3,3,3,4,1,1,0
R03683,2024-12-23,ID,gen_z,brand_a,1,1,0,3,3,4,2,2,0,0
R03684,2024-12-23,ID,gen_z,brand_a,1,0,0,2,2,4,2,2,0,1
R03685,2024-12-23,ID,gen_z,brand_a,0,0,0,1,4,2,2,2,0,1
R03686,2024-12-23,ID,gen_z,brand_a,1,1,0,2,5,4,2,3,0,1
R03687,2024-12-23,ID,gen_z,brand_a,0,0,0,2,2,3,4,3,1,1
R03688,2024-12-23,ID,gen_z,brand_a,0,0,1,4,2,4,2,5,0,1
R03689,2024-12-23,ID,gen_z,brand_a,0,0,1,5,4,4,4,4,1,1
R03690,2024-12-23,ID,gen_z,brand_a,0,0,0,3,1,3,3,3,0,1
R03691,2024-12-23,ID,millennial,brand_a,0,0,0,2,4,4,1,2,1,1
R03692,2024-12-23,ID,millennial,brand_a,1,0,0,3,2,3,2,4,1,0
R03693,2024-12-23,ID,millennial,brand_a,1,0,1,3,2,4,2,2,0,0
R03694,2024-12-23,ID,millennial,brand_a,0,1,0,2,2,4,2,1,1,1
R03695,2024-12-23,ID,millennial,brand_a,0,0,1,2,4,4,1,3,0,1
R03696,2024-12-23,ID,millennial,brand_a,1,0,1,1,2,3,2,3,0,0
R03697,2024-12-23,ID,millennial,brand_a,1,1,0,2,3,3,3,2,0,1
R03698,2024-12-23,ID,millennial,brand_a,1,0,1,3,2,3,2,3,0,1
R03699,2024-12-23,ID,millennial,brand_a,0,0,1,3,4,3,3,3,1,0
R03700,2024-12-23,ID,millennial,brand_a,0,0,0,1,1,4,2,1,1,1
R03701,2024-12-23,ID,millennial,brand_a,1,1,0,2,3,4,2,2,0,1
R03702,2024-12-23,ID,millennial,brand_a,0,0,0,3,2,4,3,2,1,0
R03703,2024-12-23,ID,millennial,brand_a,1,1,1,3,4,3,4,4,1,0
R03704,2024-12-23,ID,millennial,brand_a,1,0,1,3,3,2,3,5,0,1
R03705,2024-12-23,ID,millennial,brand_a,0,0,0,2,4,4,3,2,1,0
R03706,2024-12-23,ID,millennial,brand_a,1,1,0,4,3,2,1,5,1,0
R03707,2024-12-23,ID,millennial,brand_a,0,0,1,3,2,4,2,4,0,1
R03708,2024-12-23,ID,millennial,brand_a,1,1,0,3,1,4,2,2,1,1
R03709,2024-12-23,ID,family,brand_a,0,0,0,4,2,3,3,2,1,0
R03710,2024-12-23,ID,family,brand_a,1,0,1,4,2,2,1,3,1,0
R03711,2024-12-23,ID,family,brand_a,0,0,1,2,2,5,3,1,1,0
R03712,2024-12-23,ID,family,brand_a,0,0,1,3,3,3,4,3,0,0
R03713,2024-12-23,ID,family,brand_a,1,1,0,4,3,3,4,3,1,1
R03714,2024-12-23,ID,family,brand_a,1,0,0,3,3,3,3,2,1,0
R03715,2024-12-23,ID,family,brand_a,1,0,1,2,2,4,2,1,0,1
R03716,2024-12-23,ID,family,brand_a,1,0,0,2,1,4,2,1,0,1
R03717,2024-12-23,ID,family,brand_a,1,0,0,2,2,4,2,1,0,1
R03718,2024-12-23,ID,family,brand_a,0,0,0,2,3,2,2,5,0,0
R03719,2024-12-23,ID,family,brand_a,0,0,1,3,3,3,3,2,1,1
R03720,2024-12-23,ID,family,brand_a,0,1,0,2,2,5,2,2,0,1
R03721,2024-12-23,ID,family,brand_a,0,1,0,1,2,2,3,3,1,1
R03722,2024-12-23,ID,family,brand_a,0,0,0,3,3,4,3,3,0,1
R03723,2024-12-23,ID,family,brand_a,0,0,0,2,1,4,1,1,0,1
R03724,2024-12-23,ID,family,brand_a,1,0,1,3,2,4,3,3,1,0
R03725,2024-12-23,ID,family,brand_a,1,1,0,4,2,3,2,3,1,1
R03726,2024-12-23,ID,family,brand_a,1,0,0,3,2,3,2,2,1,1
R03727,2024-12-23,ID,premium_seekers,brand_a,1,1,1,3,4,2,4,3,0,0
R03728,2024-12-23,ID,premium_seekers,brand_a,0,1,0,3,2,4,3,3,0,1
R03729,2024-12-23,ID,premium_seekers,brand_a,0,0,0,4,3,3,2,4,1,0
R03730,2024-12-23,ID,premium_seekers,brand_a,1,1,0,3,3,3,1,1,1,1
R03731,2024-12-23,ID,premium_seekers,brand_a,0,1,1,4,3,3,3,3,0,0
R03732,2024-12-23,ID,premium_seekers,brand_a,1,1,1,3,3,2,4,4,0,0
R03733,2024-12-23,ID,premium_seekers,brand_a,1,0,0,3,2,3,3,2,0,1
R03734,2024-12-23,ID,premium_seekers,brand_a,1,1,0,3,4,2,4,5,1,0
R03735,2024-12-23,ID,premium_seekers,brand_a,0,0,0,2,2,4,3,4,1,1
R03736,2024-12-23,ID,premium_seekers,brand_a,1,0,1,2,3,3,3,2,0,0
R03737,2024-12-23,ID,premium_seekers,brand_a,1,1,0,3,4,4,1,3,0,1
R03738,2024-12-23,ID,premium_seekers,brand_a,0,0,0,2,2,4,2,2,0,1
R03739,2024-12-23,ID,premium_seekers,brand_a,1,0,1,5,1,4,4,3,1,0
R03740,2024-12-23,ID,premium_seekers,brand_a,0,0,1,2,2,4,3,2,1,0
R03741,2024-12-23,ID,premium_seekers,brand_a,0,1,0,2,2,4,2,2,0,1
R03742,2024-12-23,ID,premium_seekers,brand_a,1,0,0,2,2,4,2,3,0,0
R03743,2024-12-23,ID,premium_seekers,brand_a,1,0,1,2,2,5,2,3,0,1
R03744,2024-12-23,ID,premium_seekers,brand_a,0,1,0,4,4,3,3,3,1,1
R03745,2024-12-30,ID,gen_z,brand_a,1,1,1,3,4,3,4,4,1,0
R03746,2024-12-30,ID,gen_z,brand_a,1,0,0,2,3,3,2,3,0,1
R03747,2024-12-30,ID,gen_z,brand_a,1,0,0,3,3,4,3,3,1,0
R03748,2024-12-30,ID,gen_z,brand_a,1,0,1,2,2,5,2,2,0,1
R03749,2024-12-30,ID,gen_z,brand_a,1,1,0,3,2,4,1,3,0,1
R03750,2024-12-30,ID,gen_z,brand_a,1,1,1,3,4,1,5,5,1,0
R03751,2024-12-30,ID,gen_z,brand_a,1,0,0,4,2,3,4,2,0,1
R03752,2024-12-30,ID,gen_z,brand_a,0,1,1,3,3,3,1,2,1,0
R03753,2024-12-30,ID,gen_z,brand_a,0,0,0,1,2,4,2,1,0,1
R03754,2024-12-30,ID,gen_z,brand_a,0,0,0,4,2,4,3,2,1,1
R03755,2024-12-30,ID,gen_z,brand_a,1,0,1,4,3,3,4,4,0,0
R03756,2024-12-30,ID,gen_z,brand_a,0,0,0,4,2,4,3,2,1,0
R03757,2024-12-30,ID,gen_z,brand_a,1,1,1,5,4,3,4,3,0,0
R03758,2024-12-30,ID,gen_z,brand_a,1,0,1,2,2,3,3,4,0,0
R03759,2024-12-30,ID,gen_z,brand_a,0,0,0,2,2,4,1,3,0,0
R03760,2024-12-30,ID,gen_z,brand_a,1,1,0,3,2,3,2,3,1,1
R03761,2024-12-30,ID,gen_z,brand_a,1,0,1,2,2,4,2,2,0,0
R03762,2024-12-30,ID,gen_z,brand_a,0,0,0,2,2,4,2,2,1,0
R03763,2024-12-30,ID,millennial,brand_a,1,0,1,4,3,4,3,3,0,1
R03764,2024-12-30,ID,millennial,brand_a,1,1,1,4,3,4,3,4,1,0
R03765,2024-12-30,ID,millennial,brand_a,1,1,0,2,2,4,2,3,0,1
R03766,2024-12-30,ID,millennial,brand_a,1,0,0,2,2,3,4,2,1,1
R03767,2024-12-30,ID,millennial,brand_a,0,0,1,2,3,3,3,2,0,1
R03768,2024-12-30,ID,millennial,brand_a,1,0,1,3,3,2,4,2,0,0
R03769,2024-12-30,ID,millennial,brand_a,0,0,1,3,4,2,2,2,1,0
R03770,2024-12-30,ID,millennial,brand_a,0,1,1,3,3,2,2,3,1,1
R03771,2024-12-30,ID,millennial,brand_a,0,0,0,2,3,3,3,2,0,1
R03772,2024-12-30,ID,millennial,brand_a,0,0,0,3,3,2,3,5,1,1
R03773,2024-12-30,ID,millennial,brand_a,0,0,1,2,3,4,2,1,0,1
R03774,2024-12-30,ID,millennial,brand_a,0,0,1,4,4,4,4,2,1,0
R03775,2024-12-30,ID,millennial,brand_a,1,0,0,3,2,3,2,3,1,1
R03776,2024-12-30,ID,millennial,brand_a,1,1,1,4,4,5,2,3,1,0
R03777,2024-12-30,ID,millennial,brand_a,0,1,1,3,3,2,4,4,1,0
R03778,2024-12-30,ID,millennial,brand_a,0,1,1,1,3,3,2,3,0,1
R03779,2024-12-30,ID,millennial,brand_a,0,0,0,2,1,3,2,2,0,0
R03780,2024-12-30,ID,millennial,brand_a,0,0,1,3,3,3,4,3,0,0
R03781,2024-12-30,ID,family,brand_a,1,0,1,4,4,4,3,4,0,0
R03782,2024-12-30,ID,family,brand_a,0,1,0,2,2,4,2,2,0,1
R03783,2024-12-30,ID,family,brand_a,0,1,0,2,1,3,2,2,1,1
R03784,2024-12-30,ID,family,brand_a,0,0,0,2,3,5,3,3,0,1
R03785,2024-12-30,ID,family,brand_a,1,0,0,3,3,3,1,2,0,1
R03786,2024-12-30,ID,family,brand_a,0,0,0,2,2,5,3,1,0,0
R03787,2024-12-30,ID,family,brand_a,1,1,0,2,3,3,2,3,1,0
R03788,2024-12-30,ID,family,brand_a,0,0,0,3,2,3,3,2,1,1
R03789,2024-12-30,ID,family,brand_a,0,1,0,3,4,3,2,3,0,0
R03790,2024-12-30,ID,family,brand_a,0,0,0,4,4,2,2,3,1,0
R03791,2024-12-30,ID,family,brand_a,0,1,1,3,4,4,2,2,0,0
R03792,2024-12-30,ID,family,brand_a,0,0,1,1,1,4,2,2,0,1
R03793,2024-12-30,ID,family,brand_a,0,0,0,2,1,4,2,2,0,1
R03794,2024-12-30,ID,family,brand_a,0,1,1,5,2,2,4,3,1,1
R03795,2024-12-30,ID,family,brand_a,0,0,0,2,3,4,2,3,1,1
R03796,2024-12-30,ID,family,brand_a,0,1,1,3,2,5,3,3,0,1
R03797,2024-12-30,ID,family,brand_a,1,1,1,5,5,3,4,4,1,0
R03798,2024-12-30,ID,family,brand_a,0,0,0,3,3,2,4,1,0,1
R03799,2024-12-30,ID,premium_seekers,brand_a,1,0,0,3,3,4,3,4,0,0
R03800,2024-12-30,ID,premium_seekers,brand_a,1,1,1,3,2,2,3,5,0,0
R03801,2024-12-30,ID,premium_seekers,brand_a,0,1,0,3,3,2,3,3,0,1
R03802,2024-12-30,ID,premium_seekers,brand_a,1,0,1,2,3,2,2,3,1,0
R03803,2024-12-30,ID,premium_seekers,brand_a,1,0,0,2,2,3,3,2,0,1
R03804,2024-12-30,ID,premium_seekers,brand_a,0,1,1,3,4,4,2,3,0,1
R03805,2024-12-30,ID,premium_seekers,brand_a,1,1,1,2,3,2,3,3,0,1
R03806,2024-12-30,ID,premium_seekers,brand_a,0,0,0,3,1,4,2,3,0,1
R03807,2024-12-30,ID,premium_seekers,brand_a,1,0,0,3,3,3,2,3,0,1
R03808,2024-12-30,ID,premium_seekers,brand_a,0,1,0,2,2,3,4,3,0,1
R03809,2024-12-30,ID,premium_seekers,brand_a,0,1,1,4,2,3,3,3,1,1
R03810,2024-12-30,ID,premium_seekers,brand_a,1,0,0,2,2,3,3,1,1,1
R03811,2024-12-30,ID,premium_seekers,brand_a,0,1,1,4,3,3,4,3,1,0
R03812,2024-12-30,ID,premium_seekers,brand_a,1,1,0,3,4,3,4,3,1,0
R03813,2024-12-30,ID,premium_seekers,brand_a,1,1,0,4,3,3,3,3,0,0
R03814,2024-12-30,ID,premium_seekers,brand_a,0,0,0,4,2,3,2,3,0,1
R03815,2024-12-30,ID,premium_seekers,brand_a,0,0,1,1,1,4,2,1,0,0
R03816,2024-12-30,ID,premium_seekers,brand_a,0,0,0,2,2,4,3,1,1,0
