date,gold,silver,platinum,palladium,copper,wti_crude,brent_crude,natural_gas,heating_oil,wheat,corn,soybeans,coffee,sugar,cotton
2020-01-02,0.0018601727010956583,0.0012002939818051223,-0.003225250839352719,-0.0019729536918520786,-0.0016388193050899914,0.01016872751456271,0.018291101388516553,0.008269330993144332,0.0039864206328979685,0.003804865036617247,-0.009249647616494801,-0.008427472530164482,0.006592045411799042,0.0024399965461661985,0.00798999689661668
2020-01-03,0.00015870899531052635,-0.015180907763471339,0.005752951140371977,-0.007129793054174938,0.005479519935821331,-0.011074830410778178,-0.03103113524481525,-0.007999648575133599,-0.02148366160142233,-0.006325209356677412,-0.009290863146022059,0.00031916761008940025,0.0024940151536346263,-0.004494440400886593,-0.00469839830348209
2020-01-06,-0.004271455953374235,-0.0018733438890405163,-0.007249351945313489,-0.005046249671762233,-0.014315024372115136,0.005095533445773391,-0.009567575911829869,-0.013104422056441615,0.009310265181362548,-0.003890848851339528,-0.007058078335860962,-0.0045197989847138515,-0.003791944686464791,0.011223801419611495,-0.010341982501695844
2020-01-07,0.005962003946452942,0.005262178925488632,-0.002310410112941543,-0.000485150180692425,-0.001292232600119762,0.010984276706337108,0.012097041145047798,0.009230025855562976,0.009571875208196757,-0.006810389749772421,-0.0014538917673212696,0.0012266458888996426,0.008757214405216304,0.020848752159824388,0.012855893885366579
2020-01-08,0.004644249291066451,-0.005398977332481763,-0.0006030815728527107,0.011225743377534762,0.014174983329967366,-0.025146246595214063,-0.033996146743704506,-0.04263819781465308,-0.025930060767190326,-0.0053483788883748745,0.009940113035548852,-8.375133594357587e-05,0.0074329371890699365,0.006866142966827108,0.0038896204092786924
2020-01-09,-0.009364095204288327,-0.013428393876308287,-0.009012877046166488,-0.007976549828764792,-0.0008536764768838007,-0.0036363631792831128,-0.015134513607229864,0.007136785475955363,-0.006749793736512297,0.0008278137908401349,0.003805161818398617,0.0011616248413544843,0.00510255186359239,0.010500565864685292,0.0010288753608393186
2020-01-10,-0.005917844271307136,-0.003966331634303139,-0.0015254510438818026,-0.014387392410432298,0.008230347485428797,-0.004568530543438096,-0.01888338727965391,-0.005860039187257075,-0.01053340864628815,0.004082204499013913,0.0188541781107346,-0.0008124290187689127,0.0007476256270083165,-0.0004132909763575988,-0.0034745154022219377
2020-01-13,-0.0032523032385006496,0.00276320488003807,0.011688971189559779,-0.0036147640660014156,-0.00977412503574089,0.06517854391520055,0.02698408041319043,0.04600916042676687,0.04098513757313448,0.007633478957028357,0.009736589227836432,-0.007009774312710933,-0.006568307817105847,-0.008165956565693931,0.004596694974438254
2020-01-14,-0.0017217149439051533,0.007153309630528479,0.004511148052105213,0.0012868019667266963,-0.006780363471519631,-0.0016239897759394667,-0.014697337083028459,0.006612587198864353,0.0014608590507922516,0.01029778892414544,-0.0019133570251151295,-0.002278966717256333,0.007985311651780395,-0.00022535806639174038,-0.011116368197834368
2020-01-15,0.00299739414576131,0.0058667822476260794,0.0007940465935886603,0.0016544563996528444,0.011051445293367037,-0.013367039222430524,-0.005218356881419084,-0.006911764263672326,0.0061372318323634715,0.007943990760954523,-0.0031096341946582344,0.011615148945465522,0.004460389902294642,0.011194101840647279,0.014783885698488871
2020-01-16,0.0032972989325889502,0.008625325804768684,-0.001286287276798134,-0.007969160916906956,-0.0006803411380996339,0.005058589660376083,0.013991040530115392,0.01450081541177921,0.002457146373920857,-0.00735673714761419,-0.0071949437720865645,-0.01613544086671779,-0.0013929796897349308,0.004676932656847851,0.005087544766864815
2020-01-17,0.0074413941529880255,0.006170035169101411,-0.0015211534464614604,0.000665922714617982,0.0014579553984279932,-0.0005863296292696023,-0.009161080294252225,-0.022187424015505615,-0.021717870857889197,0.0039018267387390215,-0.008613526384441513,0.0032332207066505907,0.009056444819950734,0.003909330208598918,0.015025911360142835
2020-01-20,0.007725174809712809,0.007990883921396876,0.013963792510715646,0.004839103023312877,-0.0015375141916307822,-0.0004502540362260884,-0.018625974807380416,-0.023067878312682994,0.007408128295941405,-0.005253776211320812,0.004233079804668704,0.01096608542864573,0.0041482252851891745,-0.0019791227372587252,0.006602092045984119
2020-01-21,0.013461745197225454,0.0011103550586162392,0.010642277177464047,0.015060611958844046,-0.0015535722328970387,0.011506914712829608,0.00950078133198131,0.028619796613704458,0.003056786353979975,0.015335593230683564,0.006400782852361221,0.002458391844688732,0.012857865072632561,-0.004113728453074041,0.00887432394464333
2020-01-22,0.00755931172085801,-0.0011851292846117197,0.006484140143698412,0.007238832230472249,0.003022011584329381,-0.011778978938140342,0.013042259937949188,0.0012944596444844929,0.011743296852447172,-0.001140457858318292,-0.0047600385101639504,-0.002866433101023452,-0.001871473525127513,-0.005892050074705654,-0.007998447456697096
2020-01-23,-0.008074961807860893,0.003085861218222431,0.003074883899276769,-0.0026121726358467965,0.00018093901011992996,0.0035684952078737274,-0.0034037265771490162,-0.0016182279281322666,0.0029817816559193086,-0.018099415604575363,0.0010672211603180253,-0.01519134222514935,-0.014400436327530018,-0.015833612487496113,-0.01243659540178123
2020-01-24,0.00520226883333799,0.003941454898912664,-0.006820467965777316,-0.012593863709447522,0.007665165789104422,0.016275380011640153,0.02337606544276377,0.014138298674516856,0.027339543963881146,-0.0030988255580718855,-0.0062537412051977305,-0.0034268754313094836,-0.025759804885235958,-0.03273482885297524,-0.022444701923095167
2020-01-27,0.01250531250767676,-0.0019502702059763786,0.014155136069599816,0.007049791477267817,0.004972466850177069,0.029585556237333006,0.01850626357049796,0.03405730420036551,0.037271440256462944,-0.01414784413088561,-0.00909454402383415,-0.008180929298302456,-0.0010947500514512528,-0.0008947153537177521,0.00774016352502817
2020-01-28,0.013485816639480957,0.014041565889547334,0.011751500417077052,0.013501110325244292,-0.005900504007624337,-0.0063986130816772995,0.013982028505804444,0.002888004999346778,0.01126940190602374,-0.002870949028045219,0.0021711194123882377,0.0036937100027748834,-0.002462112960175081,-0.008048758033881864,-0.005683091834062509
2020-01-29,-0.0006828152161994608,-0.004460447934393602,-0.009318032877288019,-0.004524765240737217,-0.012937986460009746,-0.00954570705843691,-0.03146105288892562,-0.02252148823902593,-0.016592383173734675,-0.004446564593613509,0.003609485717598,-0.00019947295943741644,-0.01975037966583462,-0.009355026102402407,-0.010833264727976681
2020-01-30,-0.007999958388065956,-0.007783014073519588,-0.014765784059003941,-0.004839199403880224,-0.006118544623739247,0.0037298095909159327,0.004554176992637178,-0.010112719201281787,-0.010698617222431503,-0.008993033971129686,-0.0017213849552865728,-0.018009432563419362,-0.00010267281000671166,4.4188543393007854e-05,-0.010019514260886021
2020-01-31,-0.0013152697440434815,0.002433516070873289,0.006738841243692778,0.004247400243858965,-0.002496334371537029,0.0036940169159719056,0.010520852958381847,0.016912799730144895,-0.01356455684773162,-0.010076660550931609,0.004344079534510895,-0.0049017596803746155,-0.0008788505865958402,-0.00562307758038169,0.000845422764264885
2020-02-03,-0.011268310229651708,-0.008353736631472153,0.0030127001749419417,-0.01239438889105706,0.011980055202129952,-0.016408472150409505,-0.022424812552216303,-0.003078308077551134,-0.008864138149967973,0.0075313701161054715,0.014555348296271592,0.009109584067515842,0.004351926299464036,0.006933632321206926,0.00041463814962710037
2020-02-04,0.0013241909810685877,-0.004294434280120698,-0.0020215464689532668,-0.016236109511542807,0.007326555693500907,0.03194929705371213,0.028988320024537346,0.003446856876473346,0.002932374274392778,-0.0025127416936914274,-0.0019839882134642527,0.0037430038737747084,0.008798284614056297,0.014458363590219401,0.008750266585744055
2020-02-05,0.013576359037051365,0.01745957543564539,0.022879976948874458,0.009946627206643684,0.0020933054320478686,0.002580314247737648,-0.020192496562210338,0.009190694764481522,0.004618041036943227,0.0166289795102069,0.012019841703682276,0.021723211848467573,0.00927977753098917,0.012830589455491554,0.006346156693380768
2020-02-06,0.016799970488292137,0.012556963942420894,0.009031284065650444,0.004785270133721318,-0.005585790786240131,0.044023841959203176,0.038526871175469816,0.041612664835763556,0.02634503764017073,-0.009357594034129767,-0.004809228650685078,0.003162441062460965,0.003802058692054941,0.004973371021332618,0.013447629824089745
2020-02-07,-0.0007221847007188995,-0.01199059731519086,-0.006741877486323789,-0.0011804712691707697,-0.010509977199579511,0.0029614128687317064,0.00028501346831474964,0.003794163146823147,0.005865798362502344,0.017049391870565665,0.001964987821039964,0.005556856535820332,-0.01814613696776388,-0.017040800811126883,-0.017275048990557304
2020-02-10,0.024065513998944986,0.021308842192376512,0.013971153823170435,0.02138547298407705,0.0017463606104258077,-0.02582434555742319,-0.021779337251027292,-0.031397002134371355,-0.03262626746548125,0.0033944643507397496,0.008384544893895444,0.022282702552606743,-0.00369690506543877,-0.0018527849386554877,0.0005880291001853745
2020-02-11,-0.0013508643569461192,0.00021081019844938369,-0.007856196985503862,0.004568506257094167,-0.017406067042620377,-0.010862904819331652,-0.008846778409164884,-0.01977850847140432,-0.0011568683472236538,-0.019416556631942104,-0.010859110333653296,-0.021078113951485955,-0.02113218139047469,-0.010893872064320657,-0.009405634496402915
2020-02-12,0.006810991117695485,-0.008828259564176273,-0.004943391612799452,-0.006751475444306503,-0.02533217441766558,0.03157827203816785,0.007894597061167088,0.015962947622621706,0.01737858676298979,0.01372061668953368,0.011263482526873975,0.009200778756752797,-0.007193790628094017,-0.012692149099259215,-0.002205852616432362
2020-02-13,0.0015520714595429958,-0.001484299556917577,-0.0020712439831947,0.005481394877241476,-0.008365697733183018,-0.009936560378042851,0.015643077210149136,0.005978899424583853,-0.006296710686583117,0.004875030545751668,0.005025719248448971,0.013511272584269894,-0.009718934144025335,-0.008329520182859644,-0.0029854908760081687
2020-02-14,0.011936653283288216,0.010233946844098287,-0.009933092297347025,0.003972193353085159,0.020833132598920237,0.020419505811901547,0.038677248447198456,0.016287614768749056,0.03759377899957476,0.014540631396416336,0.019114808424702978,0.016152877677937872,0.012510964947308693,0.022815920695726296,0.018951861781526195
2020-02-17,0.011330006933361114,0.00679247407588469,-0.0006386923211396478,-0.0013368914864052485,0.006952758643985314,-0.014996885024140396,-0.003649470051978624,-0.023927482521837427,-0.022387142751503625,0.008640539758127862,0.005564538382625308,0.00748623419508138,0.013887893026340015,0.014905153490791915,0.02162693089633974
2020-02-18,0.014526483722467011,0.01654490078180034,0.007376262982437742,0.01808818370883422,0.005348942930245133,-0.0032787885052690336,-0.030383095420279622,-0.015209983355670614,-0.018546612176577007,0.002955256473708345,0.008377464829260862,0.0012698775618512495,0.026088437776309016,0.020744635147848592,0.023483742267588988
2020-02-19,-0.017393885915880026,-0.02311273599533308,-0.008081537456726096,-0.007637780892117627,-0.018654606959121415,-0.009223420290338898,0.005867269119050864,-0.012612392830561599,0.00016776195159269982,-0.01599649512489801,-0.021504232834165537,-0.02719143303978182,-0.009393378189233801,-0.002458036412951511,-0.0077867655600075405
2020-02-20,0.016950601536755962,0.025474300226870937,0.015231745622853104,0.022715054566164482,-0.010772229934301596,0.0017787976332156348,-0.0013718186960707886,-0.00899661164878134,-0.005666696232040938,-0.0054666019440947605,-0.006936372839168606,-0.008563622950181171,-0.00532652847080349,-0.007064557545740708,0.00048014171247434245
2020-02-21,0.009999346972345734,0.000799451235669113,0.013871976325762965,0.0008876364038791086,0.0076258111274655396,-0.026279965546390054,-0.000901175291641877,-0.007122164199071389,-0.016541460146820994,-0.0031527566635169706,0.003499194209577144,-0.010818841290064166,-0.006754690201070028,-0.00752692918731683,-0.003244209823113309
2020-02-24,0.005957675196845249,0.012217376190507341,0.01337425141899751,0.0038357462048706215,0.004288943712859599,0.010438697268021421,0.005005224698558674,0.018666167876327824,-0.00021971245434880375,0.0013765667633996435,-0.002516085192757218,-0.00010589230352111558,-0.011506948987412656,0.0018574720179339616,-0.003841526338576479
2020-02-25,0.0007453034746280082,0.005916660407722676,0.003149469830079037,0.01661270724560432,-0.003270686654042875,-0.014618617222290846,-0.03994705644181542,-0.013822760507753357,-0.007991538721602909,-0.004950480432474548,-0.006789374345432424,0.002086866018752322,0.020221109432425218,0.008002941311318826,-0.0013650309657085244
2020-02-26,0.01852372179741022,0.017147025349869918,0.023483128458446446,0.0111880124395435,0.02865287986963309,-0.023585281375661515,-0.04279657155174317,-0.021839547008731572,-0.017246759653624624,0.029886835435373956,0.016792254476704318,0.020189809070342464,0.01650650435609866,0.016591325611020044,0.018916301978798386
2020-02-27,-0.0032242299687903343,0.012347630667195426,-0.009740247702382977,0.005918062033660158,-0.0008770066482168921,-0.031044657348811577,-0.04040680319197194,-0.01924078168789202,-0.015197045281311551,-0.013314247885283254,-0.012635545340013387,-0.008726516940357483,-0.0026158921621444427,-0.017245235719928243,-0.0018521600096104117
2020-02-28,-0.0036447691249718588,0.005089143772048634,0.0033611129392139,0.012131810869527576,-0.013193904389080312,-0.0074283243398926705,0.005197029132911215,0.01414654610113806,-0.003811423450188333,-0.018768833288382154,-0.01465944379684421,-0.023495389192888648,-0.00010522911422942245,-0.020197547571692353,-0.016529571069688078
2020-03-02,0.008846918947911588,0.010711347371382718,0.008670899599394698,0.004649044446610042,-0.004695421722189227,-0.02930126565312737,-0.037056628716361464,-0.0007250043076087974,-0.01719942313668108,0.0011320016226862772,-0.008695796026604837,-0.01818888982391141,0.0004819910096639764,-0.0088769845367563,-0.005553237395489779
2020-03-03,0.02509697255885081,0.026108126219899146,0.028716140624643484,0.018634353529109277,0.015703574607317125,-0.01236787459290144,-0.020968115912570563,-0.01871530807735368,-0.02491455039445503,0.014284147604897419,0.003901043260221136,-0.009219898956021488,0.021491326997676162,0.014459628767127416,0.020420528146937695
2020-03-04,0.026163751185516382,0.026148706361499432,0.0250257004553929,0.015504854393199293,0.01484840335726582,-0.03979534555172738,-0.037353640558767595,-0.04689966547476759,-0.05022115776927469,0.012787937091347346,-0.0021008015158445106,0.0030380417889353927,0.001215619122186169,-0.01787495613243915,-0.0065062262187686164
2020-03-05,0.02206653077985294,0.014046925809581251,0.01957683370180432,0.029183087101567022,-0.007692007775299303,-0.007480398173811803,0.009438100684577209,0.017274985836330657,0.01323706320639428,-0.0003196789430697355,0.0012649479413683901,0.0061642673588939555,0.010684342388901777,0.005262474729928971,0.009065450987002397
2020-03-06,0.017943590109109956,0.01697483676585337,0.018062546965048467,0.033227613893134465,-0.0032965571428073426,-0.011202067481650523,-0.00468317766477281,-0.010498771025619165,-0.025277566580784415,0.005053193683473022,0.014625185091221548,-8.659207479578233e-05,-0.0034723306171991412,-0.011024101463360421,-0.005777895631293284
2020-03-09,0.016547448415951606,0.012313706441557248,0.0036065253823780816,0.008558095372282573,-0.009711113570624305,0.005780445644702377,-0.0046322095196747026,0.007073175922382574,-0.024400648079494124,-0.0346086085786427,-0.016260217632509972,-0.0167833097252332,-0.004946589337812678,-0.004629100592190677,0.0028155644438056966
2020-03-10,0.027824337189611397,0.024119345887063246,0.030867676561301776,0.03181248444719052,0.014850590705454893,-0.014499031821533169,-0.008418966777043617,-0.019346435715788066,-0.013860379186687243,0.02218531038079595,0.012587976538596501,0.019744030755694267,0.012548618894204003,0.004979188292735062,0.018238532794231873
2020-03-11,0.04219355258131472,0.04216487134541194,0.032952821804138936,0.03830256709970832,0.013579080786059083,0.00972216392453946,0.014261379693093984,0.013069956149895716,0.00226530862113747,0.039980794960343256,0.04507185415933836,0.03427300671028138,0.018365717351638305,0.02618861029225839,0.021222662234110717
2020-03-12,0.020114557577867807,0.027224936562404184,0.029317777402577794,0.03146375928207165,-0.002397248084730585,-0.013880121806282272,-0.017336240589518406,-0.01789530009525652,-0.028914417061200515,-0.006448713036560117,-0.002978630811970225,-0.0013806693447025245,0.01927902891497503,0.017994515070092997,0.00757442039904762
2020-03-13,0.003142066064290014,0.009243934856818115,0.013697505455197136,0.011181559389806327,-0.0077715399680235555,-0.01008478434562879,-0.0018738136398535402,-0.015862920465241893,-0.007195017927947522,-0.025919773934235474,-0.0223249279155267,-0.02083542437537927,-0.00976795475632192,0.005393651095964285,0.003065401343688711
2020-03-16,0.011187488232341489,0.008894054648424132,0.005182580088172188,0.006913880425548555,-0.009686979705611436,-0.041995390624196494,-0.05092304207549796,-0.047619251601478466,-0.054634393417591236,-0.03466247914115875,-0.03658591273833968,-0.03277052569976195,-0.0022300188704493205,0.015644032894153795,-0.0022132023415848893
2020-03-17,0.022167370529760554,0.03368148996588819,0.030222026397628502,0.03359760452624887,-0.005293232601200009,-0.0396928498932827,-0.02727888046828631,-0.038991778766201995,-0.031786717440571405,-0.007456998743842023,-0.011864944797847353,-0.003723797088710696,-0.00393668507977642,0.0014636563300203138,-0.0025229077283315223
2020-03-18,0.009710346706165924,0.014626779548765729,0.0009326288978515011,0.011859404178792495,-0.015704002339461752,-0.028605719885657896,-0.009180747828595077,-0.006865193104654084,-0.007058459368301817,-0.007529831739123369,-0.007690088133626358,-0.0028158427482021502,-0.017039112225452877,-0.020027867992508205,-0.01668437961847223
2020-03-19,0.022565380784252173,0.014772146638208389,0.026581792653560844,0.01585650120360082,-0.03214292839921953,0.028406558400884893,0.031616269554852056,-0.003817642607966871,0.012989277205066522,-0.023743580990134634,-0.009486014876060166,-0.019025763754319004,-0.013486715922073445,0.0009095835814846836,0.006555162942212068
2020-03-20,0.008824517940012846,0.011362782647793827,0.01746953988910772,0.014206680172832116,-0.01299409546502873,-0.013464303876147207,-0.0035474521704948487,-0.011612870345711733,0.010168244590714123,-0.016774406486483356,-0.022126400084794915,-0.018411229508495934,-0.007970605867500946,-0.0074685164165673125,-0.008033836113209956
2020-03-23,-0.0034242663609229448,-0.007502456289946823,-0.007014720076078883,-0.007595416486883921,-0.01230917173722316,-0.0169599050949309,-0.011331172160817554,-0.021258793915793994,-0.030509941072286856,-0.011011862086076997,-0.01027533708448767,-0.010461942773596116,0.019841188412985974,0.01673810335938393,0.009271437507196839
2020-03-24,0.019954298796453888,0.012479017834621912,0.017896846111369144,0.005340055427680033,-0.016023682655010696,-0.027303176226711426,-0.01312282435973133,-0.03006609846987275,-0.011563106931342344,0.020252554101646232,0.01451637084354967,0.01860913020374568,0.017542889508885745,0.004789520244705873,0.005690085540301104
2020-03-25,0.004076042164219352,0.0018415363945127497,0.004928773050037255,0.0027607201520937637,-0.003269015699609702,-0.01511109249481224,-0.0020302907849563522,-0.014472207393115437,-0.01130448464447754,-0.03244908156790427,-0.029547967050503915,-0.017702748845932183,0.006077544011566398,-0.00025624768166965196,0.004984542918091755
2020-03-26,0.00020084947568823263,-0.006068038414738667,0.0074767092198547765,0.002411547523327072,-0.010205838720604106,-0.03590343117731282,-0.03779374929870667,-0.03576509539775716,-0.03699626348788152,-0.0194499216957667,-0.026384200385636818,-0.023623248368811547,-0.013873279897358272,-0.015000502740593523,-0.006808995823717293
2020-03-27,0.00921220903358572,-0.006764619925903319,0.0035939175330688376,0.0076830285059792894,-0.0025579714893865695,0.0060723463029260984,-0.008099654714585222,-0.005365226084700309,0.0172040443045798,0.0034117464139174266,-0.006019954840791648,-0.0032344531958228215,-0.001724815280625778,0.013625417338579443,-0.009238007759535904
2020-03-30,-0.005805665142653382,0.00313933836500759,0.011594775052940981,-0.0029864004592950973,-0.023196583749180502,0.04806728389407047,0.03387212626206403,0.019900952240011975,0.01446327568928228,-0.009766387045371056,-0.0012018208955052187,-0.0004109659539562041,-0.019132468824377157,-0.006419959504161911,-0.013828966643955692
2020-03-31,-0.00029588625727988054,0.010848370637589363,-0.00914102717353302,0.006141729034837817,-0.01990699206038087,-0.03125793381493321,-0.016340457950617105,-0.021223328135440235,-0.02149392830062087,-0.020128934991861035,-0.01503878229599968,-0.012502111171125499,-0.003960796558310081,-0.005992814055647814,-0.0050148915756528635
2020-04-01,-0.00043927268970108324,0.007785922532844405,0.00436045852010584,-0.015345140275038117,-0.020483205929976583,-0.062058019344525484,-0.07099080570980414,-0.05928203526113669,-0.04941353910844323,-0.010017280033893863,-0.014300061230910197,-0.008626307968047413,-0.01616164547522706,-0.010539803737300886,-0.023930495494550164
2020-04-02,0.008157603891272576,0.003381312320674704,-0.002616659041663535,0.0004356403229374183,0.027114689014876594,-0.008084285208992459,-0.01883541598043139,-0.02201721042655125,0.0017097171069945048,0.01734386873917043,0.024358691773581916,0.02656272037914125,0.002600754471330417,0.006512038947434768,0.010113163792997159
2020-04-03,0.018803338374731297,0.040449663111416304,0.02116411916198541,0.017988067391766224,-0.016303649135053035,-0.007567276300935965,0.0002376561390751977,0.01216189334112647,-0.010383607447664,0.0036175637075371568,-0.004330185726611594,0.0005154800918177565,-0.03129106359247149,-0.02685083357579978,-0.03161054609314384
2020-04-06,0.013752599337383035,0.014049517448620541,0.017364214350613968,0.024979541860299014,0.004536141369536761,-0.013307026862195884,0.0006629519319490103,0.004675109190715399,-0.027705868971674173,-0.006142907241223102,-0.008506759234508457,-0.015761715979912255,0.005803062068918775,0.010877073185867434,0.014135393294995323
2020-04-07,0.009127958906098856,0.0028760116430834757,0.007253979211996119,-0.00036876711332472123,-0.012079418684431171,0.012445741466190815,0.01688100199138736,0.018508345196010544,0.015133477103073455,-0.01702796329599493,-0.014564518802200502,-0.022891925979007993,1.701052821570688e-05,-0.005638086923251892,0.0024792301517563625
2020-04-08,0.010578827663751927,0.004802492802302351,0.005352399239514884,0.010894379368856642,-0.0008422668852438758,0.03133274277654154,0.012129519943034472,0.01846291115810069,0.013974311741865943,-0.007047503562928749,-0.006229510679329177,-0.002822666676078943,0.00017239627687919406,0.00560539911632187,0.0010497265294106602
2020-04-09,-0.013671551654866861,-0.007750494974588643,-0.005297044694655521,0.007006850034163306,-0.010393811727394309,-0.0012443174419137864,-0.03275311455405639,-0.03172850954107527,-0.026006043451008553,-0.021731951773680567,-0.03150152945938871,-0.010998482633866428,-0.0010344031812206177,-0.008862732649877776,-0.00937676600235914
2020-04-10,0.009617078389231594,0.03041285285346716,0.027959788043245126,0.018818893456601603,-0.007598615281752797,0.01733550724443184,0.006324848107163145,0.013142281667659166,0.002420106968868639,-0.008880819788749519,-0.013569217139376144,-0.01060750669908988,-0.01334776285813911,-0.007126139108269159,0.00035013485501595885
2020-04-13,0.01525402292839552,0.006594663937472756,0.01956821706517719,0.008012305416474297,0.0017003177320264304,0.037538894151269875,0.03031871589711653,0.023667521509638578,0.04808059091266082,0.011457067139015922,0.01759730407811761,0.020735716390603776,-0.0025026872565402317,-0.011013287048570389,-0.006530539953923058
2020-04-14,0.013692780396297588,0.014331200933476182,0.0208303287043103,0.009211774896108246,0.010713570201111635,-0.019843137422797343,-0.03597907912450775,-0.023911582476477247,-0.0238953422288319,-0.026182441290141925,-0.014285720472403726,-0.018991244795222573,-0.02037421386824329,-0.017192116614440464,-0.01603207531877395
2020-04-15,0.004347465412600191,0.026189134621118392,0.009758604397840922,0.01490983181903695,0.006054686302873309,0.008982329339278684,0.0007486463343024762,-0.001313180157250729,-0.01389231184946977,0.021416732185552713,0.008488260870636321,0.010768797892481079,-0.004814827137862518,0.012975356077331714,-0.0005409417561703124
2020-04-16,-0.005339395425853075,-0.011330032712191986,0.0008188658482103019,-0.005643223497834608,-0.008111952687834602,-0.000735949910313487,-0.0022400687496174237,-0.006647394527520905,0.010605100086025073,0.009571194115541274,0.01576260377763821,0.011145464192529056,0.005944732597609601,0.014216496173160068,0.014039345411744602
2020-04-17,-0.015640038532170282,0.0009950047728847452,-0.01159671742969497,-0.004798200607766166,-0.010027153576940272,0.031605741595035944,0.022774446665542715,0.03002096603626042,0.0275424005390889,0.004431064528030539,0.007014303532081354,-0.0008585004251557152,0.014131522641562125,0.008768418555566662,0.011126602465161131
2020-04-20,-0.0007524189462992387,-0.003371266031756905,-0.004231641059284976,-0.002446808867506115,-0.008862299309246584,-0.01969188097863457,-0.03759174846573492,-0.01787308262632573,-0.018519300658583433,0.008436567591461702,0.0029416684743456705,-0.005009774670812368,0.0020754361017157425,0.0021717345680949923,0.026751512031141487
2020-04-21,0.008214790857740321,0.01006293449128173,-0.002892060848868753,0.0020075098711541265,0.006862501257912193,0.022116927813573616,-0.009760840127030282,0.012044450119198394,-0.002897873830100271,0.014134786249933973,0.0033714275204370456,0.012894602785768476,0.0038193754900299,0.010323529708792205,-0.006115059325087336
2020-04-22,-0.010010819119912478,-0.01746632242873312,-0.006584488657396152,-0.0026178879761236317,-0.00765270376965421,-0.014000859061034649,-0.013673332072769035,-0.001330786418804411,-0.018191234708711968,-0.008687472060521076,-0.014606706521592678,-2.26713871987723e-05,-0.007457713738422936,0.006477895833348585,-0.00276040038345522
2020-04-23,0.018322094404870506,0.02217174653558052,0.014740533694883711,0.01619281302266928,0.0007152220919949772,-0.017150929545916314,-0.00895367585068218,-0.005663062803551721,0.006761908430830645,-0.015319810775196336,-0.004684411842198496,-0.009451810960872897,0.0005061369393349511,-0.018748348768087952,-0.002247475820004901
2020-04-24,0.005295449561888512,-0.010588692133933443,-0.008999389756466187,-0.0011304007607751835,-0.007712618111803563,-0.02033993920689165,-0.019121542339187,-0.0032700581268235596,-0.010454111538685123,-0.02804869590891706,-0.022026735188356326,-0.03406692406504983,-0.011050981755259712,-0.024035270826076767,-0.010674844251620186
2020-04-27,0.004229344514623572,0.011429769434651611,0.010968590530687477,0.017893757285527556,0.002900041298839073,0.0003334993513264651,0.006093284589036707,-0.0017684746250042976,0.011484967185275785,-0.0064814880797114515,-0.0008694250609689145,-0.00888156608238353,-0.003303265779227107,-0.010311671845814553,-0.006439503184847645
2020-04-28,-0.0022180180786463503,0.004682310451103498,0.004289313101424976,0.006339753416671176,0.022420008937950535,0.014628990899851204,0.007261886141547914,0.013283037711591863,-0.014710825059801915,-0.005939876098257052,-0.005444738853492791,0.002180103345017644,-0.010952668109317366,-0.010613061629525973,-0.0010786714210353177
2020-04-29,0.012038023953316105,0.0014981887643548638,0.0021175401066455954,0.0040532872884141685,-0.006723025335908858,0.01075151044919285,0.028356442966952885,0.017326148335145033,0.013724526019045327,-0.013180350981469963,0.013281351516246423,0.012226324478696054,-0.006941003203944923,-0.014375621032869632,-0.0005170471154323715
2020-04-30,-0.015296772602870221,0.002986837987433356,-0.014552348848127396,-0.005694855800003264,-0.01501902700620098,-0.0021994426908844332,-0.024183294497559113,0.0036344855332640065,-0.010022283896797957,-0.004652524842100449,0.001378296227131724,-0.0008091805807531485,0.00039725573335113937,-7.773641158290254e-05,0.00544552105677087
2020-05-01,-0.017548083593337253,-0.013541113656088717,-0.003852188890751498,-0.0033557293050530176,0.006077517901627616,0.00991955204684429,0.007238389206731132,0.0007199484318519495,0.0008845775899329686,-0.005339114778427363,-0.002446531460440773,-0.00325665155993468,0.002190432443665113,0.022118506539274885,-0.002179973133962431
2020-05-04,0.005089934323208756,-0.012694134934139414,0.002792786323280863,-0.0028981919916292575,0.0034796431116745448,0.007887830932415118,0.0056257256055251255,0.007886717448453885,-0.008176920641543378,0.0011897955854307208,-0.001151901915223292,0.005762555774828471,-0.018805484444122292,-0.010959378879135548,-0.00837000956461443
2020-05-05,-0.002793840090424687,-0.006163972686485543,-0.0054322319824432926,0.00429861963556086,0.005975830034296345,0.007999938442085635,0.030710808250033413,0.007894177040975118,0.02590457996786089,-0.011809623455985357,-0.005858267673718503,-0.0094097543829413,0.008350489987723416,0.01595518072913846,-0.001925464509756289
2020-05-06,0.010613656098586664,0.01140298439368166,0.024924828343485583,0.029042651493765094,6.992020667208545e-05,-0.0030140950771186566,0.00011989220867849375,0.011662019579078467,-0.010222519744420686,0.00512445618877888,0.005074503998484302,-0.008957695798876227,-0.011810824537885485,-0.02240198611026039,-0.00350804572120188
2020-05-07,-0.00703221528765127,-0.00955637535417919,-0.013165980932711825,-0.004017394457241595,-0.005230994588742612,0.009206136784431164,0.006041453992918758,0.006863522558170505,-0.007285332768912678,-0.0032399463222538435,-0.002540876065081643,-0.006322231750529089,0.004139898232691572,0.014765301917277235,0.0023369845179304852
2020-05-08,-0.012995250627471977,-0.008231492995422881,-0.008382391448114587,-0.003410595109727374,-0.010751695190575504,-0.040913848979514555,-0.019543215406695024,-0.017435022318469173,-0.01761601561116001,0.0012727537602163083,-0.004659431885462478,-0.002859298352341517,0.0035398070402868874,-0.010391381942672733,-0.014701492676794393
2020-05-11,-0.011346875651609679,-0.010897495063348169,-0.006997640091810403,-0.0063605153222628,-0.015292911001921696,0.01364896708205551,-0.011346494392500635,0.007302216590207659,0.005417767137401197,-0.015113951340410105,-0.019704586489047764,-0.03279884887941694,-0.011972982984037891,-0.015536999844678512,-0.023593669739118805
2020-05-12,-0.01016765155939158,-0.011170334943773463,-0.019273009569607667,-0.015478082227971231,-0.010807842297693463,-0.03689236660268915,-0.004993770807236488,-0.025143456232732852,-0.02912099721054474,0.012435028624662179,0.0024544640687289222,0.019020962490569896,0.010564874866628148,0.005607237692560678,-0.0004959945684822281
2020-05-13,-0.009872444320823263,-0.005605718007868106,-0.0023811469587241988,0.00132075092884784,0.007425455421285685,-0.007744746442193502,-0.005515546110669266,-0.006643305296175184,-0.028001080474351556,-0.009343008432191754,0.0024455237507151127,-0.001435639605647621,0.0026336563935874975,-0.009959279064265364,-0.012937366957373407
2020-05-14,-0.010243980161559448,0.004764075816275679,0.006333832093032181,0.0012863805228550227,0.013625227223573932,-0.0009337981654189842,-0.004966043121582359,0.007875868609969533,0.011722124363929342,-0.0002243175500640266,0.01235039101809844,0.004078197213608244,0.00251070590823887,0.018883535480288236,0.007474873781263312
2020-05-15,-0.011210930272976519,0.00029386963855978,0.011916742089592466,-0.0023918724064091613,0.0022512317316431877,-0.02033820712191456,-0.008313971005029999,-0.02489556542681966,-0.009375833707970713,-0.005393595188826594,0.008693363820268522,0.014877244501532392,-0.005327662951208481,0.0074115789797526204,0.01119735652475569
2020-05-18,0.004529847010385113,-0.0043574220424795265,-0.002873228965929162,-0.0034656265946833124,-0.021183671564077286,-0.0038876597553178256,-0.0006824440755767738,0.0038255960090224474,0.009478794058947644,0.0011398075214847704,-0.004104867214319745,0.0013837526934093098,0.0054573441880131565,0.004522514987371088,0.009619281253363431
2020-05-19,-0.007451548320865546,-0.008245620839906613,-0.0021067575473478605,-0.009901847908726747,-0.007222372328755479,-0.02367807090559069,0.003154731967154822,-0.02010050895501723,-0.006373751454648786,-0.009541336331015775,-0.013473153081747912,-0.011465977506342508,-0.0004329031108776391,0.0009447153876289187,-0.00040128774025023314
2020-05-20,-0.015988030688508306,-0.019948857010671197,-0.020637187529939757,-0.009207263155133207,-0.011318702117304718,-0.03817171372030397,-0.04863474519532786,-0.028762530884969703,-0.014509172195023219,0.0029488717000600508,-0.002447472049694489,-0.002184893769821138,1.1836022414166612e-05,-0.004601825805885482,-0.013321768557861805
2020-05-21,-0.028632727338483606,-0.010643602102126982,-0.01444348181505374,-0.006099600366592181,-0.008711235773169866,-0.014363725592584208,-0.015723171584241042,0.011057270054517782,-0.029907710373427453,-0.0007489794195058872,-0.0036820297594062986,-0.010716325207668185,0.004503894333430373,0.0007573430545945829,0.0029335946976148768
2020-05-22,-0.0036900998095009832,0.007279669618011468,0.007885829535739686,0.005005489884804629,0.00812174544096258,0.022143582638505604,0.0058227905249751645,0.007592932836755569,0.01478230682617321,-0.008881409908869441,-0.0014735938324921488,0.0051585828126490775,-0.009623333057724568,-0.012563501752218698,-0.01749116780455642
2020-05-25,0.0082143472930393,-0.0008802913087844261,0.010128530109103353,-0.0003316938588138483,-0.010012891801769775,0.010716483016694726,0.01230235592603821,0.0010354512827729914,0.019418580822274337,0.0095286039462384,-0.005326391353839458,0.0028318516124735014,0.005446610671054037,0.013345068971255591,0.009343547278399944
2020-05-26,-0.013919258462653246,-0.017417832438301105,-0.028626914244396236,-0.016060642421228247,0.005193232347911071,0.011028718383170004,-0.005296146336424059,0.010976339827175254,0.021378238270343648,-0.006165662719208474,-0.010849332764369191,-0.003382605410449308,0.008924781804881368,0.009636417657791095,0.008083872802734163
2020-05-27,0.010308877487209574,0.015881759370071136,-0.002528552313089602,0.024690593883899378,0.010920434014900086,-0.039424802364847376,-0.014825814184598793,-0.01661119127672765,-0.02877415309374366,0.020921216479357966,0.018531834284690157,0.013210637622109462,0.02602478060147892,0.030444444703890326,0.013694890298242932
2020-05-28,2.44145705233221e-06,-0.005767803705355157,0.012294972117833067,-0.0038956381772428726,-0.0032060519859433865,-0.015331134006349119,-0.010527702936849709,0.000418617345270694,-0.019629179502468664,-0.007919733922351268,-0.004478722308616113,-0.0024521996974074486,0.014197613064798538,0.01306831235974001,0.015005818120894732
2020-05-29,-0.009412945504522902,-0.005212904073798311,-0.0004356435407881653,-0.006768674853470529,-0.005552532673726225,0.0003734086926777293,0.01154555745975021,0.007987735777850282,0.008609950531207498,-0.00624322892222094,0.012173357830467345,-0.010402648848745089,-0.006972304092196684,-0.009777423634766837,-0.02195233653039597
2020-06-01,0.020672447362797372,0.00046863920003032967,0.006684168285485435,0.011298921176840634,-0.007349113897652532,0.009686580676047586,0.015544350732593517,0.0002134022909934181,-0.006908824176164862,0.01733010272687689,0.011823843931510635,0.01401763629526409,0.0025535710286908706,0.008072505651113714,0.00527347583575758
2020-06-02,0.0036331937188127934,0.004634276091948484,0.0088641694024002,0.0066578503199115294,0.013636848913414833,0.013009588071962569,0.021427510464189906,-0.003850850607996522,0.014856141393975652,0.013444754476560888,-0.003987296493331898,0.011238647901371888,0.006181906553864321,0.016726260670398885,0.009778107810754716
2020-06-03,-0.0052888276759930145,-0.020829922868921744,-0.015580630107930338,-0.004102102648527866,0.0010536285852325606,0.0068557528513649765,0.01998966285319684,0.0038236187903180033,0.02421801277639703,0.012485155580997595,0.006362616228182061,0.010061004077879637,0.008411962539688083,0.008975956614386093,0.015098246041188961
2020-06-04,0.0033819194894903998,0.011019124108544722,0.004775914790444035,-0.006736806188234014,0.008049341592695701,-0.01695748885537564,-0.008113937519993212,-0.006442591279805685,-0.012474076606711293,-0.007896766483586684,-0.007896553991920538,-0.005903485968871253,0.010020406981802754,0.009862651688967375,0.018153954876745673
2020-06-05,-0.0006744530498311042,-0.026782675423670247,-0.019567709401036432,-0.006856962511069371,-0.010354958650403305,0.011509237561552197,0.0016346171020254591,0.018060851146206282,-0.0033999749069287557,-0.003508994145354632,-0.008387453278315202,-0.001377290564986335,-0.0059983164236198806,-0.0004403055925991951,6.939120397244043e-05
2020-06-08,-0.004759444453267436,0.002814037547784495,-0.009273229191386668,0.0051328782183863225,0.003857326656884215,-0.009018631996841537,0.026127088085843114,-0.0025629598066715686,0.000958596715120744,0.0036124081653426715,0.0023097561275367594,0.006971695385474942,-0.0001170368667747333,-0.0020345150326898428,-0.0013017564507624671
2020-06-09,-0.008213214410644015,-0.014559348101965646,0.00024936861753986584,0.0028630519494827994,-0.0009233207187087325,-0.002066543407577911,0.025189831415543387,0.005964548522042041,0.0005695552639559337,0.0017843946550200535,-0.012426623460730932,-0.0029670213723697156,-0.0031171957385170393,0.005928070921503953,-0.012193242575764025
2020-06-10,0.0016051833278154634,0.004684912830219494,0.0025977838166025133,-0.004988166412191418,0.005804409471915952,0.006952161342436211,0.017725200182140348,0.0014443416353817952,0.015283127971738758,-0.011583867553768468,-0.004072496248431002,-0.005374735945372766,0.0032576112393797453,0.019344059432283976,0.010488379773411884
2020-06-11,0.01446887413621595,0.014704045741092379,0.02140641397353631,0.015683721798519346,0.00798262407682021,0.0014411831294978803,-0.011569179981807778,-0.0011807484856604183,-0.017070865859209115,0.020289799922673685,0.015685543700019868,0.012815139065833505,-0.005812920756349392,0.0019008759023426975,-0.0006351470892807788
2020-06-12,0.0009232480656853141,-0.0100858642592552,-0.010218561424496998,-0.0013020690350319555,-0.0006004492296002746,-0.0034223883201724287,-0.005623587503428044,-0.009707407748234967,-0.00039832063412104953,-0.008702070926290275,-0.005663778460334711,-0.005072293450248191,0.0031347033954365728,-0.002896868192122183,0.009608832664993855
2020-06-15,0.0016959666329595116,0.004110737282160084,0.0033097691244079537,0.008884582197208054,-0.00548956069022757,-0.0038493544317773653,0.025676869781897486,0.020165577488269616,0.007228925999450737,0.0011711612361544922,0.009665246544826813,0.009552537253493249,0.009974286916873566,-0.0024035516740985533,-0.014500828209256971
2020-06-16,0.015199172320722041,0.009353105461802166,0.006359756192343087,0.013725951945704168,0.012209432628627823,-0.02879423998761221,-0.026227747063058898,0.009248896997910889,-0.015170486306153313,0.002782249798940256,0.007026447788893009,0.0059202425506589265,-0.004360739745233126,-0.007477933634805115,-0.010552128327653185
2020-06-17,-0.008734633552022987,0.0014889667369861355,0.008352651469410086,0.004102324759095272,-0.0034996910588208146,-0.004971897270681036,-0.015728472884482543,0.008599467489384081,0.014127694036505841,0.012511459220415015,0.008195690555570038,0.0043543629534152865,0.014945072434026187,0.005756856305924094,0.013966872658968748
2020-06-18,0.00730740134133384,-0.006292623096289912,0.00025296804986125326,0.004521313345282931,-0.016172019285048297,-0.007969095171563792,0.008762345251300737,-0.011623475067706978,-0.01733201844484062,0.00581410955606715,0.006238901476205149,0.009765098568659196,-0.01254882344085705,-0.00493185918711492,-0.010179137719670474
2020-06-19,0.007397666778746132,-0.011897947479311197,0.009465768365827354,0.004003030670902849,-0.003089599584153377,0.024921650733258003,0.01037053566986382,0.008525383548795853,0.011290111448833164,-0.012376463178657867,-0.006031455001296828,0.0018601210049595512,0.016831406285326443,0.01427405233947099,0.027617858679685137
2020-06-22,0.0055265131917544294,0.004263946112594715,-0.008811090795235739,-0.0065219712547723,-0.005646800117065089,-0.017381573199362167,-0.014491435875628561,-0.01157711128784079,-0.010572999450535846,0.012269918904414784,0.004624460822578922,0.006803317377172391,-0.008834735173578865,-0.004919231142153768,-0.017735822245712542
2020-06-23,0.0014681217580705082,0.01048518881202604,0.0020782356843250705,0.00915965350649276,0.009647066213974282,0.0017409989287646458,0.011578742767513042,0.026490371950663744,0.009983340390972456,-0.013077514127144769,0.0065511489389856745,-0.008720188926986757,0.006714457808056422,0.01186620747018035,0.015565743302780523
2020-06-24,-0.002874370711025292,0.011153143069084579,-0.001762111830352607,0.002518876352683954,0.0030076638315791214,0.004849215725293532,-0.013033020353124635,-0.004491239517543011,0.014533048854943942,-0.0002791441475182618,0.0017914466909825185,0.0035643109047446032,0.00922385213300133,-0.0033697331774896516,-0.004672439979803932
2020-06-25,0.01821688130391164,0.024318169586919205,0.012092923171730397,0.0020034580918638677,0.008760758851244782,0.005173246331037021,0.025020209538788012,0.012444921943097507,0.040024785743203575,-0.007069028984565089,-0.003395909532693257,-0.0007565540453587402,-0.006348309758187561,-0.000932740096068502,-0.00881276693687382
2020-06-26,-0.005495667756198236,-0.0005544087356598521,0.0046359629353507755,0.002425882645184461,-0.004727063635943809,0.013399984297768272,-0.007316646163441707,-0.007840897163317965,0.01067884073854245,0.009503083409825036,0.0017775085415892122,0.015281556308866956,0.0028216764592392286,-0.0003816653055298469,0.003911669600590101
2020-06-29,-0.008545983525862874,-0.0015158262724109782,-0.0043291417955865445,0.008982808269761389,0.020139135740479663,-0.0038593185645520315,-0.008730544285088723,-0.010921999441674504,-0.005745476430839867,0.0026945257565396184,0.005477572207781522,0.01067808537295304,-9.577722384144712e-06,-0.00810869821951742,-0.007463775295817407
2020-06-30,-0.012190479196482478,-0.017261148236858766,-0.013367767616291982,-0.011642057487705025,0.012357007945674804,0.0004485041732347817,-0.003986696915219919,0.008767224507840255,-0.006119969798662643,0.008090599442144967,0.0014205613553623566,0.00831474505057011,-0.0015025085260862553,-0.008275407681306633,0.007755590889881168
2020-07-01,0.001135145341116516,0.006950632308185999,0.005369640638851348,-0.001943189648920666,-0.018934318165193836,-0.0029035039290695786,0.008087075727430391,0.024264498963339234,0.02779986686449035,0.0008664705639572077,0.004078706675162506,0.005226342333772996,0.0022073987779169537,0.0074864569426098615,0.0052646170674545524
2020-07-02,0.007670013169281436,-0.0040133371941325794,0.008127072817369147,0.0007129783984615571,0.0023817380913975944,-0.017287711268716244,0.018100140720289835,0.010202847166071066,0.007518443871439583,-0.004409914888249241,0.00018500239653164032,0.005198745158822481,-0.011496382743428887,-0.013861149959511838,-0.008372723704561828
2020-07-03,-0.014916563195313974,-0.019243952117434935,-0.022169908735632068,-0.00848069344425676,0.011340808251331012,0.010840104127674822,0.022510397537998914,0.0015528166265945645,-0.006474280580184963,-0.009322565348115572,-0.000995937613190546,-0.015109504921944414,0.021116334261642316,0.008891773066559465,0.012990193183019853
2020-07-06,0.01070576411339161,-0.001012308643039804,0.001620770486600245,0.0036274182163784237,0.010052070074535633,-0.012668323358340013,-0.025461153473921246,-0.01971884948684466,-0.031930393422790464,-0.001322945860169322,0.006843589814180694,-0.001327896134814363,0.001755889497107659,0.008528341574382866,0.02771984731726334
2020-07-07,-0.010796135180947805,-0.005596632292894463,-0.009991920317471559,0.006171440165968858,-0.018464941787178696,0.003957061145816929,0.018236794011113163,0.01682913992570772,0.009668433362779637,-0.019053716213443195,-0.01726582603210959,-0.00614387229333067,-0.0034198968699352666,-0.01804664876375,-0.010328662544572865
2020-07-08,-0.0014672540492958678,0.00028924782064835896,-0.0025721646143634395,-0.003209905956177193,-0.002038554943251497,-0.000991932480990311,0.02708696953959716,0.013117471634735851,-0.006022934402492644,-0.007566632639814881,-0.00016314750658199617,0.0021332832819218,0.01099589384860285,0.01708922807649337,0.01803368167579782
2020-07-09,0.0061444181992481375,0.008498914761220217,0.0044978423390119055,0.01713750236229529,0.012803656843796734,-6.595982556866463e-05,-7.2386989959595e-05,-0.0007979945351769711,0.026484021668779487,0.005197116591060656,0.014076248628357376,0.01739224463709626,0.02819123724038817,0.01309822936986707,0.021823780884380667
2020-07-10,0.003051362266081917,-0.001480953894715364,0.0004098183170635622,-0.004539811212691086,0.005005105819021773,0.019253409564832027,-0.006892602195549949,0.02834844738430524,0.0399470217561085,0.013303664556033275,0.009633939280518786,-0.0004897553312792,-0.007500244529302623,-0.012589151006115988,-0.010353002369185304
2020-07-13,0.005152370912737222,0.008333361379840113,0.015646593678466023,0.0018426285870546766,0.00981125789284279,0.009704139069941348,0.02276426687452943,0.021815627102431224,0.02602641783987705,-0.0009541126687818537,0.009153430526593547,0.008208494756186027,0.012476287393789726,0.007344397473305307,0.0027962805611576485
2020-07-14,-0.001296819721537919,-0.001825770565995627,0.0014108663755520532,0.002251126126699774,-0.0034110498231611983,-0.008349841300039275,-0.0132876482776743,-0.006848982121725243,0.003949775925644345,0.0022705785971864774,-0.015439310790231075,0.0008924869686970354,0.023264584619951643,0.005825024662785822,0.015138417394659463
2020-07-15,-0.018554170562671505,-0.01024031931561174,-0.01752656191498657,-0.013283437330605075,0.00367341829572481,-0.03696618426113893,-0.030300471660016648,-0.027899320549749078,-0.01210470505688241,0.01055838560774705,0.0014764759199796518,0.000854993880569183,-0.013291906726999661,-0.01850974293250479,-0.011797334988185523
2020-07-16,0.007410906752943094,-0.0015805510680642983,-0.0005551654555578145,0.009529299589537717,0.0023532174869678076,0.017602550371398323,0.01630428242050873,0.014871036126826116,0.020981348717030494,0.0037515203077430398,0.019774107490487827,0.012591785643863842,-0.0007324381588691411,0.0029982242435503204,-0.005571542752598888
2020-07-17,-0.011213086805946194,-0.0014034049623351072,0.009919663399163748,-0.001633084942232851,-0.004961518027011985,-0.022842818981333873,-0.0062683063328095095,-0.005450828411673136,-0.02307635586840555,-0.001428903734272756,-0.004380056678480011,-0.01889052294251339,-0.011771976980089522,-0.01057061297077846,0.0006634572616185767
2020-07-20,0.001663307419023385,-0.00022752070638088162,-0.015470549650844649,-0.0033930421815158234,-0.00905114091798833,0.004696712101381243,-0.009849575813754508,0.015876756096287987,0.016521818557868773,-0.010230233640708469,-0.0011573057492151738,-0.007621264161480763,-0.003205357119518836,-0.0037900419666768654,0.0051544960418099
2020-07-21,-0.0007609447961769963,-0.010456882267485654,-0.006595655843563772,0.0015374982419423438,0.009881065197075503,-0.00781945644629203,-0.007157841265388177,-0.003988732787484661,0.006581779365811639,-0.004223306299170523,-0.005113340391065461,0.002792099253499861,0.006224580770772165,0.0021873302713594093,0.0029585173614145375
2020-07-22,-0.01267039846583169,-0.008195422590756452,-0.016955153455635145,0.0028590018699159317,-0.01380817573070224,0.0006269522966718642,-0.029483556046552124,-0.027689491774998583,-0.020607226980560396,-0.0033086929881853923,-0.003647100038599939,-0.005256254435115917,0.006327709899941673,0.018712602661668694,0.0213041753557429
2020-07-23,-0.016670671195548343,0.0006160986309562348,-0.007016409883671151,0.0031060915933531596,-0.0028252451267840404,-0.01365217697583149,-0.002428864676737334,-0.007596582656667454,0.011375074901802413,-0.011017849414862562,-0.006092797142139398,-0.013996621584425127,0.012965800117460149,-0.005467751614324108,0.00483144956240858
2020-07-24,0.0007775719659698652,-0.0006872968324226289,-0.008748461166354539,0.003354531948148628,0.011494393577246726,0.00012095339052265244,0.0007551518779483693,0.007086566603137614,0.012141377059724467,0.017888528618386502,0.02254055985416581,0.01475370741327442,0.007139696024957321,0.0051689000458776295,0.011488795875736785
2020-07-27,0.0037842727624276735,0.005325344756259799,-0.002758878338010864,0.0004913298456717096,0.004488140294174451,-0.005478267796544544,0.0005939299630414903,0.00031740229176289037,-0.007933494426948334,-0.0036096225089315404,-0.0074309188319333,-0.016611604980664905,0.017901793301976582,0.024911603705724743,0.00603360333243029
2020-07-28,0.009217570757863815,0.0022948038392265704,0.008978201727561114,-0.010186652564286146,-0.011733942058484874,0.024278196308664353,0.022560881674201415,0.00837583968124383,0.016894797254033242,0.005358872509074545,-0.00909238641012363,-0.008122538249910967,0.0191006105861396,0.005417911251957522,-0.0036171783210696743
2020-07-29,0.010659863735519519,0.008729447387337387,0.002128737008879267,0.005764167318618172,0.006807908365632543,-0.022025332798622843,-0.012638454714810315,0.00043332507243378296,-0.016161522499284545,0.0032413503888736885,-0.0019890792719555817,0.006235145165174134,-0.00405016738565799,-0.004485590424159967,-0.00701189890503003
2020-07-30,-0.0032716087845334864,-0.002912243977692282,-0.005501471478847691,-0.00662729822017141,0.0036006137575109506,-0.0038377486263988653,-0.01719355124387867,0.012846025972084956,-0.020476406575574924,-0.0032099321890522647,-0.01192537863745407,0.001997387233337796,0.00011120539836783315,0.007015500715388893,0.002999368609162583
2020-07-31,-0.013480850575610008,-0.011698756511887159,-0.008050893628210716,-0.010488493635050538,-0.003409604633186572,0.005271138784090027,0.011536136507004734,-0.0018275180431729988,-0.001602943647768409,-0.0025037763925685355,-0.013015655962688069,0.0029704784385501727,-0.006345816937840913,-0.005799023879828275,0.004490856795046202
2020-08-03,0.003998960997160094,0.0012007928983764195,-0.007649405001463918,0.011263456944067596,0.002576548134400755,0.001953971747927091,0.018658033346743545,0.0034267312339501923,0.0009293624170392458,0.0068729858269700045,-0.004689492114698694,0.0036123389815907146,-0.009586252584473662,-0.017141736085542647,-0.016772382504519283
2020-08-04,-0.008768371055628426,-0.006335181194881533,-0.012629260374044729,0.0004985253575865295,-0.005847163950527989,-0.0023901330084376326,0.018847815489152937,0.005590718232558913,-0.006539421973498662,0.005484108694364219,0.00304675659691829,0.010752190552426627,-0.0011712885684997294,0.014719806023242264,0.021534406297258113
2020-08-05,0.007113719132600304,0.0034169256788086134,0.003931974912478369,-0.003422959829954905,-0.004887432388921386,0.01590735874714972,0.016688293019192644,0.015742086507671615,-0.005785750173228646,-0.0024581272298121563,0.005091942494745471,0.015364411636790195,-0.00989960411289871,-0.009288294155597787,-0.01699463162960382
2020-08-06,0.005347639072967519,0.003087217434431386,0.0002157896446998002,0.006503475242874028,-0.006104629432045159,0.0045615110293235235,0.009111409565611468,0.0054329127269095,0.018693895514665125,-0.003807475085864199,-0.01309550111123357,-0.011577581182502576,0.004160482121201834,0.0044987385709616915,0.009518074744319746
2020-08-07,-0.0015122715117683867,-0.0026177929854720185,0.011280942022759876,-0.00037735472886832745,-0.005857786593305496,-0.002968561933739101,-0.004563344768431752,-0.013193203506589292,-0.0011958626176834467,0.0070364617400535436,0.002240463935039005,-0.0013835772103302003,-0.0018398932489714652,-0.004604249576045246,-0.004295517464587649
2020-08-10,-0.009585448108016401,-0.018410871073810602,-0.02500564971069858,-0.01676017571947457,-0.021303548527284166,-0.011105119685503862,0.014889260232815844,0.003171031950343962,-0.00351258807198955,-0.006188905809004417,-0.006568288663219915,-0.013690944204786533,0.003591724518187743,-0.005872790990662864,-0.0027893356982300363
2020-08-11,-0.011170118813031888,-0.011223516208711452,0.004399358524743401,-0.006029457297520998,-0.004459108013863193,0.011611887638816685,-0.010085328424340087,-0.01572858461923147,-0.010215841979123948,0.01631030333967252,0.013520343565347245,0.0009434251133977169,-0.006623295601260882,-0.00452874221413111,-0.011607888381568435
2020-08-12,-0.001339545978772344,0.0018921103018264688,0.0013826332601333412,0.010666620917080274,0.0019569808837518986,0.027462959433130874,0.008665554700705697,0.024714422353051897,0.044656904441980956,-0.005514194643605667,0.00929002641103847,-0.006417593297332531,-0.004053699562629635,-0.0032157509406915592,-0.00870212539747758
2020-08-13,-0.0005469547428541635,0.0006205729741531507,0.0022702658761133265,-0.002638438265903144,0.001029648715395579,0.0028250296618482634,-0.010667370393096445,0.020192019879973648,0.007872249264579146,0.01687494126408605,0.015404475055350857,0.015398126651187597,-0.009691503203196776,0.015004596579358124,0.011940302007359915
2020-08-14,0.007553242571654231,0.003322509823995967,0.014520398809838244,0.008678333110195276,0.016288485516744236,-0.0035239380085397114,0.01692932961709022,0.01468189128539268,0.026593253207120745,0.011792949010326875,0.018580304423164166,0.020722092927013405,0.004811098016954996,-0.0022439111240428406,0.016493646228275243
2020-08-17,0.004820383252115204,0.004496843932969105,0.002494587341312859,0.0008234532873787934,0.001812858129322359,0.017234279222225358,0.027749340953685732,-0.020308842835485282,0.0024278231983229166,-0.0009600947278166033,0.00010730443594408629,-0.00324685501415984,-0.01188180016145464,-0.007144090710715064,-0.009213075338961204
2020-08-18,-9.123909702098295e-05,-0.003716194838296039,-0.0022820059113768765,0.006739289166071879,-0.0034511397520234975,-0.021505111348000608,-0.017332065630389942,-0.02351921799391566,-0.010828492736718001,-0.012083712816979066,0.006855699697036468,-0.00821298790235808,-0.0006703606472736262,-0.006364350125467216,-0.0026734032867297367
2020-08-19,0.010460610834603217,0.01071193107793043,0.011877051151177171,0.016781227006501538,0.0231194360710339,0.009299045476037592,0.008618267614254025,0.016437175203945054,0.007338761464431893,0.0061870877332189855,0.01857330893462001,0.012813975640776826,0.0047763230516693215,0.0054629123662901045,-0.0021232753688536854
2020-08-20,-0.0027911800416121927,-0.003040842602015572,-0.00716645222478686,-0.009473100824025766,-0.010726780922745142,-0.01263079343860608,-0.005867341736457726,-0.01573862923257734,-0.02027007330042028,-0.012718923347173899,0.003907681151577063,0.0036012502534575803,-0.0025015926502430508,-0.0016347988114181428,-0.002479004214086706
2020-08-21,-0.0043791445744544915,-0.00980868484042992,-0.016230950214369502,0.0031348559629117557,-0.00201116577145347,0.0015966477757811699,0.006158705562110938,0.016167625234208435,0.0028912974768871367,0.010638243722038669,-0.00516238032651242,0.012556817105454438,0.003974682948978656,-0.015513331358645773,0.0010614902887416356
2020-08-24,0.015009900684211102,0.01581438906991338,0.020683619777609484,0.0009414191261374308,0.0022624140683735277,0.005208864134632332,0.003368661604824995,0.0016900449366856855,-0.0027747410718098704,0.019389252111933153,0.0057133588849395825,0.02001615416293897,-0.015490341298723002,-0.015120528213054185,-0.027035749421085678
2020-08-25,-0.0004082079910680618,0.0028135987244641766,-0.020033618456486022,-0.007500689315476245,0.0031968267644679315,0.01712889649842909,0.014144106324966661,0.0001805528226808354,-0.004656844473009755,0.00858760969393742,-0.005007335653969939,0.0057025836071546996,0.014035752063734083,0.0063717687653947145,0.013575774414888726
2020-08-26,0.01095939794641861,0.008925315833944554,0.0052910895561980075,0.001195454309613878,-0.010080383377856668,-0.023504676250070716,0.00011493934351842702,0.0069900669725738475,-0.005055748091857146,-0.008999315416278252,-0.011802211981051186,-0.00994651364033627,0.0012985890544796501,0.0029019166175251613,-0.002308090689242542
2020-08-27,-0.003415450557965945,-0.010234933151800988,0.000871664174853035,-0.005655602377493736,0.002984929885063233,-0.030099507363159264,-0.01713019718875175,-0.0008827657576240596,-0.013782724115641954,0.0009988834745151272,-0.004415063170465175,0.001095044625843988,0.014046623605283352,0.0005240756881641729,0.009661704061973236
2020-08-28,-0.005319349769035148,0.0013203007931775301,-0.007117222458360464,-0.0044990787418351455,0.0061684927315560235,-0.003002859368570795,-0.012385323584746637,-0.014288426572232064,-0.003863545365224457,0.0101146762916197,0.0029427241922875625,0.008534479030425052,-0.011516438190764568,-0.0237365401660641,-0.018621765333269553
2020-08-31,-0.005450668088679308,-8.305698290062185e-05,0.003946936723730553,0.005039050411568926,-0.0012692891164153132,-0.018194269156875,-0.009848817105504316,-0.010579196249924872,-0.00821585632736358,-0.0003279676099513841,0.0013167560570626461,0.012507897580024704,-0.012082730359610957,-0.007060755173476134,-0.012474559784814383
2020-09-01,0.006785247427708923,-0.005700400833867112,-0.0009757506489442936,0.003407927546623182,-0.007533563270465202,-0.006094824334557382,-0.016803972772990616,0.0027548138966303863,0.008467668944940311,-0.006451201223633031,0.0013752827740331677,0.013213162946100868,-0.0033831667066415248,0.007694525981903535,0.014398290980031113
2020-09-02,0.0016532043728753629,0.008429526283187161,0.0006260396217205358,-0.004452170066866515,0.0001743120689327775,0.006150027215514999,0.01871461490499235,0.0036154162111777938,0.020597795681802276,0.00799771967104416,0.0030852157633154296,0.004906857425193524,2.5878190795044706e-05,0.01281638849150873,0.01095693672197497
2020-09-03,0.0032451658315993804,-0.0005804914378605309,-0.0008010893545285187,0.01478219899353202,-0.012826670952853645,-0.015156720536388831,-0.003600216586049288,-0.01762064717568484,0.003862115092171334,-0.006260952251562658,-0.012128886291787964,-0.0029293918800515698,-0.007510808934093611,-0.012879972057231535,0.009663394632884592
2020-09-04,0.0010323318612275333,-0.003994104818646929,0.006796087296330373,0.0060446993215657815,0.017698507868384294,0.04330929692314225,0.04667488747084385,0.030907904456434102,0.024352297826777638,0.002891244202476148,0.012399077864093831,0.011897377240728754,-0.0017062068220425335,0.0019666790744431225,0.005077606111810929
2020-09-07,0.0024752852040848066,0.0036551686904255725,0.01143020082078251,0.006562279752544881,0.0038461257271886233,-0.009652276556376444,-0.021020696689341985,-0.018524749578324794,0.00563319493980624,0.0012794548652021614,-4.717659375293778e-05,0.009384815101092285,0.0016958498047357912,-0.0060163916533226384,0.002165052304865604
2020-09-08,0.004645728902740968,0.003863486775440012,-0.004009166465832459,-0.0009736624888094481,-0.010209780761617838,-0.017679612045370396,-0.005626283746544292,0.0032069897955997392,0.011195220394128723,-0.0026232674575069866,-0.0023631156136754146,-0.0022813020115257485,-0.008935036842228988,-0.01947915032484054,-0.012755372121776451
2020-09-09,0.003449768604235204,0.00638436799969478,0.013795174694129723,0.009752053209767282,0.016955939154036842,0.013339695548476476,0.019943932280078226,-0.0036244268362080247,0.005948050351146238,0.01781325128785326,0.0020528210269030126,0.012836677200805259,-0.007605108997431113,0.005627562362779702,-0.016537937635881086
2020-09-10,0.00018158917837770363,0.0045856058234848805,0.0080201961603036,0.0025886925261349907,0.005270621978231157,-0.01398253981865893,0.009462135246769483,-0.017449031356145582,0.011208710614081841,0.0010642619244067928,0.017919708346031654,0.003783117618639399,0.011761054822284933,0.009653148370311894,0.0018799661021648428
2020-09-11,-0.010539613057242206,-0.00026638050840971475,-0.0018865598673030307,0.0009696597078779235,-0.0012180072849943982,0.005032216091133397,0.00470399047807636,0.0032976010526460384,0.010761534294938322,-0.00012072074895160424,0.008897653075729931,0.0019799723966670785,0.0068956774807381535,0.007339562515628957,0.007238924909239709
2020-09-14,-0.0011364672380422523,-0.0028364447509250865,0.005425208216969705,0.004435210011420752,0.004942502133680471,0.0064330028057712416,-0.005805344136228458,0.002530511501576229,-0.013970026414950033,0.0026599731272144763,0.0036149124425583256,0.010639200654670423,-0.002573891177952847,0.006914590976871868,0.0027913678243708805
2020-09-15,0.019499223546814513,0.013274426924880718,-0.019716469806900755,0.0067302189624268895,0.004305416518331015,0.014202721048204754,-0.0031005277155509913,0.008269929916451315,0.005290159000581353,-0.015280160618522777,-0.011059218060710325,-0.017342141746399496,0.007651863251227844,0.004588496725891055,0.011603204621084086
2020-09-16,0.009446551725537447,0.0038734799304892104,0.009401263014340935,0.00918437509414092,0.00014202217694329758,0.012722727732156637,0.013849631512420885,0.009274318264595046,0.01034286971907622,-0.01036201977719059,0.0006148880386317255,-0.017340388835372606,-0.0005446417586505623,0.007060886344113316,0.007043013311056849
2020-09-17,0.005000993466401205,-0.003667668687516934,-0.0050470844026325986,-0.0044601212567277814,0.009050781076663114,-0.0031273278529168214,0.0005077843115468476,-0.00787894792881727,0.0031142642752746033,0.010408573252137024,0.011299990456122474,0.0064616083199461665,-0.010284035680645683,-0.0028697445174277227,-0.012752847023339491
2020-09-18,-0.0009668062134506035,0.0009122788192194213,-0.0021680799548913134,0.005571482393768005,-0.030369689587409328,0.009123383376728238,0.010901889136001314,-0.022643819551223705,0.003908852572280567,-0.008083806734872464,-0.01275296475303624,-0.007442141735349223,0.006403885882297107,0.01693138086198196,0.010154773567226364
2020-09-21,-0.006234510802199359,-0.0018764370369162766,-0.0020445922545679596,-0.007519139782030699,0.004834724560413969,-0.011583395239766266,-0.008266020420354448,-0.0015028821245413083,-0.012902883456890033,0.00159003565797557,-0.003956475482625719,-0.0011339761687706776,-0.006800994535109361,-0.004540289892785924,-0.004907902476186329
2020-09-22,-0.017727475760611636,-0.01271647424101102,-0.006850096547275274,-0.016038956439180428,-0.022274005674224637,0.010045993775722172,-0.012096529679382293,-0.007036831670352698,-0.004479242894964642,-0.01900263991881205,-0.0021041171141406526,-0.008279990426570781,-0.012590513692990043,-0.004804739697976159,0.007430715022886294
2020-09-23,0.0024104702777036826,-0.003276440054511047,-0.005135884232504615,-0.005226582399454206,0.011243305474888592,0.032899989669817054,0.027518584668491105,0.011656238821976962,0.016090523445107023,0.00648725831185845,0.005228336939854249,0.014546702233610835,0.0031043831655865693,-0.0019170253631021798,-0.003357974185496171
2020-09-24,-0.014440939982040157,-0.0035299691923738846,-0.01676402452189997,0.0025200987644388175,-0.003738829906145235,0.002575228062364594,-0.014266182473438438,0.00856293656220063,0.017404732149110636,0.013367498495301932,0.004515320176577914,-0.0019237314629254876,-0.0063464560135251796,0.00840519417305178,0.010362503816604383
2020-09-25,0.013437665689400398,0.006987746468530302,-0.010729803683933791,0.005334857938278246,-0.0007284851456665874,-0.001985822669428986,-0.015022187621484214,-0.008906585119235406,-0.028353379263040962,0.002754218401369269,0.0016954624799387298,0.008261131371579078,0.01111906030913963,0.017949553572699325,0.006624557722352689
2020-09-28,-0.0028483475714144034,-0.0016161002247482483,-0.004891685590651043,-0.0003360029110448862,-0.006784042451873219,0.006380247454935311,0.00019416848618370244,-0.0029761057610651373,-0.0037025522456001943,4.678028454079778e-05,-0.00039082485953231046,-0.006432623517612606,0.0032527577470042265,-1.665103183270348e-05,-0.0023444190008325384
2020-09-29,0.00367884478537116,-0.004725308249979058,0.0027006390082314354,0.010368706995428708,0.012582946582470805,0.009660885836596377,0.0365707410609034,0.017588087467678003,0.02210043486506642,-0.007785646439507637,-0.000707259721333661,-0.002657262323469294,0.014121054771976378,0.010291873853188107,0.006590279635710599
2020-09-30,0.007311024553363755,-0.006649744256369564,-0.006696246368797434,0.0026585044363809855,-0.0026901740233810376,-0.0067228766366896715,-0.00374117852849486,0.006358079134111141,0.008495978917308415,-0.0011021247836526665,-0.0035609683335629705,0.006415424022152238,0.010878632671734324,0.015472704149672136,0.003274439336362401
2020-10-01,0.0018809445042408798,-6.882580689776992e-05,0.0027514337923417965,-0.006474241026209944,-0.00996233757227423,0.005413274702121527,0.006302198136462885,0.014561043948008931,0.020294856888354418,-0.013056382227670252,0.0006624195118915752,-0.014201385471293921,0.005562693985096127,0.004707522025827379,0.02487881708214129
2020-10-02,-0.00564622666412968,-0.00835787277452186,-0.015042157714880829,-0.01677476668973321,-0.00810929269714785,-0.011264407132669442,-0.00399823008184245,-0.012092923083095758,-0.010006362960853051,0.0001158869878927144,-0.0004822243638291138,0.0018151846824286362,0.011017128719907565,-0.01530061935147188,-0.009198030719381065
2020-10-05,-0.010235184672017587,-0.004337031033721306,0.003270419395507934,0.000496795603881518,0.005739656076429364,-0.011988966154947288,-0.0027594478666852747,0.014400124073759466,0.0014790161855147662,-0.0027890751244265995,-0.009442099822908796,0.0037651620880516925,-0.006013803317290205,-0.015073464499863947,-0.0032735028128972735
2020-10-06,0.0018482634704242015,0.008877635284105328,-0.0008381141303632709,-0.0035125755214395573,0.015940652635077508,-0.0057067120605162995,0.0028016163093582524,0.009395040599107632,-0.008551229432499374,-0.002043670277450675,-0.011500973128958149,-0.006654278381912442,-0.018076411333006873,-0.005825187479979182,-0.008311588852935798
2020-10-07,0.003444285540202251,-0.0014756861577544238,0.003156891514621885,0.007441169298740943,0.010403390745121664,0.021897411385022016,0.0013124683899626618,0.003076952981417108,-0.006308459798825888,0.014609061345827352,0.008409971966530334,0.02987941531078523,0.010838539287412716,0.0003268658840981449,-0.00010622113140547855
2020-10-08,-0.0008437962242172907,-0.015624320052040749,-0.003573119198492533,0.012069200227316354,-0.00030363112847307046,-0.005297689273501783,0.008352677573299563,-0.0003935173980272274,0.010510962690201617,0.005027819958471055,0.0069527139329919815,-0.009703854143185243,0.0005769054957357805,0.0028748130603779144,-0.004030789640888855
2020-10-09,0.007156736762158978,-0.005335902833374718,-0.0032494995934090115,-0.004267918541586505,0.004694974490698948,0.03492164050598356,0.005466869727057372,0.018877707169295377,0.019071991729969897,0.0013904678854995722,-0.0040080095682211245,-0.001689905323957618,-0.006086688240276464,0.014844048785380886,-0.003830357149094978
2020-10-12,0.004575554112160424,0.010456547794519213,0.008930419324811912,0.004792984059466669,0.00427383085410972,0.01369327301591967,-0.0022893643778503017,-0.02350754616327324,0.004465660305438639,0.010171000475848702,0.013266897118078547,0.012315225707416623,-0.005133730338125841,0.00226084463345867,0.008058718619833712
2020-10-13,0.0010710439954943524,-0.00793142637973737,0.004410838566193588,-0.006858357047251687,0.006749256747268959,-0.0062686225214711915,-0.0029299034431852712,0.01865279181854219,0.00747231386041011,0.0033414148972403875,0.004156521967307951,0.004725269747356866,-0.007711045176369204,-0.009108132165766104,-0.009503794827136643
2020-10-14,0.005073660303613115,-0.014599240687328131,-0.0077225893864372765,0.0020640427986179525,-0.010101914879250315,0.016331983447096347,-0.009973009680250406,-0.008608718197885376,0.011818553834609356,0.01602047198163866,0.008072654518488537,0.005443838290073799,0.01921367298452249,0.003746614999530166,0.020471385985057114
2020-10-15,-0.010974861324953612,-0.0009746477055823233,0.003993662568051933,-0.005960863221785171,0.011415863420667744,-0.019725398038611425,-0.0035941313349895625,-0.005189651241050554,-0.0033107475082183972,0.02459235257100946,0.015820858047806998,0.01686875985508984,-0.001771284778725578,-0.0005473964857742207,-0.0007880598856365444
2020-10-16,-0.008521991117361223,-0.005142800373135884,-0.00016874794265679536,-0.0013429431709970287,-0.004528692084470778,-0.002542411421017347,0.012199612054532197,-0.000456274795584364,-0.007557107364882372,-0.006647451520039579,0.0025962601528604357,0.006908243710900994,-0.00990883226315125,-0.012881836915132134,-0.00039113927946799777
2020-10-19,-0.00339855674858419,0.0032629851873697273,0.0021880129860683962,0.0063679332643776605,0.01206548526763689,0.018592932182471617,0.023888135282397523,0.025862193694636174,0.017178925624754173,0.027739713100809388,0.020159168183344546,0.010952396984167102,-0.01698521128290499,-0.01904770551704732,-0.015900200884248615
2020-10-20,-0.001395186794675585,0.006893230279676174,0.0085759384825554,0.0036832179992393075,0.011521692931112219,-0.007590128389850738,-0.0004676264289578246,0.005614481225077462,-0.0037305377940006898,0.0007297723588382218,-0.005379260900906366,0.00199424249949485,0.017897711693606516,0.013516414353276445,0.021008209359144582
2020-10-21,-0.002373183953395163,0.007255329620981191,0.015068736992428909,-0.002431384922718776,-0.0020832195969985342,-0.0024564977107667477,0.005808075668878538,0.013092634680711469,0.0016516400958513297,-0.0036755959427918743,-0.01796448320600398,-0.00930008953623496,-0.029530479424181792,-0.02655403143570539,-0.0015919810726386131
2020-10-22,-0.00039872665425318534,-0.010168324527237146,-0.0019418519172294754,0.0005522530194746228,0.007723358612139894,-0.012081331982755836,0.0022465472913260377,-0.0005102748771710864,0.0004256689997461389,0.006747008902108729,0.005333762519433737,-0.012379830635945992,-0.004376404091273489,-0.009488806973305315,0.0034286349127353706
2020-10-23,0.014954932507191052,-0.001363615447051867,0.010046298993213808,0.004055873813043976,0.0032459698356903737,-0.0007725351610464474,0.010128703086601885,0.004993627304000608,-0.0057026406949977175,0.01402396365052675,-0.0014556387858400428,0.007224358420920378,-0.011921878497120356,-0.00867849413343614,-0.009065157215675959
2020-10-26,-0.00545270526604907,-0.004647545163675116,-0.0007028440719428138,0.0037729149630580973,0.004874214975942086,0.01964984152953099,0.021041645500641804,0.007917435371717942,0.00021771254744623256,-0.007290664704776781,0.0025784501890809145,0.0016515928020484306,0.006892213946465657,0.01672707622967036,0.0020457785879108084
2020-10-27,0.0009775234008943656,0.004176521822656562,-0.013904361653270315,-0.006848437561853386,-0.006110440346977265,-0.005705663916926385,0.0017773299310769174,-0.0018311986493084213,0.005101135167930855,-0.015566359081409544,-0.014078088314831403,-0.018564541396834573,0.008378459948176285,0.009585887413391555,0.0006874932437860812
2020-10-28,0.002163720152486246,0.010872465801376094,0.008159777684368092,0.004002527840865326,-0.011616003264119334,0.02026342528235471,0.005194604102745444,-0.010614779538301394,0.01046473269566947,0.0035127774575001228,-0.004918740959456392,-0.006632743790121798,0.0007266255031181492,-0.0023946124902829513,0.007823539513685671
2020-10-29,8.894985120500558e-06,0.0011548595568720552,0.006557767701646971,0.0077634835913985,-0.0012213517168279033,-0.03298790273148448,-0.022459903828016176,-0.019450336140689486,-0.0050461762769572,-0.015859496228859182,-0.00548054795934442,-0.018465099946135488,-0.010794279963059181,-0.018906221734789654,-0.011630444363320107
2020-10-30,0.004537172390435963,-0.002204273730985436,0.006459586439698836,-0.006030259415744784,0.007732188677271453,0.0032579874094704666,0.02559928240103137,-0.0067294462312261,-0.012911153337651568,0.0033255775004327236,0.006019152295513686,-0.010340648897684787,-0.014994946977270787,-0.010149014535678732,-0.010548289201613076
2020-11-02,-0.007060473681934835,-0.017962220240823286,-0.010713059078101357,-0.007321115913694326,0.014748012095964826,0.014897777204676018,0.0010610511479567973,0.004675689461144269,0.009927964817012502,-0.01279824165787704,-0.00011619942771498581,-0.0060259921494060925,-0.015467951300643896,-0.002169948813102446,-0.011782160188714766
2020-11-03,-0.011876622409124573,-0.013266171563398339,-0.01075696519084978,-0.013749299531393625,-0.012090240991233086,0.011334777098533543,0.0071663680786211974,0.0026745512461061657,0.006318852222547426,0.009804160532367186,0.0009599404530385306,0.00763415024589099,0.0033045850429659265,-0.004689139660216588,-0.006786783010034172
2020-11-04,-0.012193610150970322,-0.007797080964326169,-0.01745090535704996,-0.0072293070938796895,-0.01750761971483329,-0.00868706838317692,-0.016837809481330818,-0.0061641695566275485,-0.004887117039901061,0.004217231749208798,0.008531375174154556,-0.003152111698006873,0.00870748575237753,0.007601245097460776,0.001771527253896071
2020-11-05,-0.005738349001213609,-0.0048193697836602075,0.006098513501779122,-0.0010067943681183727,-0.0026742006078461318,0.004762287488257458,0.018997035539221007,0.01189307349356075,0.002992131299734623,0.0013377908534810481,-0.004087732937379153,-0.013538678978918299,0.008291336537711799,-0.002251028341530409,-0.010135624455196762
2020-11-06,-0.009647773106880097,-0.00557581009650593,-0.007677667049392692,-0.00195037434144814,-0.004848644333459684,-0.012841143760281514,-0.0061071809958041364,-0.019419878186062885,-0.026703667624190883,0.007296998439483482,-0.006716588971416252,-0.0025410638589104338,-0.0040867070807641456,0.008193887679514691,-0.003289149701762757
2020-11-09,0.007561439179401733,0.008712024667373449,0.00038196496934277113,0.002175218774179352,-0.009069270810115559,0.014611364247609811,-0.0070126492710916545,0.0079107112639809,0.022727781000171747,0.0011519957368899322,0.01619383158046664,0.012839227156337243,-0.0006521500589988037,0.006446489948958922,0.004656385841016273
2020-11-10,0.006800666598991259,-0.001628697643967393,0.008403936111580815,0.0028856468042134384,0.0038605686866386457,0.001792787869096724,0.019760530703348322,0.024711992036746226,0.0008223707643490903,-0.0006738410064620441,0.006042839932576042,-0.009322063550692074,-0.00895948022321066,0.006403615542526178,-0.007304300638747313
2020-11-11,-0.01759131252030427,-0.011784438388411235,-0.009742599116599339,-0.005538442981524378,-0.008169951138871196,0.014146367779566706,0.012245491772812329,0.005219830785361538,0.03992036336800228,-0.0026159248141296547,0.0005312173447887319,-0.006062174422069405,-0.0036666117350510914,0.009456724502179353,0.002937934406610229
2020-11-12,-0.0012705362038077338,-0.014198149716023775,-0.004150557908638273,-0.010391259617088172,0.0006844706010118162,0.03401898194463205,0.013764418229864274,0.025106863802790442,0.0006067853044906812,0.005324151775238892,0.0007011827562005452,0.0007822930038588145,0.001316501274192184,0.015989736058680433,0.004407951297180817
2020-11-13,-0.015154946752507982,0.004082677754776679,-0.01880877543297165,-0.005037559635615645,-0.021068143763878153,-0.014577562491373805,-0.00411261669200837,-0.004799434882949374,-0.019022921749666147,0.011500052601650452,-0.001733480987390383,0.0010510320756156046,-0.007953374375989919,-0.004402896701732037,-0.00851040245920817
2020-11-16,0.0038868057486907766,9.695769033437609e-05,-0.0014085556782822508,0.008777935224852025,-0.0037451101481335387,0.0002525468335197508,-0.008788316116831112,-0.010699107272286797,0.01749450630416966,0.010722084108995583,-0.007633573609786913,0.0005083171022769821,0.005039461724903196,0.0042097279885203185,-0.0033957532566099916
2020-11-17,-0.010395394975455802,-0.0089724879532427,0.0023806392660818063,-0.0027153398744749497,-0.007010310478850666,-0.006018796475122722,0.011781691933426933,-0.021396083704950324,-0.012340175753585828,-0.0021621402250453473,0.0031940029125954736,0.00923556834615889,0.0011571311607510724,0.009817518179905803,-0.0034023236388428637
2020-11-18,0.006196954182423134,-0.006310213941623472,-0.027148964431789917,-0.013536882976777048,-0.0011870745663471658,0.007761510478727025,0.010822688456459523,0.026059941103822953,0.014358371414090687,-0.004620148246358836,-0.012226057246755268,0.0028608833880591367,0.00369024025091838,-0.009978710159920787,-0.008090206707577836
2020-11-19,0.0031027322512006015,-0.004406058011160968,-0.01611526863300141,0.004115226506550621,0.006888053664755033,0.00413412173972859,-0.005516814433020431,-0.008321008207150685,-0.01328240432980251,-0.017318732763198633,-0.009096047892356891,-0.005163536860730587,0.00598857982609585,0.008691764806804959,-0.0007416589870876487
2020-11-20,0.013129451580443211,0.009016089477525788,0.008312710366334129,-0.0025688222885476147,-0.012080137637767767,0.00511424616271591,0.00015074567032500718,0.011309443498670427,0.009124089678998037,0.01009019935477725,0.005665565795594622,0.013630230845806182,0.010311583081983136,-0.0011347270514284835,-0.004228444685646459
2020-11-23,0.009282237382232942,0.015129972788957492,-0.0078095261541967905,0.006931179306244813,0.021021931635040708,-0.006234546767243154,-9.250953836552507e-05,-0.008732127290290456,-0.004196908678600847,-0.003665251758854217,0.0017363494020854065,-0.0067504572368651886,0.006514599793814576,0.008635108587840275,-0.00046969264065293594
2020-11-24,0.0022516133084138565,0.017508189277674974,0.00487841806060592,-0.0027808997378687503,0.011701441277538352,0.01791178343473841,0.017694189029407698,0.016276923758465078,0.00042378189969044175,0.006280855737781664,0.0033499756926921335,-0.0037615117271052223,-3.8129629271899156e-05,0.008746365360912773,-0.001275856980881604
2020-11-25,-0.003927031569273715,-0.007908493717356076,0.00807605523387604,0.004144296412433831,-0.0015570497520548754,-0.019038722134907874,-0.008841297995529806,0.007911436741035529,-0.01691782418452365,0.012180847088863696,-0.0007308272585295587,0.013586278444980147,0.011136694806204665,0.0028055804671943112,0.0075291101453314295
2020-11-26,0.00341651579315427,0.0052557320487208415,-0.01618199015365665,0.012230019157410702,-0.00014319547979863836,0.006721060964555283,-0.008695938772125258,0.0032238166282397597,-0.005006984713949522,-0.019518989736767346,-0.01548253539913489,-0.008364247600095465,-0.008339325757991324,0.004060644719702751,0.010912216598624357
2020-11-27,0.00017311902011379844,-0.0010644958149091882,0.0025003364814002007,0.00030171604897816446,-0.002797576251302398,-0.019412387875986797,-0.013638656160927989,-0.01853589957803615,-0.010863744063070384,0.012052282759213342,0.0033270629570633257,0.011938187549900062,-0.015870738909661723,-0.02190880034337827,5.226518109116302e-05
2020-11-30,0.011003289699743875,0.017109313134298247,0.008541492704036669,0.013200387186285488,-0.005100005773340436,-0.01448097104111518,0.0009596615229309257,0.0054243931051892015,0.006850770734598125,-0.00999595743442281,-0.0022089052354685346,-0.006054391134362439,-0.008165506800345643,0.005109079548183801,0.01582433967887602
2020-12-01,0.0016700235733120147,0.013310946942510948,0.006157013282564151,0.005757241466301311,-0.012514592538753273,-0.016425509068346177,-0.01256682701800035,-0.01564158444289899,-0.010191651839091766,-0.0071523992434323076,0.0036240230643006886,0.00029360033424379083,-0.0077792925796710075,-0.005647648087636314,0.0021356139421656846
2020-12-02,0.006221520383889796,0.005514267724322123,-0.005698362778765946,0.009400103454236532,0.009673878382484262,-0.00974712460369635,-0.005393616779111725,-0.01755256555315422,0.0025611745423015616,-0.0001906263466944821,0.0014525975854717847,-0.008472474467981496,-0.00019375394946336737,-0.0006246040495830804,-0.003205270634267908
2020-12-03,0.010928885045550622,0.013275731259839604,0.015829587877776052,0.010217198411235947,0.02298328712666923,0.00532270466981012,0.007861314885567263,0.013408231018803705,0.007798833165136277,0.002511262430651299,-0.0008412356755258372,0.007688178052352984,0.003303170907439962,0.004009253727880077,-0.0007005008369677888
2020-12-04,0.0132137881753952,0.017618178214513676,0.0006666639635071869,0.01576456956707237,-0.014433067099528935,-0.014161572963402706,0.00580206034222147,-0.002610949373719261,0.0028064232978772816,0.008534203971137373,0.012723259630022611,0.01287273229977711,0.005335597592052702,0.007361611665849522,0.0012893084353444665
2020-12-07,0.016682954792934322,0.00790117350007556,0.006361990817791492,0.013437996591355139,-0.0019176116687907323,-0.015682264809083548,-0.014562155070281257,-0.02771431981487324,-0.01517757551711021,0.008625944639174083,0.009914121419308674,0.002852929475994797,-0.00014179658737063005,-0.009051005026283716,-0.0018584622442690915
2020-12-08,0.017141712126159142,0.0012454598645930959,0.014492894039148961,0.005680480138437618,0.004834341132476528,-0.024095652336001267,-0.020443973641220373,-0.02236497236737961,-0.013682633307419484,-0.00036041375853820834,0.005386517021446389,0.000298518221865086,-0.0011832413131627093,-0.008859517050389648,-0.004929568577191289
2020-12-09,-0.007220705736110327,-0.0004570902576541136,-0.01471662148053482,-0.009618139883672733,0.004225759810921033,0.005273662643835799,-0.008190240443621863,-0.008253372613059164,0.0019086656519987147,-0.0013169954473758409,-0.005414386193141402,-0.0010917216315168366,0.006845302820675622,-0.002623203376266053,0.004550445935788423
2020-12-10,4.178897675781489e-05,-0.005139427325157529,-0.006949032827188851,-0.010039957193840402,-0.0018971784472296086,0.00451410793305037,0.007856745318583571,-0.007084242557265201,-0.009448305153974476,-0.013305754626430098,-0.0056935761233597865,0.004441050482971526,0.009910279570759734,0.01717155284735808,0.0014758320370900427
2020-12-11,0.0018554000181850204,0.006929686458275732,-0.0033036665403725143,0.00708870803290481,-0.00939253327724498,-0.027264599934118127,-0.018473392336193,0.0022654381550035324,-0.011492854976744075,-0.013633083518058902,-0.015605393252200549,-0.01651677396873886,0.012594285702213437,0.012710103269477697,0.01230241462031241
2020-12-14,-0.018941407751670823,-0.0014076604323014384,-0.01641433904872057,-0.0023750707674907276,-0.013693365245931455,0.011416379235108435,0.02011827955773652,-0.007663686749053478,0.022092698649971192,-0.010013950130114885,-0.014854926636259584,-0.011842604441650561,-0.0006049041881676987,0.004717003937370784,-0.004962216713485438
2020-12-15,-0.0053637401920271326,-0.004523159042339959,-0.011044673396288923,-0.015881267303586674,-0.009332301110406699,0.0017116251069717653,0.014475968035108016,-0.0026279070749681208,0.004503545596733732,-0.0032633716082990454,0.005203741208066746,-0.00249209587627846,0.0037801618084812726,0.011297116112472737,0.014760634000846595
2020-12-16,-0.011076665420546236,-0.003366823044635284,0.0017693164749325373,4.173940536253266e-06,0.006992452833405745,-0.018449813478323137,-0.004356079953124021,-0.016256539291438922,-0.013942326626031348,0.0002515795363575539,-0.001238826096073585,0.0025616038695698068,0.01271767127721764,0.021273771966168215,0.013344200832580892
2020-12-17,0.005231656794474388,0.00580891379704352,0.0060326872859891275,0.0013372125531495218,-0.007563286274924129,0.015995756693462176,0.027654863455525994,0.005202259757219719,-0.004320843472037502,-0.0012014759673142326,0.02356264882092373,0.02658941626006219,0.014313186881752045,0.00452061105131942,0.0063687164113216165
2020-12-18,-0.00217223811389666,-0.002845264100610329,-0.005951688795890198,-0.011548979771526784,0.01112050040996362,-0.008685527257367886,-0.01944225680467357,-0.03262164132807712,-0.007416378347731799,-0.0016306852857524594,-0.0028394019597562225,0.0005847769083005714,-0.0069527346512943304,0.0052430030062353295,0.01159667007665148
2020-12-21,0.0062088836125744635,0.004112928664909923,0.0030108798889904457,-0.008510772861510602,-0.0001689863037723277,0.009505386212994658,-0.00080408308790012,0.008089218084412823,0.021168169066740298,0.005340932255067857,-0.0006519624831479493,-0.002550841602363028,0.004686341580248894,0.0006856423158606902,0.0047048875304597036
2020-12-22,0.0009924243211909965,-0.0022978278081329765,0.007219434188840143,0.000965766292723505,0.008520303358415488,0.006711546917673858,0.03485296722020557,0.017731593201302437,0.02808276444534176,0.0025901928251743384,0.003908427825195744,-0.0004138376185634472,0.006479010522809852,-0.009638413201065048,0.007859118819715188
2020-12-23,-0.0006341736207781728,-0.012463898661499297,-0.013055530283291542,0.0009267085297304332,0.0020364599815029982,-0.002177026323116997,0.025544104255294815,0.025084910463547973,0.012367614443015266,0.0028410942345947045,0.011827202472512623,-0.004997358414146388,0.00032871990057451047,0.0037313480445975095,0.0012858752462905488
2020-12-24,0.004804207782034766,-0.0022319388998058988,0.006302095771724029,0.007758822556232739,-0.0119849312515994,-0.013123155377537188,-0.02808277209294465,-0.016984933617217608,-0.018694341963236927,-0.004114416752625199,0.002072166447723037,0.006711160161076857,0.012440724390237475,0.00014587403749249266,-0.0038943502106316055
2020-12-25,-0.0006606823605560717,-0.00552754092040942,-0.005073480557422881,-0.00811195854077355,-0.01341094002364698,-0.0031512156211147297,-0.0016658111010615147,-0.0014166195421493203,-0.019228243782244143,-0.005730102159451963,0.00035995945869976304,-0.00552117258285085,0.0030685673659654076,0.0037763180662747377,-0.002631288696831313
2020-12-28,-0.0022002701158032635,0.002644991537732842,-0.001041021616474879,0.009161336458093462,0.018103972251756775,-0.01215782929205119,-0.014842921796135132,0.014093492554650889,-0.015576918549030563,-0.0033064527440420897,0.008342753407050511,0.00859005065889918,0.004235635559568217,0.00551970618046293,0.004308214492159575
2020-12-29,-0.0020005056363317647,-0.013739020420408678,0.0008430754411235235,-0.0025957719567699317,0.015667615310280682,-0.0004438108808707663,0.0054371110427681914,-0.0006539044232478555,0.005601282726644875,0.003151338325065481,0.0069910332695549545,-0.001682039306191986,-0.008849247000388999,0.005095950487644534,0.004242342012859488
2020-12-30,0.0047229455158913644,0.006687015214442642,0.00465652537582283,0.0006627167197000732,0.0089311864440361,0.023481484440332906,0.0158039494838508,0.02547841279828489,0.03281682812681,-0.010198253292637495,-0.01383969978940151,-0.01633254688304343,-0.000908566422686127,0.0006895626622415501,-0.0006374045994001769
2020-12-31,-0.002961627649539748,-0.0121935093542942,-0.003899181884223779,0.0009059188473434666,0.0023678791551056543,0.009210934841320151,0.012658367427446464,0.009296603485259692,-0.005090258625781843,-0.0015883381465999153,-0.013083278206459235,0.0008191593401693231,-0.002175468969775732,-0.004586687734283737,-0.004489818478884588
2021-01-01,-0.01267785413187319,-0.007782037989762848,-0.02479900452916007,-0.01629018525167397,-0.004086178187263035,-0.002616520309399643,-0.0014960179083574133,-0.007878620638732393,-0.010390742686019574,0.0034132623112414556,-0.0005404927997055453,0.0061546821371272955,0.014309049907810905,-0.01845827106030813,0.0049443967048776495
2021-01-04,-0.011517418243844155,-0.00011104099224617657,0.00223841808715277,-0.0030822886405237485,-0.006916249182582472,-0.021773273123476315,-0.013480725446553873,-0.0042775246905355085,0.00022740706639722604,0.005250241364661996,0.0008191044643012023,0.003918208752760518,-0.01217011356756583,0.0002123565269536113,-0.004381345214475175
2021-01-05,-0.0020738687044798212,0.006485605568850071,0.006531045165765321,0.0007279880833144932,-0.006428429828524672,-0.007156711331511858,-0.005746788296678628,-0.016090467891946132,-0.005179298272360596,0.007509292161662836,-0.005316514185257314,-0.00885992683332237,-0.017106992522597366,-0.020444246197388542,-0.0015286607973532523
2021-01-06,0.0161880878873697,0.007072491289003817,0.0052000981405790365,0.005952666676134517,0.0034842867893942384,0.014133227758705106,0.010170172738754792,-0.01043524147965572,-0.015522453859834515,0.005404509460679984,-0.0014784690923791042,-0.008799608595371293,-0.007776717591765325,-0.018183288479214344,-0.01612527073342354
2021-01-07,-0.005689698574159454,-0.005735401029089969,0.0035825791576670402,-0.005340932077804287,-0.008935745202221571,0.007937096939316098,0.010473688357298838,-0.018943648153999695,0.02341576430920403,0.006477251680853009,0.008808617218267464,0.010582480964944047,-0.00041526040360799206,-0.013183142415692057,-0.00873761058159966
2021-01-08,-0.0038800439006433022,-0.0017065182353000821,-0.006962537466173631,-0.007681625825979668,-0.009882273114577915,-0.006330394238384425,-0.0187882247246602,0.004070861207832047,-0.0012041346531325783,-0.013898901786335124,-0.01425863980704209,-0.009561519614342151,-0.0017111561084519086,0.003749043145966441,-0.003417599008537245
2021-01-11,-0.005336131928091573,-0.0007640946181267415,-0.010148803939552193,-0.0007926427739082932,-0.03334832128523851,-0.018535736708589982,0.013069696326801983,-0.00458819409982219,0.002249003838809446,-0.014434700440491187,-0.005884887017405616,0.002625224296034537,-0.0030535874868663025,-0.00639716688865791,-0.019259024174082748
2021-01-12,0.007594021742961573,0.010347858344054144,0.0001522355152958994,0.007623792204640599,0.005469259414455535,0.013631988736676696,0.001886928245431132,0.006704537489927793,0.008987179323265475,-0.003124380114619682,0.003445053546546895,0.002176889363721286,0.0027894807862466516,-0.01266608275560078,0.01382195048564138
2021-01-13,0.0014880140582426463,-0.009093440552047204,0.0032239205853514695,-0.009809817488803631,-0.014555460314989964,0.0016223868611952514,-0.013144856860103726,0.008376165608875654,0.021869521051772853,-0.018532737155557567,-0.003894658662221177,-0.014734893894973407,-0.017066078626414766,0.0044253392428633895,0.015977891198728954
2021-01-14,0.0021784895994323497,0.009867641127242161,0.010745245301241779,0.0033231094253066626,-0.0044551027709413315,0.0016625505013217832,0.012052169109271985,-0.008725090189315256,-0.006589373615596071,0.004948556379563966,-0.004734121795857776,0.0071679894803644935,0.00861421227658084,-0.0034975582556711357,0.0040554893024705545
2021-01-15,0.010371438374421085,0.0011067943832605018,-9.196743937031767e-05,0.005076754465411426,-0.0045870751200848036,-0.009650185587495162,-0.008902488055255474,0.011871842485121005,0.0049423784678391215,-0.010448385874324128,-0.006999323144851439,-0.008170048941622475,0.010777587877731644,-0.00037199171016783113,0.014090369550384778
2021-01-18,-0.013774563582627916,0.013788087547536805,0.001082872366811098,0.0047867972502908685,-0.00011897373310231819,-0.00623057568413437,-0.021049491189189036,-0.0037542340890002164,0.005361487717305815,0.0065438602007160725,-0.005645897029114292,-0.0009459708620641672,0.009126486190920439,0.012341620167059413,-0.0005588288651002787
2021-01-19,-0.002686806597295892,-0.0003663577155982719,0.009470574199000006,-0.001611856468303973,0.005587785777541088,-0.000169598251877014,0.0024420680587372732,0.013560024713831928,0.0033575730912482446,0.0073482003397034494,-0.004333381929456766,-0.003011505275013345,0.006658171989838218,0.00615239182241798,0.01268862873077572
2021-01-20,-0.003139390070690285,-0.011965843709431222,-0.0038237202255591496,-0.0036361665320903047,-0.00012001014792452618,-0.011300361121469524,-0.01293338627244529,-0.005372824278691677,-0.00481538379820926,0.014570519279523422,0.0003191432139898632,0.00825080527732446,-0.009551599861021009,-0.007608512573797634,-0.0009901460145962278
2021-01-21,-0.002527084749472841,0.0063609475722025185,-0.0012133326624787681,-0.0027025829943636065,0.013812731557798573,-0.011088016205913955,0.015361301186754828,4.718183366165087e-05,0.004616310861877603,-0.008544261866691527,0.0025031129238729946,0.010954044162450886,-0.012673924545420705,-0.018674943063097756,-0.014882397034366333
2021-01-22,-0.004618011772109156,0.011244129380455178,-0.0018544357335729738,0.00427485838978975,0.010175568042594865,-0.01294414825464197,-0.004492577519399821,-0.008027523940538584,-0.013246716321635463,-0.0007359618242783169,-0.009747417211312422,-0.005803815974286931,0.018959932534577114,0.009793115390619594,0.009602398638556185
2021-01-25,0.0022767851100091666,0.015658478531304157,0.01412158663369932,0.017208660903806128,0.018180302763948466,0.011952532641529404,0.001214951338358246,0.008560942840531386,0.00044597205552024573,-0.005446206872319698,0.004415688576411428,-0.0006847081699952887,0.001917237766314481,0.01770114366087263,0.008071842094953239
2021-01-26,-0.008703463725641946,-0.0008016810042063855,-0.014259406306932359,-0.01437780044206234,-0.007745356518073471,-0.003740067057671112,-0.0029716030914554957,0.007400352804591457,-0.016473742010109642,-0.006710036110649289,0.006941419990472583,-0.0001346602988862547,0.01334891821700103,0.017932584208696093,0.00987706810974838
2021-01-27,-0.0013998763710975338,-0.011402383279868072,-0.005353912837372574,0.0007999135958800521,0.008504286346004879,0.0029615442881127194,-0.020736462054142674,0.0024846387880586834,-0.0002557214027348858,0.00031830880227352865,-0.0015100708007161827,0.001678510997481813,0.005552761510265257,-0.0022514093615342116,0.012489460408457071
2021-01-28,0.012138333092851243,0.02041885172535655,0.01758897638782047,0.021181280183154117,0.005277559532095041,0.003952762179514657,0.025198262060308115,0.004873151564115611,0.0025217524241536006,0.009262507365287803,0.010878612779081975,0.007475366897145723,-0.0065641134261202735,-0.0063378791018002,-0.005423386582444942
2021-01-29,-0.002605399258984117,-0.010119924630859338,-0.01114703321478615,-0.010984742391769768,0.016807908989036942,0.010239889713924737,0.005647569940564364,0.013943459050121516,0.00018686876155081002,0.018527815590867493,0.007569115799395849,0.023606247917832314,0.00917282560975145,0.011471906744203389,0.010338434671158057
2021-02-01,-0.0002557352727759689,-0.01174095364892968,0.006301724616929787,7.313501498546057e-05,-0.0052354166524652464,0.012933237874816483,0.012843683122127227,0.01722553255918424,0.002797349941576672,0.006674599940744888,0.0034624667610091454,0.014870805068600336,-0.012171550557273363,-0.00821501182452799,-0.00635116209360982
2021-02-02,0.0020586627120125524,0.00405523919999804,0.0001753327569048908,0.00038567659326683664,-0.007124234442020771,-0.0055789138941591794,-0.0239862566533905,-0.007317155377013585,-0.021024944857573835,-0.025691425188548393,-0.011324096882729371,-0.007461023006646999,0.0016058056484411307,-0.008381610225366692,-0.0013172220180892318
2021-02-03,-0.0012136588878214104,0.0007770456908824004,-0.0005044242104737563,0.005256271598993926,0.002962428593157096,0.02543364556912887,0.01270573660769388,-0.003856872221980459,0.014110592731114723,0.0014651038748646475,0.008442556478896052,0.0126573047149855,0.021140705832476174,0.007196680985367829,0.015656453896475946
2021-02-04,0.0076481245772609865,0.002832960069860746,-0.004999351001140295,0.0056440311611046035,0.003617334510962117,0.004168936841450609,-0.0007563526101223295,0.010789117538910643,0.022618913473605763,0.005169056793316758,0.006204391469101276,0.008534681068371377,0.012375201580252113,0.005864729952849796,0.005234097305159039
2021-02-05,-0.011918411086329805,-0.010158499157056407,-0.012440145807020093,-0.008462715744457137,0.001161099820701927,-0.0012485858363849248,-0.01992280218900718,-0.003219576476722712,-0.0028365315985125032,-0.010333051040548692,-0.000492598307396077,-0.014618519054772003,-0.006037543390749763,-0.0009212423388313597,-0.006089318022120455
2021-02-08,-0.009036070163205399,-0.0005923839913797753,-0.006105893831943811,-0.008264010978794456,-0.008625861082716815,0.00914587901554859,0.004787042546665068,0.006972283434359941,0.013030653534598258,0.011395547030292335,0.005350017666250267,0.001902981172964789,-0.001761957667199404,0.012650714384512091,0.01904871044980149
2021-02-09,-0.0001015053104520124,0.005983615228355072,-0.0047036917730955375,0.0010935873849972522,0.01874747360460541,-0.002563526834787593,0.031249395748511235,0.01285846880021518,0.016846807497363704,-0.00476446153992474,-0.008019369938453525,0.0011606067375023812,-0.004249142381063603,0.008873107988240746,0.011642111277129871
2021-02-10,0.011815960851055794,0.006914230877406583,0.0002110673786931271,0.008612749865457934,0.01085182713468094,0.007587322189664243,-0.012186795290535095,-0.01702752126731189,-0.02842594170275828,0.016469190066016534,0.006976529096675002,0.004908031941439491,-0.006701011855672196,-0.005316807759624375,0.015513319500773254
2021-02-11,0.007585730528603701,0.013279073966681014,-0.00040491940678531073,0.005447931087010908,-0.0001701066960702359,0.00020790673251827336,0.0030191723756779355,0.007181232464966108,0.011100729457573923,-0.0052942397493324495,0.0027213088729956462,-0.003396952780473047,-0.00015738443037339322,-0.006240018983033425,0.000698418208067251
2021-02-12,0.007512560387487391,0.012589822162055585,-0.005144845739863243,0.00984885036267433,0.004930094614537834,-0.004557783308620642,0.0006754939599753484,-0.01858115503266828,-0.010080272309315859,0.003489857380880271,-0.011288868820206787,-0.00777331055191168,-0.008979347985764977,-0.0018327813681706686,0.00638325247158773
2021-02-15,0.009351819627989219,0.01098683922540729,0.0025632703413853604,0.004196637169214203,0.013788226218662587,0.009634635228965053,0.00939074225491406,-0.008221173884433022,0.01935128487797323,0.025150604492327,-0.004735640131244147,-0.002488143799645513,-0.007733338886610784,-0.00023343035853093212,-0.012023848727694093
2021-02-16,-0.006704102190372156,-0.012568793277587025,0.00237292688487452,0.001692176270108628,-0.0016118034177629653,-0.01170243843261927,-0.00820710686905096,-0.021138957958528617,-0.03806806687840808,-0.013598720913825593,-0.0147228183352392,-0.015248750625544583,0.013876344145204028,0.013689620727846512,0.004191840112014813
2021-02-17,-0.006059830713273743,0.0003720615036986283,0.001880102589982224,0.0017775122494602682,0.0021134522559698187,-0.0007912325314222493,0.012016327548606712,-0.004216092862478674,0.00788736015776741,-0.0031447682660165465,-0.007049958317785921,-0.010631500471499643,0.006777779562280792,0.015125099984241096,0.015745766005940947
2021-02-18,-0.007362498561653994,-0.02234394297481983,-0.01341203391317176,0.0031065693912639943,0.013271363846172094,0.0157297486126411,0.04603911394748011,0.03531348492957176,0.017928892844150904,0.010334636892300499,0.0026871379120963746,0.0024644529392190114,-0.013787825272236827,0.0029869984444507204,-0.00733368696618837
2021-02-19,0.0012226715293729212,-0.00339176506072993,-0.008762903945932411,-0.009850543543891433,-0.009609471093849235,-0.006593286001602527,-0.023690374474012475,-0.0073524384450410945,-0.009537972031522818,0.0036244158998396756,0.015007018360686833,0.00825175085715878,0.0043382979103266245,0.008468001617888623,-0.0016526731952109298
2021-02-22,0.009453828203116842,8.304291079481909e-05,0.007065023605667143,0.0051874367711935,0.0022591695152891058,-0.014328707216009463,-0.007046417809016679,-0.015522364118977047,-0.0024931459192937618,0.016894274241220704,0.0018214042469681738,0.011860613662812582,0.011734556368363219,0.009981176137180428,0.029875730496404213
2021-02-23,0.014190933160291942,0.011370092983117131,0.01560656847659118,0.01649423958486677,0.0020352023604890716,-0.02103343025797083,-0.015584972432546213,0.017596637738411306,-0.007556045436550633,-0.0012598922774375108,0.00988488095066898,0.001054619368952907,-0.0012286611964190037,0.004108278857204672,0.002837441858304656
2021-02-24,0.003785163831851749,-0.002930590606515264,-0.006706486690096209,0.004153788366754544,0.002329316102620923,-0.01778970623984491,-0.008257416122760692,0.004903170422958714,-0.002940009566111685,-0.010172485441711137,-0.007644148462587957,-0.009516362060237508,0.006565996246353788,-0.0020212084025402546,-0.001657588061886841
2021-02-25,-0.0011583712488956173,-0.018871193874031914,-0.0008922882942721299,0.004301526640527924,-0.008291955907473968,-0.0016855088532438476,-0.0008015634388713819,-0.004425975272040727,-0.0008450336398007352,0.0067030541782959075,-0.001249989313449911,-0.0011004132133789184,0.003003611119431843,0.004885414612008074,0.008161289385196413
2021-02-26,0.004503056739657892,0.004716670780859561,-0.00015675414607353895,0.0026055772514421973,-0.00666957668649539,-0.0005875369123936479,-0.02301335408578724,-0.01275408309338654,0.010237302666354657,0.002974216947347625,0.007113116240648543,0.01074777778802744,-0.01129196115623443,-0.013615389861822246,-0.0033491921324291145
2021-03-01,-0.0019120446645401216,0.0019070308199599763,-0.004924327167441615,0.000827757833614847,0.017161287677256273,-0.022478667242404955,-0.005443746881335842,-0.005641233276132545,0.017285211806964722,0.005590667591682533,0.001958996830241841,0.0074501615429437,0.014172130586778246,0.017108976301722006,0.0034270685073541883
2021-03-02,0.013806181034561632,0.011684656572857943,0.003956423519513991,0.013958928181061765,0.009105934411202964,0.009080130660768248,0.01141375561439278,0.005470452790941419,0.003657611066086492,0.008479774095505582,0.001961628833151507,0.00392310681783823,0.013256825163203572,0.01340220375199628,0.015763444656812196
2021-03-03,-0.016959899679285434,-0.011201418059660125,-0.010323353112111144,-0.0019363127866688246,-0.003985479119344933,0.005705381107157971,-0.013086242017213263,0.002812508795127377,0.009633045014164277,0.010691103823105182,0.0029493710670213565,0.000908473495802857,-0.0002715304276754995,0.0006294868403898923,0.0021880472238839134
2021-03-04,0.004564975615912615,-0.006579135206304042,-0.010454949675230401,-0.0006699244647442835,0.026725653257856447,-0.00964240005127507,0.007153504637630037,0.010509848810476997,0.0026255092504484153,0.014941483078610727,0.016967508076425455,0.016150579113420528,0.0021003245424655523,0.01204507225517815,0.015108528540554974
2021-03-05,0.0067133358973612296,0.012563620537868565,-0.006833426247789985,0.002460243057276725,0.014332253597492076,0.017160086868135967,-0.025488599160093862,0.008532804304512198,-0.010426419418680947,0.00700283568945213,0.008483169754393498,-0.007341334213496983,0.006093779415330433,0.00015610747395507262,-0.0035561648317405073
2021-03-08,-0.012534346359852837,-0.014383749296994167,-0.01379755195535717,-0.005400704273103523,-0.01473463920559905,0.004875341556218958,-0.010104030558291408,0.01978328289785781,0.0004734981012168033,0.006254149951663027,0.009074524149977605,-0.005795680824882991,-0.013048824799782116,-0.019884663226409333,-0.020816816109121457
2021-03-09,0.006273352748260133,0.001014418644894585,-0.003954004355659894,0.005769770121914087,-0.009555807791548711,0.011729000077995034,-0.008088753529198574,-0.004238373049704127,0.016509802507931836,-0.011454972500537449,-0.005705726825687405,-0.012440448514662597,-0.004765646367841111,0.003543134461082661,0.006887004364147261
2021-03-10,0.007713142568557341,0.009776261414744388,-0.02423345900219438,0.0005472000122057415,-0.004747089690008506,-0.011149123781560423,-0.020495499055901683,0.008462786994612826,-0.01911855791937156,0.00948212182273069,0.012174739789445966,-0.0034031083701539706,0.0014644898133160692,0.004485080992609911,-0.012738831654344333
2021-03-11,-0.009006592993251916,-0.013220162965688327,-0.0074783034625115034,-0.0018569152664903424,-0.01140241444801847,-0.01326480276524277,-0.01755556017765776,-0.0156596660558397,-0.010270199382799097,0.01535450290899132,0.008876706871362987,0.005002726116681871,-0.001770832412587894,-0.012606439121010421,-0.0007814232816833903
2021-03-12,0.0047125058016111885,-0.0033235737477295122,-0.001158242955877756,0.008821203215509624,-0.0018986465551227068,0.006793657660480852,0.018387257234454286,0.00014965974639006945,0.006658474096787522,-0.005964735412484385,0.002190975772681138,0.0023377931697223984,0.00882460788370305,0.010686305087819311,0.0092186781916817
2021-03-15,-0.0036757877234629443,0.006119606339926478,0.005178431785186899,0.006372742387314669,-0.0028670451267547564,-0.008437292224542058,0.008662355314342333,-0.0011245037018248756,-0.008936116123592543,-0.009227857599838083,-0.007396122903835253,0.007812770113644755,-0.004223960820961636,-0.00042559873121159487,9.140365551630822e-05
2021-03-16,0.0020031016442812483,0.00032356139092823096,-0.002301317373675618,-0.008645414328916606,-0.0071844162824490874,-0.006143553110312323,-0.0013427515254191484,0.007741673790575856,0.002557534686252381,-0.0076246054838178794,0.004606669588730305,-0.001310793560068425,0.007222251346450735,-0.002250027726496074,0.0005806031212964909
2021-03-17,0.0036903859614641652,0.004479783348427647,0.006891491744580857,-0.0016772602015001133,-0.009837756908395365,0.014697378918099866,0.0013555234014510046,0.012828282254067454,0.014579042793055965,0.015332417167353604,0.0069699281524891205,0.005761660689530616,0.00519452075054785,-0.004256209415347601,0.0050212101485614955
2021-03-18,-0.0014488781775496688,0.007174932668890173,0.00015285871722702893,-0.002469615857337835,-0.01620368978798465,-0.02081727982079349,-0.0355267953222355,-0.016130636733241686,-0.008789856857751696,-0.008106699513488537,0.005217754080555405,0.002265553157414992,-0.004926218764798927,-0.0061665336292102396,-0.012382323640868997
2021-03-19,0.00340008348688661,-0.0009832644052141853,0.007121753068123523,0.00015775252386912922,-0.016440189529240062,0.0003581395761872797,-0.01368561902903555,0.0013016197669159226,-0.0037201030531057336,-0.024135779617268167,-0.02250394124212208,-0.005288876484019344,-0.0034898635118063405,0.0005275675647454358,-0.007425587036920261
2021-03-22,0.0019604772441436727,-0.0036099914657893254,-0.0024489955149869253,-0.008976336027712332,0.011315584984316554,-0.0072241392129913104,0.013595393283677813,0.030963104122462132,0.0009716383173963257,9.885973114169251e-05,-6.393020501995329e-05,0.003905971430664588,0.005114418651823233,-0.019285456295553033,-0.010662070097854777
2021-03-23,0.0049023696508819666,0.003168307239707566,-0.004017076634407209,0.007036740451218267,0.008119874642846234,0.0034738889680502325,-0.00012722200808950625,0.009934211275606203,0.018675236435951578,-0.009291657905368426,-0.0016357282065056797,-0.008772843036392754,0.0026123129993075906,0.009203787760144874,-0.0007645031404836568
2021-03-24,-0.007891077886698657,-0.014246531344660045,-0.012207372136739022,-0.008471806043567062,-0.007477982748813289,0.017134304051297386,0.004436833893213784,0.00995423208277412,-0.011511537805157566,0.0002679077950108219,0.007638765296587064,-0.0008480652737603883,0.0027126263249634356,-0.001144281623916158,0.004426058524008319
2021-03-25,0.008245439842317586,0.00253188172192915,-0.0022896531410707788,0.0009274835981837347,-0.0033003958349826132,0.01874177844637793,-0.0029716908037819485,-0.0027388059626065014,-0.0007398704918663446,-0.005972420347953434,0.003787626846612331,-0.006905656219178684,0.004641980570236896,0.005718352981407719,0.006174159112447146
2021-03-26,0.003180526346858264,-0.0039055575610070416,-0.014324528058380043,-0.002261789811198984,-0.004622317152502267,0.020835648064382532,0.0029756011819354173,0.002761199403048464,0.005789757065951161,-0.0034495066568978987,-0.0009977021911870005,0.002422876149678233,-0.02137517674530828,-0.009390172295923233,-0.015095391755333615
2021-03-29,0.005318044522960576,-0.00919504275896698,0.006073853943251932,0.013462016788089818,-0.0007052131432494415,-0.008235182933773285,-0.005885176785554091,0.014871190725263762,0.01631554987954269,0.0007471336283377183,0.009510264478338491,0.0030660307258180627,-0.004916361504874426,-0.012759579436624046,0.007783930966611208
2021-03-30,-0.011876960184863096,0.0005704370908476016,-0.00310905937928183,-0.005612915551593477,0.008638113193044781,0.0178461419584154,0.0002568036820386598,0.01587079887616622,0.00496139874552114,-0.0033645819804873555,0.0010230588906566408,-0.010291632486078183,0.0056910486644017565,0.0023921106822158353,0.0011784163048388669
2021-03-31,-0.01622088109333295,-0.00955090953273728,-0.008838034894548184,-0.006865266626276715,0.0038896752887038408,-0.025533582994534898,-0.0022043279341680093,-0.010780461380768509,0.001247099206277056,-0.022662343563553792,-0.010472348278096129,-0.027877340980405146,-0.015333403549851255,-0.01592337191327243,-0.015891533425126943
2021-04-01,-0.0013158109196785158,0.0020161578812324735,0.0045026661838366185,-0.0009888203113998977,-0.005630277588963678,0.011748420935188075,0.013941400419716577,-0.013479583989862032,0.009143316529063805,-0.011288197211539666,0.007683121586282667,0.003310066530518593,0.0010593717796951799,-0.007654088177406987,0.013078408938697085
2021-04-02,-0.0031659427182306734,-0.007451694596674744,-0.00897599541904386,-0.014666576057577253,0.012942571221076076,-0.007464736894562576,-0.007961746545280996,-0.021188895689529728,-0.02375414214989715,-0.013032187464634264,0.002416978465176939,-0.001699134089963545,-0.0015497724460211589,-0.003876266639216323,-0.016466527121808107
2021-04-05,-0.010299091918104013,-0.010237384376244753,0.0007430707910604621,-0.013208652324099079,-0.0014746652733058268,0.014080311714949436,0.014733581384947719,0.008251692951229062,0.008204761065115104,0.013819234099691385,0.006202418955267218,0.008793472545329787,-0.00678258892584284,-0.0004799537036794697,-0.005917697039127248
2021-04-06,0.0026493552058665173,-0.00866763647851408,-0.007032507689803735,-0.008170025743069988,0.0013884646167066892,-0.024240200939947915,-0.0026673077546251534,-0.022794153490843842,0.0008953320893165086,-0.00819172510922663,-0.007086561282023745,-0.004448972501799835,-0.0119530526496472,-0.02068948338601474,-0.016993021624976144
2021-04-07,-0.002796477477259923,-0.006769186673609519,0.01032227319932206,0.009680312445188015,-0.004078739464662487,0.009984514743049386,0.017274789618661336,0.02828656223902123,-0.0077052561746273115,0.0156570335180095,0.009716223389347299,-0.00041194667485173336,0.01707587793169328,0.0019096278705150525,0.010337055562021934
2021-04-08,0.009963413631796003,0.004457514417478803,-0.0032213398754947524,0.010480309177412973,-0.012290009131790553,-0.011005375657322323,-0.010948239971786719,0.003942919912456791,-0.007312688319099653,0.005988711554262348,-0.008885115182080629,0.004487985290350725,-0.002821570106098021,-0.006536832652326119,-0.017327294590330552
2021-04-09,0.007486309423362683,0.004237127992463124,0.0032418113083619807,0.0010185670658923258,0.0039100447099602205,0.008237649890901883,0.03461382663394185,0.027889934542827045,0.01200279870257801,0.008088348415377854,0.006749913843692095,0.005516268740857401,-0.015311126512238267,-0.010340535723600244,-0.014686251561103368
2021-04-12,0.0035181121517471174,0.0023402588039500285,0.006113187867911894,-0.0012517557296163717,0.013194543020186416,0.019596038924393704,0.02155253371613859,0.021453697837590525,-0.007623922289223813,0.0020595657320983994,0.008569562986289388,-0.006769955799671581,0.006786896231095256,-0.006962732147831853,-0.003580253386936476
2021-04-13,-0.003940084800541569,-0.001933069320507574,0.0011732130273595927,-0.004041758339865403,0.006977878358646453,0.0275152005630032,0.007470303241509215,0.022853813586495252,0.019680151539419065,-0.0013510632618494419,-0.0012799924099383773,-0.0038354526997178774,0.012229197224715348,-0.004048622227053742,-0.008527098362704662
2021-04-14,0.009303836114726264,-0.009934144069976187,-0.0050021228329704456,-0.0011017183651245935,-0.017128201863546383,-0.012645725873839548,-0.01886179571184201,-0.008618895375571534,-0.014853548469516881,-0.005480503316753763,-0.013638277656742904,-0.009068927902968569,-0.012431085361270976,-0.0008855375763266735,0.01235165504874692
2021-04-15,-0.0029541275324300796,-0.005244459439168634,-0.002159138773853928,0.0002544357780010955,-0.006837206597070443,0.005972984848488955,0.021917675295406037,-0.008861999977465649,0.028482154303953826,0.01589387248621245,0.011008667798418189,0.009024309168478076,-0.0030282043471600234,-0.008113142788509005,-0.005491462855048725
2021-04-16,0.01389948707376091,0.008675552578645008,0.01412873165668095,0.01851182614737608,0.002398020230913311,0.009206136250182531,0.004992013068040596,0.01141166227763099,-0.00802480329645579,-0.005717098241323175,-0.005501671616751679,0.0013400272053303314,-0.005222757142699626,-0.004615354245518425,0.0018839928975101742
2021-04-19,-0.006796103348760128,-0.0014857239587947645,-0.013673833620896667,0.0024958365713837662,0.006845756037234071,0.010400566514320387,-0.004349174587673187,-0.007851840568111942,0.01338711698573805,0.012071731548553972,-0.005946799149342332,0.012856706244617266,-0.006095422402878741,0.0010948082137792721,-0.01178365694232721
2021-04-20,-0.002250669711910052,0.0038841739618623882,0.012982772689958148,0.004800418810890605,0.01080625426941973,0.007549176180212941,0.018073086710773394,0.014630689602508093,0.006111380003082777,-0.013945047236148454,-0.005801631909551512,-0.0009193429000125288,0.002901863239751056,0.0063359468906332836,0.007213472942091428
2021-04-21,-0.0034944021428348305,-0.016838666492227174,-0.013932762149525268,-0.010667224312472587,-0.022695579428309513,-0.018476002213691507,-0.018749774622761145,-0.001253654048794863,-0.012653622578255721,-0.009906923637363724,-0.004097561304408363,-0.002248076789836605,-0.01128128602860217,-0.006108638606380685,-0.01271769854608594
2021-04-22,0.011370565595501526,0.00611138386087498,0.0045530783314262566,-0.0015874203378869996,-0.004073314222374865,0.008002013226998759,0.006876168980678686,0.008514192195175163,0.012054823838187172,0.003313422828243247,0.004460074439842889,-0.0005971210571893894,-0.002170304156475878,-0.004260778000436925,-0.0144210924877541
2021-04-23,0.005200177605395142,-0.008367164238519341,0.0037806578341531647,-0.00755435971242311,0.003979067002060524,-0.015221944861916584,-0.03715533947883465,-0.011469444026457888,-0.04352546036583864,0.0029904254723482505,-0.0005799506929941422,0.003762219327666628,-0.006572892907416076,0.0006907442456368809,0.0034699732000338917
2021-04-26,0.0057956939596758225,0.005310727548703285,0.012197529400899555,0.007851230528955143,0.001114782769656127,-0.013381290178342718,-0.0019473682567429436,-0.008586621500577747,0.010853900099264353,-0.012388873474330049,0.004062944215589741,-0.012918394362148266,-0.0011967093055455635,0.011820505560513232,0.012349993685513688
2021-04-27,-0.007390953070203021,0.003803887725989545,-0.0015893731091746175,-0.0033492445382751514,0.00554856019317985,0.004749674732513792,-0.0034878499490468753,-0.010036676292412327,-0.00929713500950827,-0.006594994407528576,-0.011753787480000496,-0.0011604286468515912,0.0055459797377972585,-0.0031476941513516087,0.0029276987897937368
2021-04-28,-9.066697880054375e-05,0.011590666360232028,0.00972814340787257,0.0012094987127990128,-0.000996191981699919,0.009062817503337414,0.009431699563573216,0.00602851047430876,-0.0009387115558340663,-0.0037704581038616133,0.0008953923374930522,0.0007400298603448792,0.013482198801704832,0.001027584742236188,-0.004573727070225223
2021-04-29,0.00986199061981431,-0.0004002368029461697,-0.006805350163714657,0.0033445379384429786,0.005928553603404728,-0.006141908305889088,-0.010076720978966742,-0.019780409375240955,-0.00368831547561844,0.012093598747926964,0.012133256572695072,0.011638057347719982,0.0074667445974494935,0.000588509547984367,-0.0029173264186686952
2021-04-30,0.013937329923750307,-0.000270188744545396,-5.868484047327326e-05,-0.007497456012635757,0.010165771557679195,0.004504669945678512,0.012532506794601961,0.026351810861882714,-0.0013028657906457158,0.029838534174028316,0.009089294133907983,0.009059195721004647,0.006524739681985777,0.008350402264642228,0.012698069060516775
2021-05-03,-0.0037908065424414944,-0.005463178186997021,-0.00040297602617637204,-0.004395686183535352,0.01887938669326749,0.004556137732228642,0.009428383889504946,0.010760304361185621,-0.005534920669139521,0.0014321608864234954,-0.010919594399423256,-0.015723002860619274,-0.003338891135431645,-0.0013404068826795134,-0.00171040211698658
2021-05-04,-0.00839051938212275,-0.003965563142156155,-0.0037276824080043256,-0.002719011681151977,0.007061115657312034,0.0038171145545222093,0.017922015514184597,-0.015603314749278686,-0.0035157916836742195,-0.005339258522692531,-0.010089268036921731,-0.009415372980863443,-0.008885322865265378,-0.011052671780945942,-0.017504419718612812
2021-05-05,-0.008005855661629032,0.0031945132785034225,-0.001729262603169431,-0.005425858225279493,0.0004987877109142384,0.0012497955119719645,0.013617477984908507,-0.0018242327040911572,-0.009021939808621822,-0.0014358162834439067,-0.0006402339125863984,0.0030605026287492125,-0.01009443922848571,-0.01919399027037503,-0.014198063779693529
2021-05-06,-0.007035325218289369,-0.010553162387287322,-0.009147630577008802,-0.013698629163267015,-0.017384802798549433,-0.006030254532284938,-0.02055368127149825,0.003021090656781768,0.0009662624718689869,-0.00031905772976773873,-0.004921703669376913,-0.003037366213050461,-0.01470691131830849,-0.0357759719724498,-0.01715835148213224
2021-05-07,9.7198499727634e-05,0.009736464765156995,-0.0022701256479834443,0.003004811321485913,-0.01749897028451204,0.016484898669295027,0.016311632088582027,0.01095067948975173,0.0288772189006059,0.0071467520030817295,0.008984347312696817,0.014134727412253606,4.143170477840293e-05,-0.01340579467554799,-0.010635823864770712
2021-05-10,0.01071380030886113,-0.0019820197604985116,0.0073841553784022695,0.002244745899880018,0.01118441788446454,0.012855015907456812,0.009834806709208162,0.008224406993499812,0.006454600455197997,-0.0024781391950221628,0.004737975041094743,-0.0006769297822101878,0.012418684855715541,0.01120852359452892,-0.005015079468043507
2021-05-11,-0.00969208478106092,-0.0030260833189590013,0.0018103649869626696,-0.0032663977915509614,-0.001318637115829596,-0.01613945842906004,-0.0014543398410666918,0.013987066978496096,-0.02160670173773389,0.002819548282876988,0.013489174927421521,0.0008439741744548335,-0.011265457996891702,-0.003706616368798092,0.004424494600372185
2021-05-12,-0.0032019581680325917,-0.007983154234749892,0.006392516553655678,0.010463579834788394,0.0033004732771385417,0.004451727677958325,0.0003091091665142036,0.007011218608486445,0.013767001880416727,0.012508141492631773,0.0032154207066634583,0.002257037204484524,-0.006472281500610068,-0.0033407504921028086,0.005943941267504447
2021-05-13,0.01511794769504927,0.0012804249923095124,0.00037489488817218485,-0.005809968368580962,0.00966902305623148,0.025312754836203346,0.017173331097922656,0.018125076023847952,0.02128715163200794,0.028636318234486126,0.01371433874682736,0.016964406255791403,-0.006418519026296642,-0.0007307534525069995,0.012205840120059302
2021-05-14,0.004097140313115845,0.015709665228814396,0.006041857549976859,-0.005694578833182,0.006829394864492185,0.002797548298079454,0.017207360449374695,0.0027434169435816853,0.009551495086478122,0.007285741637833146,0.009394499849401687,0.002062600006639344,-0.012923665032300531,-0.021090107446077658,-0.024746425980564913
2021-05-17,0.013364262862129633,0.021912221205477207,0.020742785418861893,0.0068550418414786716,-0.006563277582950878,-0.015218265861983448,-0.0021916021255430213,-0.006576049038357934,0.019464035242943503,0.019670163403636514,0.013992899653485344,0.02304868411721575,-0.0007836783976525844,0.0009708625338628494,0.002156533157987552
2021-05-18,-0.013746990885623268,-0.006159738956773754,-0.0033206060432084024,0.005785278808760855,0.00035094749635822763,0.03268920272049007,0.006300310579299875,0.006066375139921255,0.00929436192865618,-0.004271260177454385,-0.008155896489657456,-0.00709345395128196,0.011169799324593053,0.021636273121747835,0.006265408231166056
2021-05-19,-0.001032178077749234,-0.002539624465427939,-0.012066435370042898,-0.014759643173882996,0.0007374788116938855,-0.02509409171571358,-0.021879321914773736,0.0063792656965073295,-0.005267529218109471,-0.022178795111305136,-0.01456094587880411,-0.021557539780946964,-0.00610017587501419,0.007538691994671577,-0.007333154189305141
2021-05-20,0.007497837162788393,0.0026459556158977306,-0.0009096879923643532,0.002259227106800217,0.011490739492961054,-0.03436727099260335,-0.014436224666777363,-0.02753743397887589,-0.014024749054727677,0.01398134481077665,0.003839958526792292,0.0016226072045182676,-0.001764109845415015,0.008929978201919746,0.0014501293447997182
2021-05-21,-0.0036542235519604416,-0.009961276787298025,0.003885275409353385,-0.004608565894787022,0.005528104283953747,0.012755214950716222,-0.02069624380738428,-0.01122386346711797,0.008593062484973959,-0.025212354093355854,-0.008030514355928331,-0.013223146387343784,-0.00043022787969713636,-0.01778442043509165,-0.004110643098848576
2021-05-24,-0.0035231918717096612,-0.0066262569991419095,-0.01132875558773208,-0.0013815484459567895,-0.0004646356516518574,-0.0035753772625513316,0.011180564060673262,0.012366486845870188,-0.0036164431584064494,-0.000941343699895169,0.0022290735515634943,0.008675545249621476,-0.012000913975432171,-0.0032517485078750654,-0.015835613418268283
2021-05-25,-0.011085758094396346,0.004823033037679336,-0.015784472576989606,-0.013424406564560846,0.008334749065660958,-0.016046106887194683,-0.017795741060133798,-0.0018287972449836584,-0.00886432565112505,0.00012775077009404153,-0.0017267175809014034,0.011293182124183768,0.013496803020787599,0.0026967322956787066,0.006050388133036863
2021-05-26,-0.0038817323840079953,0.0029882115855835696,0.006176004755964597,0.004707002104569097,0.011629254779266492,0.009916401002140213,0.0005270757323010567,0.026495834748711256,0.01930114020090353,0.0006874355624755918,-0.0008638657249615462,0.004157341144329494,0.026009058614295803,0.02496448475568656,0.022222887446019732
2021-05-27,0.007510987603209686,0.0036495530529742966,0.0011037554437281364,0.01341722300277049,-0.008816327589742658,0.005440623552544586,0.018737996876292413,0.008095402305427865,-0.0020276893223045954,-0.007422743105475316,-0.004991304321734987,-1.194875553517296e-05,0.0155722914233088,0.02029265071152256,0.011620998576011149
2021-05-28,0.011156747502792896,-0.003395504854818543,0.011730859732649795,0.0027684504915601905,-0.007112672938024551,-0.0023979432693774145,-0.003134880228362412,-0.01096994134815226,-0.019475414776102762,0.00197683057440071,0.0020009592532334195,0.002823576112100594,-0.017946199916026744,-0.011500218008846855,-0.018740657397745983
2021-05-31,-0.002170731908924541,-0.006742846602558197,-0.003227853307275766,-0.010819387157854509,-0.00916106549230673,0.00014979436892674156,0.0021050153038023166,0.00327117257041277,0.020836718794538526,0.004316022332057872,0.004869468380551864,0.001834370216270374,-0.0016911060686714621,0.0038540339589031606,-0.01668837973862337
2021-06-01,0.013555030151194868,0.0028011732660391925,0.003167744634219126,0.0023587072046035527,0.0027341186530986023,0.00030794008475367503,0.0025124325720601607,0.0016153270372306966,0.007861280666876708,-0.0031285096326775542,0.0011525091874601979,0.013695229598301339,0.0035751140531403544,0.002153423524819885,0.0017596953255014773
2021-06-02,-0.009831241650776356,-0.0041787355628408384,-0.000700745943607767,0.00677685802435618,0.0030307695621586417,-0.02406601845796079,-0.02932050431975998,-0.01723080193725719,-0.02378844639694343,-0.005317721256448223,-0.005263907845363522,-0.006600139696373615,-0.002047909860156055,-0.012391577903035987,-0.017905507530653158
2021-06-03,0.002760350232682068,-0.012315887400178083,-0.005029780216015815,-0.008947669073004509,-0.001106257033148391,0.007261382991364798,-0.02054275261811078,-0.005546179541134503,0.0002483584353238776,-0.012456574784802412,-0.00893661404656384,-0.0014568061535011508,0.013988966643808495,0.002972742285522469,0.002019926263620058
2021-06-04,-0.0041568596834317285,-0.004222723459963733,0.008000969114429546,0.0022504866501075085,0.004695171811832134,0.001590430050611517,-0.0006172021006541689,-0.02032274035938084,-0.015576872751244003,0.010625534294145944,-0.0043989844940385625,0.003312780843912075,-0.006077650109528661,-0.010457745539336755,-0.004347456691850613
2021-06-07,0.01773347603097267,0.0040673077095291135,-0.0013681993431303224,0.008451533077119261,0.008107326459177925,0.01177720496730755,0.0050534688808925865,0.017575981990696,-0.004395646034968042,0.005984820122342641,-0.008684926430003364,-0.013286331986375188,0.007350927513755481,0.0035826249603102913,0.0038821645128630537
2021-06-08,0.007967876915809271,0.00712188401276042,-0.0032600385046978415,0.006996638860788641,0.015359685295906943,-0.0211679627542923,-0.02450356678086276,0.011642389111580005,-0.023161296654397236,0.004397590139146632,-0.002992614102685294,-0.004022586512517367,0.009797273054269844,0.0007838222364063396,0.0077592446118392834
2021-06-09,-0.0007509098847777118,0.004363413311239432,0.002178273005827039,0.009170346193032645,0.005862833777185193,-0.0014360141648960588,-0.006346750680295259,-0.009269619879632415,0.007618056262007298,-0.003302172333062795,0.0006901466926083665,0.009682699890080908,-0.004286448393131575,-0.0016938105704187544,-0.007751532872506013
2021-06-10,-0.005050330150027862,0.005676316953405935,-0.0006959888112357667,-0.004810499913980134,0.008714214053614715,0.00617315929929239,-0.007319103448818083,0.010958774178239756,0.028653913385036516,0.0015774339354821922,-0.004417346317154173,-0.002929958211560471,-0.01681919182818286,-0.01838314542104697,-0.02219585299236409
2021-06-11,-0.0016006886788638088,0.0038369559456404834,-0.002333548007502313,-0.00012032169089620814,0.006429001577249096,0.010157745763790428,0.012978832665481574,0.010593190704876675,-0.011345375442936198,-0.00016537097283811798,-0.006744378192376138,-0.005472560072269179,0.001993570804999915,0.005598593403510598,-0.0023216527284824545
2021-06-14,-0.004989508905074582,-0.0034518342963644295,-0.002119981784810578,-0.0007969843364184484,-0.002807668760121974,0.01679591443947715,0.00831999621605932,0.0029700790454984492,0.0034560156824926394,0.019725222189582385,0.006613382707841803,0.006564301972923299,0.0056203701265426075,0.002897682302108362,5.8152775612408183e-05
2021-06-15,-0.0009715557254929741,-0.008451862939360663,0.00827954620819733,0.00022092196078099492,-0.012524787012987263,-0.011061740407237888,0.003052351405081947,-0.013125916847879896,-0.005459339372111193,-0.010347133940632053,-0.0002661837394260108,0.0017067452894625901,0.0024473788905627772,0.01118243809505514,0.007460187344190685
2021-06-16,0.012514778056738375,0.011993498960791608,0.01078897963837613,0.016395872885636882,-0.01311481862972746,0.011445088378077018,0.013285760027189019,-0.00854517085628147,0.006298152149096654,0.01876327044752935,0.00726808357757251,0.01104954870847884,0.0068617225018727055,0.009110406254621884,0.0030348499120605487
2021-06-17,0.005426214259260608,0.013070611721712116,0.01620875530630839,0.009892805440699442,0.016604079347742818,-0.016746345009000983,0.008827096383740036,-0.01037174806589673,-0.003294153273391328,0.004649327323144498,0.008842175613658455,0.0006442507054963947,0.003086637254114318,-0.0031396090407789113,0.007165296330256289
2021-06-18,0.005302075207324107,0.0001650134455938564,-0.0007123833413798851,0.00756121897160115,-0.011810365424383091,-0.018767210971524256,-0.029247569628368476,-0.013217755585152698,-0.016540807458833923,-0.000972833629588283,0.004098215348706044,-0.003596413331723859,0.0003533221225322167,-0.004522884804888822,-0.0056100662538533285
2021-06-21,-0.008862005208422646,-0.01403593884203601,0.003545064538896351,-0.007228505472518486,-0.01698190108839157,-0.00030492255420245997,0.00329602925836662,-0.004026252220048532,-0.01025479528250061,-0.0005214425885458141,-0.010396010532194112,-0.0074590854035987,0.004085225202174934,0.002117756545434237,0.004789110356146483
2021-06-22,0.0027181517072875343,0.0067484778196436855,5.147461752388351e-05,0.006636226076649638,-0.005964826066270334,-0.009567678911355702,0.01735032749276725,0.013469726156834925,-0.0042178418886101385,0.006635534702496237,0.013065769268310792,0.0048942178895879165,-0.012693898675611114,-0.013686908870791742,-0.019014878539748842
2021-06-23,0.004124487720077544,0.0040546051058146515,0.011966221259401737,-0.0015733230233910232,-0.005369637527493057,0.014643624970751237,-0.004098843564850161,0.01656830891722086,-0.010073793798015927,0.014154320943475627,0.009228436250973153,0.003247004900053122,0.008906580285653226,0.010591006665341568,0.0014075634747654098
2021-06-24,-0.012227747989765215,-0.005887900417982478,-0.01638395107779039,-0.013705541604184707,-0.006256719565263837,0.006980327009715004,0.014406735889970148,0.01479860511236421,0.01935694669590913,-0.0063372701447662475,-0.0009022767673448444,-0.013443479219974583,0.0019309779755676219,0.0063499890371124775,-1.6624608082144122e-05
2021-06-25,0.01020675480463712,-0.0005396319506844761,0.0018991149366066147,-0.0031078405968580605,-0.004593890724472442,-0.0004900589622359322,0.012219504366698754,0.013472919731995422,0.009126051438417732,0.007036149914636005,0.007950997854773982,0.005540737876642233,-0.010009310085045152,-0.005085643115571603,-0.023986701610459852
2021-06-28,0.005359504785826915,0.004407282672543856,0.005958890947606875,0.015670334026112384,0.0036023423393256437,-0.005467188368485474,0.007984155373996564,0.01591310501552835,0.006496599002112212,-0.0025576262308182594,-0.0016287096131383059,-0.004490410692819548,-0.0008010314206257758,-0.0046002114289277205,-0.00010454284578846184
2021-06-29,-0.0020306840099303166,0.00038113980935166637,-0.01126009520623752,-0.0052026012458758104,0.006783406611061526,-0.019172793586953917,-0.038739164279504655,-0.017537874784059847,-0.01862586381249324,0.0039136855179195285,0.004365974505060153,0.0020882978265772973,-0.01408386535929724,-0.004113425543062221,-0.012377435463110216
2021-06-30,0.013421921380702558,0.009577276341195862,0.015675588109025397,-0.008172119857494723,0.012258381718451578,-0.013887492899132985,-0.0029905903249316827,-0.007913929170030507,-0.015175679041905896,-0.0025442954697933434,0.01020273048661232,-0.004702994995317783,0.0017093749374454655,0.00639335499333396,0.0007905073253654847
2021-07-01,-0.0022254550836591316,0.009181784396875822,0.0020958460691348512,-0.006073580922975321,0.006590714791750288,-0.003710409580452623,-0.011624330635350176,0.006559342741547892,0.006263940392105323,-0.004640096250103063,0.010774604884101912,0.006932755693513709,6.1427215124052e-05,-0.005844438669694237,0.0009507145453711476
2021-07-02,-0.010461268444398136,-0.006215649250191166,-0.0014927627790838143,0.012784526543237973,-0.004454036508095674,-0.01005803596041122,-0.025014898520267864,-0.016656802088248525,-0.02901198674483673,-0.00642329832473983,-0.011327015996556347,-0.00930442190488367,-0.010791481913823718,-0.02138977492038438,-0.009829223171825913
2021-07-05,-0.012599618258973743,-0.00602532874093149,-0.00796430304271414,-0.002586067892311511,-0.014153236342372384,-0.020101220911395958,-0.01246187573174627,-0.016767286339564858,-0.01629564600001478,-0.009551942086625985,-0.007640049942453425,-0.002051887057697516,0.005669455482597441,0.011218917003494353,0.011944525063440424
2021-07-06,0.009880541944178431,0.00783467174528288,0.007301447323126759,-0.0031276264307637447,-0.0014891040706134493,-0.01103046712672131,-0.016906081668215132,-0.014435278479141736,-0.0017816949135790175,0.0008161206223725353,0.0008935107193081688,0.007898393034901845,-0.010763770701855881,-0.004939412883478686,-0.009453256527687326
2021-07-07,0.0025760961713085406,0.015084704700583304,0.014264286022310259,0.012771758532121244,0.005916813122771387,-0.006436605911244951,0.006839087455560897,-0.011665166722515595,0.024705849626041075,0.013061085373725231,-0.003293047864835503,0.0032065896449306993,0.009717566700320753,0.00782062455391411,0.016904854442279543
2021-07-08,0.00042436663579712894,-0.004705497785574976,0.006924005532983478,-0.00512440736983524,0.014809342015824444,0.018356081717140784,0.0016025307320617754,-0.011038586783427569,0.004487007739894016,-0.014081808284857106,-0.007328643869133086,-0.00015776608708199195,0.006560137801742253,0.012217256358643753,0.010080032065060442
2021-07-09,-0.002317728096372081,0.0007632020512409144,-0.008344796411791457,-0.010791559879855448,-0.004058092120978485,0.01241466094828587,0.02257162926822663,0.013062036938505559,0.0010758778504090412,-0.010444307557820899,0.007247239043757061,-0.005063024922647456,-0.009831555002477054,-0.018075614009175782,-0.012887447492737956
2021-07-12,0.0027249297903861923,-0.0037169595571710373,-0.0026573570195226742,-0.015600096707299834,0.011419272092333836,0.009293713669726663,-0.0006607634458548237,0.004619637878200048,0.026120371499655754,0.00605607957439933,0.008134311778243248,0.001581536808528453,-0.005920649614210455,0.00011103490963703137,0.004621344861266201
2021-07-13,0.007344662383091246,0.0033385308842100283,-0.002487689238740268,0.001096526936353133,0.00277185218531187,-0.01729790935940879,-0.0009121651682331045,0.0139011964064582,-0.01954598777841763,0.000998339392763993,-0.0018239395769421882,0.0007628436798128416,-0.015735630466991175,-0.01546958960304608,-0.009514073535075282
2021-07-14,0.0027234044903067965,-0.004186770225656197,-0.0013444275709338853,-0.010133341315941135,-0.002381602589633212,-0.0173919693828758,-0.01746481139434635,0.00325393691357553,-0.02191976843024002,-0.009477445536691506,-0.009111347261000402,-0.0052748677163111796,-0.017173376511206758,0.002552192204289169,-0.012524010113080157
2021-07-15,-0.00837812058162804,-0.0027295367085998458,-0.010635502957971162,0.007671594198974046,0.000984236212211934,0.008535645641675672,0.02585541134299441,0.0077923412418964035,0.023978856047842063,-0.008603033416618939,-0.006809841340679957,-0.00779135877333931,0.006026316673475061,0.022338658583740695,0.012790023068885825
2021-07-16,-0.0022276361903378113,-0.0003635823456831747,0.0044086565559897746,0.0018030875655928146,0.001752552474639439,0.001538073351630357,0.00399284487066893,0.010601948765020113,0.010643229457789546,-0.01964898227668692,-0.00905252623119236,-0.0108294417499043,-0.003898990269471961,-0.006160969758060937,-0.01289713045186631
2021-07-19,-0.0014075962028421735,0.007418643074593154,0.00411101426242704,-0.005664894434256101,-0.006323889984620965,0.000626524693670352,0.028428443378597838,0.01824456480965815,-0.010581135411890218,0.009231168849521038,0.012918159388778112,0.0027597142626731926,0.007963871544812592,0.004235248494378072,0.004229491281305906
2021-07-20,-0.0024706564159626887,-0.0004921376318509493,0.009923233636059141,0.007408235065516919,-0.020598661915998476,-0.022232530401841897,0.006017189823607275,-0.0006552492611587265,-0.01214709635262798,0.0044307747667956384,0.004514269843101576,0.010591163143395796,0.0057125690896377345,0.017731478583693637,0.007453737211609461
2021-07-21,-0.005957977976663291,0.00327391866864618,-0.0015955821248506102,-0.004899522446603942,0.0012226319622957462,-0.0019078540817561392,-0.001288504859120299,-0.0016807537083553211,-0.002589103038927314,0.0004443491350326598,0.006863281811189469,0.015368385876045998,-0.0070331465045803815,-0.0041052049092439235,-0.0029844103763083324
2021-07-22,0.0034058682879635274,-0.00918463344892611,-0.00332000045952019,-0.0018019789216163825,0.0035008271615742186,0.0019507917757028777,0.019192701893879012,0.012717685205712065,-0.013743036153441397,0.0018503085677426293,-0.0016934999016803597,0.009454222552782752,-0.004371669217346843,-0.0021892455636202913,-0.00035772588892355416
2021-07-23,0.010985471428609927,0.015372121564527542,0.00948828285309412,0.00691323789493091,-0.0053639475424066795,0.018877340886525353,-0.009336029840381933,0.005127167216285312,-0.0013107439191470344,0.016620562776042506,-0.0061477368303440106,0.003897886103974258,-0.003834793820884662,-0.005833664542475701,-0.006852860387898235
2021-07-26,-0.001938496434932436,-0.007739846970376345,0.0005343092266119952,0.005012891429610965,0.010825353708681935,0.03426216150895296,0.013884996141986204,-0.0048918498061585065,0.020050129371677806,0.003038128091264222,-0.00104236669853521,-0.01169015971200213,-0.003419612349770501,-0.000451955313275123,0.002876904389584612
2021-07-27,0.00033696595419729653,-0.002658836274955292,0.002925861134528594,0.001979732030181385,-0.00014522170372892952,-0.0024271694522884062,-0.018353604181023827,0.003432307406261075,-0.016131271681533253,-0.003898902339556155,0.0011604271436211498,0.0002679709419379929,-0.02010471020064305,-0.016425136932939545,-0.017203756269034913
2021-07-28,0.0019948405724591004,0.015085457311376702,0.009171569090357757,0.007196175957874271,0.003709724837743487,-0.002051327017729794,-0.0017576225048848196,-0.022718937287013952,-0.013369820115492509,-0.011722824655782177,-0.006439175796900734,-0.02189544002632124,0.0014295348267121526,0.009857902604455578,-0.002789627087202638
2021-07-29,0.004262732375041182,-0.00010406741486582399,0.005833194443747393,-0.012623720471089173,-0.010962039533332368,0.0021121783645722545,-0.006287387141299412,-0.004079000672530326,-0.02071579835172849,0.006333139723553165,-0.004641015470948936,-0.015497625854662357,-0.011191870014330365,-0.009584075074814558,0.0008620759881457506
2021-07-30,0.007077418327297158,-0.002950550478466816,0.006929964372782976,0.010859879262467505,0.004355236299049427,0.004457132320985029,-0.0011463005812574923,-0.00019633104985103682,0.010214275842652897,0.005926863505423332,0.001625647516658208,-0.0021133987273140127,-0.0030122935634759452,-0.0037253659474877983,-0.0023347060603783275
2021-08-02,0.013330366280522735,0.003920752347362347,-0.0040063730041675835,0.004865382108209094,0.01279902658892689,-0.008208936611609373,0.0029681411281394245,-0.009105319457292975,0.010209991146471638,-0.004427847224578742,0.007701022756354029,0.005688215791526662,0.016701663740865732,0.0033427596580847697,0.007712083356478547
2021-08-03,-0.010049950668757798,0.0056187550376540505,0.0009926016605309755,-0.01825651218736831,-0.008181032281618816,0.002052607593248277,0.01162324648243409,0.007720025706740068,-0.0051330819406874605,-0.0006768924908371754,-0.0025215711799224548,-0.006503486840054567,-0.0030889776293061026,-0.002405401286603457,0.00886163253652892
2021-08-04,-0.0010951311681828063,0.009034536180584984,-0.006108769702827244,-0.0011558458603416095,0.0056478286327471434,0.004220897836748944,0.01190607731033322,-0.007766748337422844,0.013949752723048565,0.004877978835166798,0.0200545944976094,0.0050933833469941,-0.0038612554747798028,0.005031374018262341,0.0029483264906232346
2021-08-05,-0.007095455102798432,-0.008062226245639808,0.0004960778734304262,-0.007965937362483548,0.0014431137945487681,0.0064183869364237475,-0.005114739181279631,0.01226447374553527,0.01498715199646839,-0.012238259117476646,-0.0033682966807679253,-0.0020047109495661087,-0.007724797841930595,-0.014189032386070735,-0.01291083161600942
2021-08-06,0.0045959865644205926,0.004059491677523596,0.0026510680561175337,0.001297169823835732,0.011048042894542294,0.020240797801483412,0.008579961453545195,0.00651789327126513,0.01488933907155835,0.003685779459808431,-0.004172181598926385,-0.008749285407293387,0.003965739940739785,-2.714255883000938e-05,-0.01027187064846297
2021-08-09,-0.006531951786988778,0.0018544697679770336,-0.010507395288469059,-0.0020839515075667977,0.011668929803389256,0.013155659671998573,0.008308324063653998,0.0026041991963627904,-0.012988072811462666,0.0024827025350666813,5.928338458180096e-05,-0.0031931462382956068,0.009060837753678422,0.015230055128299889,0.0017818038090991982
2021-08-10,-0.004072851462391238,0.0040995563656077445,-0.007673713415962244,0.00026148371690621914,-0.004140601755837575,0.0019034966340252947,0.03350381014869552,0.007219070735754955,0.030808455234653444,0.010413615947080426,0.01557507317087912,0.0024153228773993608,6.211222882168318e-05,0.010815296739961799,0.009212899256376266
2021-08-11,0.01597827670012846,-0.0015216117887744893,5.042203858652075e-05,0.0026854127410670114,0.0019473345477761265,0.0040479275398685845,0.021426309520410466,0.015352474945564427,-0.0019330265709016933,0.009703209819765406,0.006185880092293035,-0.004622963624162339,0.011998950031320269,-0.005109651312665812,0.00179853836656574
2021-08-12,0.0020735991539920654,0.005035750115374077,-0.012363074455546123,-0.0031742629474493093,-0.01532224619248943,-0.008018760007137962,-0.006693870702805954,-0.0010773790792470087,-0.02085537371620599,0.002958248603373323,-0.002696873490702993,0.004861548715896541,-0.02389683780287551,-0.015242024631849307,-0.012331746983726804
2021-08-13,-0.0006436912669943191,-0.0049491876321295335,0.004447028021359626,0.006196050465490051,-0.002038963788001757,-0.005384794486551777,0.010806376324378803,0.01599472973549515,0.01498196633891526,-4.075330974336318e-05,0.008566022388722068,-0.005080316106883547,-0.0027233795380650332,-0.003010587881053584,0.00940528702800809
2021-08-16,0.01180680511296955,0.0018546616579917172,0.014912074264505141,0.013066501193327836,0.00446434375611378,-0.010309167597541124,0.007750452069088665,0.011933399666215707,-0.0072941759776815164,-0.012900199668923524,0.0024222001659088095,-0.001843492883215228,-0.005232037452601178,-0.008668952262129737,-0.005951117837955757
2021-08-17,-0.02028210887448043,-0.011464759467022273,-0.016324550307350482,-0.00043435070531928563,-0.001982357092556638,-0.011573746143217888,0.011242771838702835,-0.010772955635586005,-0.009095118358319198,0.005281172446070319,0.003994783566320828,0.0009278992934231624,0.01388311649863167,0.0022526706566080826,0.007536270768077796
2021-08-18,-0.003053410999527547,-0.020358212229613006,-0.009151550047351346,0.0024934306617780365,0.0016983397105224446,-0.01270291663678253,0.00700353228280812,-0.0008833865481954016,0.014130557274532534,0.0151900847920128,0.001985772263208174,0.010701699527262347,-0.0076928757340736,-0.007336499326654446,-0.008641497631617739
2021-08-19,0.00126260054708898,0.012968920180438086,0.0005082451806115874,0.008552477028353711,0.004474220718527009,-0.02300978095081702,-0.019920634477999414,-0.03352834557716351,-0.004426924097300841,0.01225280837745087,0.0012400996540754344,-2.3815523147770674e-06,-0.0009486312218504497,-0.0017407599485358433,-0.01091985073960598
2021-08-20,-0.0036344266270479137,-0.0067135289801702035,-0.0045246353033046634,-0.0049068962944665085,-0.0036038475676015507,-0.005833093469465605,0.010042241193077311,0.005539411524101832,0.00923603831537554,-0.004169709372941001,-0.0011234301180998059,-0.005234782879113115,0.011071890820185882,0.013117090809966057,0.004780901444004873
2021-08-23,-0.005703940548366449,-0.011075040612293524,-0.004327859534700007,-0.009365847953403854,-0.0072638055426128174,0.0007744683055380694,0.01019024974719581,0.0005138896655461035,0.002447068980743614,-0.005263474460723202,-0.007101065688131675,-0.0011013980830920165,-0.007452767657170031,-0.005817801344060234,-0.008699812788291846
2021-08-24,-0.008501899434011062,-0.0015757693262775548,-0.011027398235309124,0.0031275506519340013,0.004375184552746469,0.008813329110031897,0.0023030727545902455,0.0023021429841916696,0.01602499911584004,0.0006060671944165919,0.012710938159401877,0.0095571903050448,0.0033170037807507906,0.005040169389409434,-0.018663915282876666
2021-08-25,-0.01326621467357858,-0.015782139892712158,-0.01229239359339274,-0.004616275189660899,0.023552386244940344,0.01988724299495604,0.028283877782947178,0.032366552392900795,0.019013100803796527,0.011912481122089714,0.013542920874502984,0.013109615322201042,0.006296146979753112,0.006520452506298032,0.00948921653531895
2021-08-26,0.0027003520343336592,0.007373294989652607,0.0098971956983148,0.010569776011979901,0.015010353551573027,-0.0045026916568268625,0.01621109515918234,0.006289141588657595,0.009234978574136346,0.020177656410055166,0.02834973343659439,0.010871903235011422,-0.0003100894157753317,-0.0027811969111858842,-0.002777024820727386
2021-08-27,0.003650196103649193,0.00821114106991317,0.003500348828264111,0.011496165166649759,-0.006607588826139593,-0.013625068600156998,-0.022409832265845517,-0.017881373063272726,-0.00884984211308368,0.01158330184001125,0.008949579142828798,0.02416658068538866,-0.00343743676264004,0.007263673216131337,-0.003901737853005874
2021-08-30,-0.005052533871481815,-0.0050469213729664696,-0.01820078644827778,-0.01629422091707732,0.00561974990060171,-0.02303764035032795,-0.00752514966728446,-0.0007163983390760951,0.0025054613572726503,0.006297655561688965,0.004882666879968721,0.005940592594747131,-0.0026732770229269042,0.000306571248089657,0.0032550516525735548
2021-08-31,-0.004291853939290608,0.006247271321512466,-0.015691100199223252,-0.01253120422305468,-0.008773101204841368,-0.01752531791872062,-0.025482613010136934,-0.012863490165221857,-0.022011359351750758,-0.0040317985215790764,-0.002785492023380078,-0.008312937596459983,-0.003646317373702142,-0.016191025015323286,-0.009150063734407889
2021-09-01,0.014521487442585822,0.0018756041475207416,-0.0021811064808603432,0.004737378597612661,0.008746328876055039,0.0011119060658053008,0.016027415890186206,0.008077425824064009,0.003936192686806607,0.001488999297587519,-0.01315174195307593,0.015744568389461564,0.009465889004802426,0.013318826732674913,0.022954861755485487
2021-09-02,0.0249087864857315,0.001384569909750005,0.0072681006488753055,0.009281959264286896,-0.008691901117337524,0.0003572803517307896,0.027933078623412322,-0.0024174263042276473,-0.003002724029364053,0.00367763088005658,0.0009393135332020544,0.0028133377869597504,-0.008444562591034812,0.005122117353397782,-0.0022777589358933424
2021-09-03,-0.019483305549219322,-0.004742096014402113,-0.0015652265815595465,-0.0075873312800714705,0.004284496807467666,0.015439212787881783,0.002304099642449008,-0.012608811818226274,-0.013730964234846857,0.003999267938485318,-0.0034247608023917865,-0.0026771449530927876,-0.005400499160944066,0.0023223530196906247,-0.006883941617763064
2021-09-06,0.011160186043834678,-0.004881061937430051,0.0036021462143719677,0.0008840019021215876,-0.009726957416610619,0.009914912671719279,0.006327712931048095,0.014640901227465598,-0.008782760469441538,-0.029966463950171444,-0.005704877860249348,-0.011077880381080122,-0.012913308887713535,-0.022785958905700555,-0.011501483495584991
2021-09-07,0.0015972607181149333,-0.0036442057424938565,0.001339456880703863,-0.012197389225464648,0.011414370880211026,-0.016912183915186976,-0.01721659279789716,-0.02483336579947432,-0.001991774514280638,0.0003418919205752872,-0.0007067356362935551,-0.0073144874226052535,0.002385051620235966,-0.013096008419324155,-0.01830332809554591
2021-09-08,-0.011964005518023912,-0.025390522450316554,-0.017614597974911834,-0.010436235540273581,0.0022217446025743575,-0.03265682158577159,-0.03348633534665767,-0.02323670132017603,-0.00925335169654321,0.007742853999350812,0.003062593992560813,0.0074144793160855205,0.002830615257956157,-0.0005637326932375058,-0.001255824959223855
2021-09-09,0.010427338859905402,0.007781723458713136,0.015758664493251594,0.011507008262900997,0.007759957670556585,0.011375134609357853,0.012937193812251663,-0.0086989520198367,0.00622690886831739,0.023109612024260373,0.008413898442284937,0.01945699849540276,0.014069825990007941,0.021411371803806815,0.02244631830155535
2021-09-10,0.0027933256051766338,0.0009158606849962011,0.006267580412222419,7.573886038679143e-05,-0.0074050613531984125,0.009850401099902012,0.02640290552849995,0.020592908502742525,0.015508917204124405,0.004090416145576294,0.016240730442773348,-2.943159818705754e-05,0.00424350063113663,0.004121028435229431,0.01994418333805226
2021-09-13,0.0058021764841047156,-0.009578669889788342,0.006609142055461445,0.0006165263799295786,0.016917280464448937,0.012589231279842034,0.008401652634883686,0.016230584180699583,0.007734538193482796,-0.0002972618544461847,-0.00454126734442144,0.009764950785321018,0.0030417054496268852,-0.007767118986541251,0.00878316436818676
2021-09-14,0.00879050388374265,0.011934515629917883,-0.0008430779736474606,-0.0030871588090664523,0.0033017179508111594,-0.0037898291309214085,-0.004947748609237084,-0.010495610507922746,-0.0011780705850201916,-0.010016095663126511,-0.004886419280148962,-0.004550746901129197,-0.016410233170710612,-0.007907084320967421,-0.008146244625752488
2021-09-15,-0.009991885725218103,-0.011752137477230012,-0.0022208527404422103,0.0038393806450047413,0.0028639576983342284,0.012888183992891806,0.008796339824432188,0.004750324566701762,0.004225409279997029,-0.002184829349401269,-0.002906904173716333,-0.006101458501524724,0.0016845921674329544,-0.008583649000343314,-0.017451780108007534
2021-09-16,0.0027593354924395786,0.0057451844864913094,0.013983975905473987,0.009743069275642797,-0.008827229980659998,0.003148522073303404,0.010331820721250929,0.004763175214631477,0.03092970418039009,-0.006220961346885206,-0.004069981605020604,-0.0025802662559025694,0.005749052206649589,-0.0018711592295263242,-0.005818036526403607
2021-09-17,0.006190434772019211,0.013401797422417238,0.00481377813990332,0.009841961406177213,0.0019292419480100372,0.018760722896911476,0.02804204698669715,-0.0009684118928943425,-0.007422014217441281,-0.0067289566187323895,-0.0029301912861339286,-0.008863662605843715,-0.02291234154480237,-0.01048118425283075,-0.018780532613368314
2021-09-20,-0.005529513367654176,0.0006948842604952454,-0.001425345292788937,-0.0024448205202136555,0.0016289290998720383,0.029285669204455415,0.02676295841721091,0.021617922095609688,0.02037191140093096,0.013056028920869631,-0.0014936357200808828,0.02089782744994528,-0.005781156720176379,-0.0049153697761910595,-0.014506072903904144
2021-09-21,-0.004714015373424059,0.01516818398542464,-0.00046026778392138255,0.014494650639761431,-0.013258090040383315,0.0039885955097583945,0.01212658224396405,0.006950329457475747,0.010057690252300133,0.01896928713927081,0.014514241406045151,0.00935444499600204,0.00648160561282175,0.009325548580045683,0.014946051887238514
2021-09-22,-0.007793578409192867,-0.005839087969461396,-0.006220819508130342,0.003014904055373904,-0.003479547396681579,-0.004229566466571497,-0.000943787989563314,-0.007161747465246391,-0.0017997770193062949,0.001928177732883344,0.008725316930266173,0.001940902748797474,-0.0034953420202044278,-0.014016788002772639,-0.00989519295085381
2021-09-23,0.014258764231761194,0.009717717098550887,0.00515798706475888,0.008176297897919781,-0.0009739998706439942,-0.01863423251776979,-0.024782675236537603,-0.017846164881625503,-0.017243651530286393,-0.0024762046946581726,0.009797323939067997,0.0040425144629318175,-0.005985838679423588,0.01121162190099638,-0.008995408206094653
2021-09-24,-0.004381521254901269,-0.006481085148169024,-0.013060081866756697,-0.00888266538442213,-0.017208941572366077,0.0029691418888006284,0.006371918196584649,0.019740503649693666,0.009953073541967969,0.008781895940773598,0.002490872846842002,0.007397422320953142,0.009825488392703143,-0.0045804972651745796,0.0068434292482033926
2021-09-27,-0.008260580382944352,-0.003362668576793617,-0.010036249894685394,-0.005586362796608572,0.004812159315663535,-0.01823939154910982,0.002521374992199979,-0.013134541544051519,-0.01947544290785206,0.01813458308014996,-0.006397469671175864,0.0009473761308987931,-0.0015206603893530087,0.014655223833833992,0.019129204880319342
2021-09-28,-0.0048390462500615666,-0.015946102256627688,-0.0003819960959954942,0.0005012967679275358,-0.004211102816998846,-0.004860615406750837,-0.0223347184818163,0.0021589197811748,-0.02607567852072569,0.01789479881457554,0.004093896228399376,0.005777845636726849,0.008562087108708968,0.013726194128739003,0.00031457747484018607
2021-09-29,-0.005391547885252026,0.0028048315439112076,0.005679437644592706,-0.0033939760888135684,-0.004314752955086272,-0.015970204504495746,0.010592773718040483,-0.0018481355219487072,0.003353831407152833,-0.012602288048384595,0.004765173598085715,-0.0009708870930821246,0.0001952853806805383,-0.015381684202339497,-0.005355588927859922
2021-09-30,-0.010090990610372809,-0.010230798415996589,-0.011678578626169679,-0.009185947049375545,-0.007591066278795488,0.0012599711801598585,0.007425655062848296,0.0023475488496013624,0.020209661796487928,0.003101717076293913,0.003013430310064434,0.0052507105055744,0.0005918067660381956,0.0051698320074658605,-0.000836512861834072
2021-10-01,-0.009070456548613534,-0.0024539243887630085,0.0029903333305576884,0.005215452764137369,0.00015366272302366445,-0.011583030301329404,-0.004997433195911575,-0.0049820594133634715,-0.013546176018614497,-0.001388670895277578,0.002558873394557505,-0.0021118624454545872,-0.010111746087768825,-0.0273010049253659,-0.014192860427285646
2021-10-04,0.0015495965307336951,-0.0008387556690963075,-0.01336941708382508,-0.0024269210950653673,-0.006196267400901845,-0.0016002800081672385,0.02194079275924642,0.017682602936904712,0.014330472900916455,-0.013868988190748149,-0.005344867301328292,-0.008389882846516596,-0.012299303785181289,-0.0024422145369576115,-0.0162528748180872
2021-10-05,-0.011600022699418837,-0.008582209733303009,-0.006340543017865775,-0.009952380723023504,5.7941720118778145e-05,-0.03190573007421067,-0.024785531928043666,-0.018635007269556275,-0.040354620984300746,-0.004934450252615343,0.005555314542967207,-0.0016578506902701167,0.013662382110166812,6.162220926331627e-05,0.0007473863704404567
2021-10-06,-0.0010970533069605106,0.005443065183969981,0.004133417827242018,0.005592111804841997,-0.004071187370714297,0.008486581308389318,-0.012702095823473212,-0.004913314226966002,-0.007186045424217762,-0.0089024502321319,-0.015468401203895997,-0.01203640128385062,-0.003452542184192765,0.004943073037138257,0.001077368751703142
2021-10-07,0.007366751418388974,0.01879475392593394,0.012043623154993854,0.007119525081574701,-0.005676788283845531,-0.016757988409636188,0.01176426439338015,0.009111389290335236,-0.0015660706568989627,0.006150526486455202,0.0028296104293318884,0.005770667427418039,0.007937851094888112,0.0074545812487573,0.01472584360359657
2021-10-08,-0.006392123424727418,-0.0031246269656528543,-0.018317143084781592,0.005280980400497503,0.0038716561394949896,0.00601572832080245,0.011332523128622459,-0.004629018204040753,-0.004078305869608631,0.005891685036264693,0.0016748218976002642,0.005074675374714338,0.01187017693562279,-0.0007259011932133138,0.005826821344036651
2021-10-11,0.009734675943765467,-0.003202301518892987,0.007522595238909418,-0.001345841728913472,-0.002705250591925111,0.009480361939495648,0.0076610896099741635,0.016382134281939482,-0.0006730760259856469,-0.004634007058436162,0.002473474197730784,0.0051705653047240995,0.006582296758520493,-0.0020414844081474664,0.006397419988771616
2021-10-12,-0.005379229182205438,0.002660438897055157,-0.015384405777967465,-0.0013659500011927615,-0.0016186321688482655,0.023590793576385834,0.010001317065532419,-0.020388259612406024,0.012022617921597586,-0.0031744068725610944,-0.0013945777936735283,-0.009104382561770192,-0.015202175115161346,-0.0021301718033978727,-0.013309277421052595
2021-10-13,-0.005054103750372235,-0.011506791931369068,-0.00025805627364867533,-0.005260639306613841,0.011939529342689761,0.001977803625100649,-0.0005667081330210894,0.007484559687558,0.008480557747712825,-0.0028422684546082003,0.01291724785009645,-0.005870370705976669,-0.008095147061059686,-0.005740355141680573,-0.017727625608971835
2021-10-14,0.0027298002893290985,0.0001838188867774376,-0.006157769103805712,0.002283513491684229,0.00917397260072197,0.010971960307343782,0.02076212266925593,0.01936394891564451,0.01507876227680636,0.0025182158739379804,0.0048182520580174375,-0.001011541066555613,0.009067676381803497,0.005126849056596721,0.007962885279194839
2021-10-15,0.01135228593102373,0.011473802046717475,-0.0016518237042431518,0.0031306110896647003,0.014755832457601039,-0.002037892945011787,-0.006150269386342686,-0.008138137499020913,-0.01589644543514742,-0.0027314291226896905,-0.0008788872838731473,0.000933083200384763,0.012828308778023642,0.02129407202473754,0.019513530562116348
2021-10-18,0.0027584427756166836,-0.007628141295280237,0.004779239410976395,-0.005667763908068889,-0.021533147825972727,0.003460452578855217,-0.00638693726374054,-0.018531633474670236,-0.01390901092974012,-0.011702310792909312,-0.005687825252278315,-0.008809262927441898,-0.005374873866440998,0.006856087837712181,0.006696247779077029
2021-10-19,-0.009526682813793586,-0.0011106701822132048,-0.00015845249133730223,0.0071146406693451585,-0.011999491379124731,-0.011223450385069372,-0.013393984765621394,0.001745990762622376,-0.015383143571739083,-0.0015712897244964405,-0.015972989099551613,-0.004636866099350542,-0.00708555903425236,-0.0005603904596871445,-0.0034855132924836167
2021-10-20,-0.004104496119602506,-0.002948069957652537,-0.019471181360041376,-0.004553251262496255,-0.009825399636848274,0.019254517439761826,0.005066429453164491,0.018221262884544842,0.01934861581197309,0.002531087763130361,-0.008324698441610288,0.011295642322185155,-0.010224132800942242,-0.018736711129882705,-0.006372188448980427
2021-10-21,0.007081981314442604,0.009687870465395435,0.018165842375540114,0.0022491922525819654,-0.004057028494083286,0.018444373128446906,0.018386087367769425,0.013322428453153333,0.015360141442498466,0.014876971659698156,0.0032101363898637734,0.011224103092237982,0.00706678766314718,0.003832809901517186,0.013501259298852307
2021-10-22,-0.002760950763520104,-0.006174131739101775,-0.011481885759487095,-0.005745263750656369,0.00415031244158951,-0.020360876750417582,-0.010322941419717159,-0.011160382424374168,-0.012377117212579716,-0.008020720421918337,-0.00043112289564644263,-0.00042690604248678065,-0.0018649229737074942,-0.0014036673870737155,0.0014859437990962726
2021-10-25,0.0009121008303685889,0.007568309143150467,-0.012130131655850501,0.0015895809375981453,-0.0007327611446630631,0.003342625922054289,-0.006779714544621968,0.002645705604770947,-0.005917509220676481,-0.00850715820197925,-0.014401758430372958,-0.014281513228482253,-0.0033547013943236847,-0.0009655211605067353,-0.004362703522551026
2021-10-26,-0.00016517918627066588,-0.008282593627584017,0.012498419074739229,0.0009782450797193533,0.009590248523221392,0.012714394657277077,0.020377607075842664,0.008383365434579888,0.016257646664528357,0.010408584021344397,0.015151658308295776,0.006223146140090122,0.002840679612509424,-0.003873627036632217,0.005587909205816421
2021-10-27,0.0033987529876244363,0.005101506824417483,-0.004944492315081837,0.004579862926454055,0.009558686207117719,0.030334901458790538,0.03217943137146542,0.009951127954889621,0.008131306435291008,0.0024263117657459944,0.006209218833118108,-0.02253151686024519,0.0011118431874811592,0.0032274306401883866,-0.007944886054720943
2021-10-28,-0.0012105000117938296,7.824620976939426e-05,-0.013853684081215185,-0.006749663912655236,0.003754346286787838,0.010393224234400525,0.008285654189306935,0.01039999970530915,0.0025939622020653046,-0.002629710346869357,0.007139690003802217,0.005260954777373313,-0.012200968906160509,-0.01530512403790704,0.0031567602942501587
2021-10-29,-0.014186360025037493,-0.011612484625763546,-0.011164989428375868,0.0013561991659328722,0.003860455685497096,-0.013231498635461476,-0.012151085629545168,-0.01830869755060368,-0.021488705337317095,-0.0012482903255519732,0.008166638705378116,0.005769897519551532,0.009133020243770903,0.015528180556389557,0.016972326292086656
2021-11-01,-0.010594968686022,-0.020588668935842915,-0.012966801642599002,-0.006137460065658141,-0.010547339531472247,-0.024390210944086426,-0.012785962544126369,-0.0182978844179706,0.006059291664197839,0.006370867076521202,-0.0001396700592622421,0.005009175215743538,-0.009354930151797523,-0.009248827690558271,-0.016950876062972756
2021-11-02,-0.0062383651542498916,-0.012140386151969218,-0.009394098678127523,-0.013062924815904105,0.005873646043971247,-0.010814416905172238,-0.009905961710136885,-0.005995304717021587,-0.003199024548043927,-0.008412677396435553,0.004686501495733318,0.009533417669588358,0.0062468439226318956,0.016831452148433176,-0.00011478848647315904
2021-11-03,-0.008648378277887508,-0.004667434493561676,-0.00044069868465193996,-0.008398336255433953,-0.012940806498916475,-0.015377844611995237,-0.0034282089181773205,-0.009322741905433876,-0.013265756900819731,0.012004518770928996,0.019843152544877677,0.012045312328331993,-0.0016696733751212361,-0.006946412399276381,-0.0027224995331005786
2021-11-04,3.450296826604357e-05,-0.005497985228213915,4.9901466289691573e-05,-0.008991180706963801,-0.007859482045728233,-0.00426758607189056,-0.037089265512211915,-0.00823216790614564,-0.025645629606850785,-0.003316545582706602,-0.019187249311534926,-0.013790041544836505,-0.005512180936518238,0.004925531267526589,0.00039157601679521
2021-11-05,0.0035696614913277368,0.01454617632653103,0.018742010730765653,0.0027061484088960093,-0.010542816863906875,-0.005484113552850914,-0.021024135391969553,-0.012539666833335444,-0.02355054021459013,-0.011148883350239922,-0.010002314556823183,-0.004384128001505129,0.00693219698336242,0.03064396438117162,-0.001080030487940245
2021-11-08,-0.01366332801377106,-0.016655890896783935,-0.0072634956505498735,-0.010962696766247587,0.009476896899635585,0.0027383716935694604,0.0005741220761954795,-0.006694898067967859,-0.011079721193048096,-0.00776028815974773,-0.010534025354311975,-0.011933464422009892,0.0030106342233832593,-0.0010097952908958959,-0.012634670098910589
2021-11-09,0.005104734981649983,-0.007472391176223235,-0.00999304642626182,0.003815193177520583,-0.008177313428624423,-0.013955235737560724,-0.013012642875964405,-0.0019380099680553757,0.003848428468412181,0.013055104865366575,0.006824261858605623,0.005158205714633066,0.00564775859931722,0.0023613568323797335,0.0034184660717425227
2021-11-10,-0.0035406027324559252,-0.0139912982434664,-0.0010446579292867622,-0.002450189762214673,-0.010256224449194166,-0.0107150756529341,-0.035875754604893194,-0.028687587247628165,-0.0020679781659605485,-0.003411743702785435,-0.0063589398199685,0.0042296806863460655,-0.0029570674226937713,-0.005248630519983335,0.0008331783557981542
2021-11-11,0.0073416612970979575,0.01722581427999315,0.01402292844195309,0.021447015275401556,-0.012611247710466119,0.00018866523079589094,0.01997338376148409,0.016339015725844896,0.016061350137239038,0.0025153157802840645,0.003657621541460492,0.003180988373618848,0.009518180044408861,0.004883204763164265,0.0026101490564072525
2021-11-12,-3.5124189380866984e-05,0.0009147028580599086,-0.005281101325588257,-0.007362602685324286,-0.010890442092794638,0.015330384103569532,0.03921010477802914,0.03252195266714333,0.012911981656201102,-0.0019522666066111368,0.0004251982158566382,0.017488945035777935,0.021798474182554574,0.017560134324272794,0.019934552464960162
2021-11-15,0.011507879968415295,0.012287457934614731,0.007343639311899992,-0.001344911751797656,0.00321844423695705,-0.009241282595801521,-0.008081103998325994,0.02672917429680187,-0.008330102377151798,0.024210285191506586,0.009763877039216459,0.006301416481851587,0.004046904844978638,0.012101179752222621,0.018318197025396173
2021-11-16,-0.010461238859429373,-0.008973527094763279,-0.005037978438490203,-0.010125374166048145,0.0032510532647415766,0.0021864546192070567,-0.010801091158379308,-0.02128990935981838,-0.013986203898944614,-0.004769561880391761,0.003941481887411139,0.00546889235294908,-0.007860344710479195,-0.0005423226653796943,-0.0047085803125076296
2021-11-17,-0.009468401181105965,-0.006985891614416893,-0.00523354254269257,0.0007553090376532113,-0.006134656738981799,-0.02848432598635492,-0.015613393076946867,-0.0016750454535528231,-0.02517890777874967,-0.0178165218081084,-0.015773754792693967,-0.022888300460735485,-0.01358313062579096,-0.009680893541781277,-0.012871159917444858
2021-11-18,-0.0019415230182167845,0.004730395542710959,0.00512621577078962,-0.0014772669703964902,0.011641222108984382,-0.00019490540248102097,-0.012217531629231379,-0.006449855246480749,-0.009281782568465303,-0.007851463352280126,0.0011743499557474357,-0.006317938128875925,0.01010105903488225,0.004516556214218314,0.00020362173769891348
2021-11-19,-0.014083063319901388,-0.0029953270682358916,-0.004961839487045782,-0.011315512656793533,-0.0009424701859916763,0.00371204065270927,0.0042469935492024866,0.0066623557236351275,0.0019706031785620874,0.013352889294076463,0.005097379864177023,0.015597052956579729,0.025457785813025484,0.013366416461729598,0.02283642679951472
2021-11-22,-0.0032858179650830793,-0.0015218881509659248,-0.008256312567782916,0.0015953531774173515,-0.010699021631232234,-0.00772524721729337,-0.003999642052652696,-0.02988033586199424,-0.016280082268503936,-0.0014174264041935834,0.004419977648927695,-0.004514476949104321,0.005652708487479352,-0.006360217111160459,0.003454821231889681
2021-11-23,-0.003367108189427998,0.005200062808340576,-0.003167663666742128,0.0028160971703596483,0.005619506467158978,0.022280755412078534,0.020848930642208226,0.020656834654983712,0.03701874564722216,-0.01072185352777865,-0.007494883313359742,-0.011759635458099897,-0.0025834490370214612,0.00130452113648407,0.0023846509362239884
2021-11-24,-0.0007646061226377562,-6.107927441620451e-05,-0.0034891458588236944,0.004207659001479279,0.006586500608470599,0.00980094520229447,-0.0030244518475843513,0.005884153228788995,0.014580429801084763,0.011311316971749035,0.01462573474891438,0.009066288011480964,-0.0016847646315431813,0.010633837795219737,-0.0013410373437998417
2021-11-25,-0.026201468597091784,-0.007230689269200947,-0.015060801520626301,-0.021056963918533983,-0.01669055029190904,-0.021393959737775033,-0.006666378229341638,-0.003926127517017026,-0.011736428537539917,-0.01956726697234406,-0.030398216333320287,-0.017410889874912808,-0.020884533879781127,-0.023981207285538382,-0.014033086639767066
2021-11-26,0.000741896198598616,-0.0002443702792155923,0.0007456463816524115,0.0011929459766219681,0.0038357283775624393,0.022686495346190796,0.02854915065436134,0.025996567631251723,0.026505114508799558,0.00887567779822158,0.0018093370414760243,-0.0032612349299208643,-0.0066029040906053675,0.014447046048790213,-0.00427499646650407
2021-11-29,-0.005744020847755671,-0.0028784239045939203,-0.006145433684573657,-0.0016858633599360134,-0.0008325939606419278,0.017832907028427485,0.010377512960343224,0.020276939636730225,0.004397543661953971,-0.013517296794084616,-0.013746027471751184,-0.012823627982841373,-0.009608499104189195,-0.0150716357670932,-0.0006402374891775296
2021-11-30,0.006977817023930064,0.022667963161153406,0.01711618777906819,0.01075002342106374,-0.004014796099201655,-0.014326350099561812,0.01878024663564981,0.006866568925760123,-0.0020024940054524905,0.001186645925339576,0.01881927925763017,0.007356653698379438,-0.006548446100000773,-0.003574733874126678,-0.003853095560254357
2021-12-01,0.008807520478159506,-0.0079379056599433,-0.010553392671220206,0.007910997589853303,-0.0010537736810216271,-0.003269390319740498,-0.00729874842132494,0.014356783749684396,-0.008511704556599891,0.013954333491405893,0.0168409289694247,0.013296942241084552,0.004250560928085257,-0.009984771797029446,-0.0022763406895256137
2021-12-02,0.01170610150049574,0.016711301992841203,0.0043245568521539275,0.014517933884559308,0.018273249203246137,0.024954066902698628,0.024951520879095784,0.01486896596031353,0.032158836671597545,0.002709446669377983,0.010127227520798658,0.0020467894030561846,0.015124755102036373,-0.0030455768516568387,0.007624088826531617
2021-12-03,-5.869363124226361e-05,-0.00984857023467107,-0.006939117551691342,-0.0052681433189193504,0.009276190461660186,0.015081294210164915,-0.008309269940830007,-0.0059954875065425395,-0.001612932920759712,-6.623245663314736e-05,-0.007499617604493374,0.006138459712095427,0.01344212433689415,0.010777615133354991,0.007507766372182285
2021-12-06,-0.017429063808784496,-0.01284359210604928,-0.022582460365797627,-0.021898037009592884,-0.007103253335459032,-0.039316712622745095,-0.03087503422312829,-0.02896633102283149,-0.019978476879880316,0.004903255105903732,0.006437255470628491,0.0077377968799372835,0.015157371725661154,0.010623804950988535,0.0007072527920181474
2021-12-07,-0.0053417851723041795,-0.022762436770195255,-0.007584250087071819,-0.022429098575411498,-0.015586738190068708,0.013162250364566442,0.000897295331867131,0.016552185218740224,0.0004509332939198073,0.0007496035325366784,-0.0026297328918947105,0.0025461139797436877,-0.006901361525711977,-0.015339213286502324,-0.0033818449160090756
2021-12-08,-0.007247722351951702,-0.0008329334744437379,-0.0028894258255048673,-0.008244055928750944,-0.011298303293700407,0.008742909295557605,0.0002082818833682471,0.007573900462677933,-0.008387803743963008,-0.015028418369915243,-0.019345101646910185,-0.01399114538671907,0.01633026343783474,0.010284172841492942,0.012203502319942048
2021-12-09,0.004017434427519836,-0.00810401446969469,-0.00015207179374605092,-0.0002029253729960496,-0.004001607715311761,0.009299945656104893,-0.002669424958603516,-0.008641274610161077,0.00484150797086003,-0.013922220703574222,-0.0018671096015805907,-0.012348677307663012,-0.010202046635638605,-0.01821128904550394,-0.01606643607402414
2021-12-10,0.010534139777354307,0.007700596001235817,0.008427999462465223,0.009394692487119745,0.016215316470837255,0.042932366024174266,0.02733728518794276,0.01775764459462044,0.039211043108332906,0.003059073296447087,0.010816487808891339,0.005848064084469567,0.022859585883669882,0.026341923482165967,0.01828032390534035
2021-12-13,-0.015019444483949929,-0.010602596535671038,-0.004390234901451878,-0.013773372134587882,-0.003302518892390609,-0.011117450010284361,-0.0077209888850775215,-0.024823020028418,-0.00957909137268545,-0.011547715154994644,-0.01322636618004649,-0.009850356504985926,-0.0246578425668905,-0.022436979627133726,-0.014722633369958573
2021-12-14,-0.005774988650790486,-0.002181342704604086,-0.013622283368095948,-0.006249612943997602,0.01657271763636325,0.020902275095324843,0.01511424498483605,0.0030427743497891285,0.022138579949257903,-0.009568133971619047,0.000509731395387566,-0.006047711928756635,-0.0007288902731792821,-0.0008869261925228408,-0.006249241942130258
2021-12-15,-0.006513264508048838,0.00016651911396633762,-0.0133528913691754,-0.012586365217934667,0.01765446886304167,0.015990871908673456,0.009656584451835926,0.013404014552218025,0.01951002561365158,0.007891455787845785,0.02095623534478993,0.025683417332360837,-0.0021765648317040734,0.014495279005861924,0.008734759912463256
2021-12-16,0.008913498907633315,0.007450538807443964,0.010315542371689086,0.015223603768779827,-0.0019897302052826723,-0.01618759063452133,-0.03290831410798768,-0.01058593072068584,-0.00029280806142646974,-0.01273647526285537,-0.003863141878290921,-0.003081316267103869,-0.003433585095772379,-0.011715170087157436,-0.0003437821763168632
2021-12-17,0.004283588492993555,0.006895462191191819,0.010505042998167624,0.016147992071711758,0.024612731178514452,0.021202484152743086,0.016500476643747056,0.011882458415707158,-0.0009616462181826349,0.006540751838793656,0.008387115222862607,0.009339839522686876,0.0315915659391815,0.04047640076954875,0.044337805578333084
2021-12-20,-0.003462743856585632,0.0037471823111597533,-0.00249988069517053,0.003935636374147572,0.007086948717668417,-0.03238103634004407,-0.04307599506151094,-0.045347090209393606,-0.03890022973685853,-0.0032200460825783025,-0.005091600668160154,-0.009535246103730476,-0.00027340394793320044,-0.007764091817936931,-0.006257716231530873
2021-12-21,-0.01964809546526182,-0.011648850877634497,-0.00941042467338356,-0.009682239393535203,-0.0023598105014925198,0.003133931008412112,0.0071043776861648995,0.016468995571255026,0.008144617904338503,-0.0076287223232047955,-0.008414283071925538,0.006065729381604732,0.020625736099500275,0.022358807868870016,0.026797370333550972
2021-12-22,0.0013382932810986894,0.003910489614892423,-0.0034887667398388065,-0.002919008949736998,0.012929084268330457,0.002302114169014995,0.018966086257427524,0.009426309436392812,0.010902654964698822,0.0008209301952996842,0.006544865790902888,0.008509663976279828,-0.026887766023197587,-0.033338113407663496,-0.029673307481991994
2021-12-23,-0.006483982227037422,0.004870805234749733,-0.00992670245753652,0.003915019594924904,-0.02282156485162109,0.031040471729544855,0.0059997506408121,0.028216809645987013,0.006015993634870499,-0.0020879826862271232,0.0006686756038175247,0.005533124445651258,-0.01924519725635477,-0.027447856240213626,-0.027011336562236955
2021-12-24,0.002716644271417073,-0.0036997590815022723,-0.0006263812206581925,-0.004727174946364576,0.007763159663522833,-0.013547391764347345,-0.0245727182359093,-0.027166692488362787,-0.010172109031156045,-0.016262310786967007,-0.012886468280865995,-0.008373829325902702,-0.006741646683739667,-0.005983944173130469,-0.007342245604781963
2021-12-27,0.005770756042803282,-0.0006121316862228868,-0.0028658618317395487,-0.0031298282987138326,0.007369467486708609,0.00880170079912464,-0.014327131923749589,0.0030542410824818886,-0.003450166185137718,-0.0023088917896760216,0.0025339716390446244,-0.008851566323288505,-0.026067594513596724,0.002316703147259719,-0.001613254672577403
2021-12-28,0.001203220563329696,-0.004229525256627649,-0.007621687497745623,-0.004150302746048763,0.01292196204408364,-0.006286199426566486,-0.02796824017791488,-0.003959284674861929,-0.0038080601640291187,-0.0020573318958272075,0.0018297594013206107,-0.0015653148898084205,-2.1821404277978058e-05,-0.007118736982146188,-0.006049639690482179
2021-12-29,-0.014882392672255062,0.0006410794872713718,0.00860569612570169,-0.009804972892537438,-0.004360835916150875,-0.009340335241420833,-0.014560738859450206,-0.01819029636862392,-0.006345343281477012,0.007486031339188845,0.008848675504333792,-0.00419161696584227,-0.013639093133534107,-0.007897007790977508,-0.007908464101333812
2021-12-30,0.0004961048920220836,0.013791949157272488,-0.001611405462850198,0.0007161110361400443,-0.0070403228870327145,0.016052103885095138,-0.006411288318725312,0.024177523398689078,0.013754999295798763,0.012363322743313747,-0.00040710351165452715,0.008255823968370733,0.004719923201477476,0.0014126988059511704,-0.004933826223702566
2021-12-31,4.163331599454662e-05,0.0014568944943188786,-0.011846935400389454,-0.011561498637015019,0.004870020184419577,0.0067109528807014086,-0.010013813677289806,-0.0009940928634321685,0.006479798522863312,-0.0037339274564047557,0.006225904962954036,-0.004476273339040457,-0.006880740688821148,-0.007847564903595292,-0.008560160686237633
2022-01-03,0.018862330457328227,0.01371189541327862,0.02426150202028568,0.017622283510703517,0.0034010370410181272,0.037569535593981115,0.037863650966721354,0.052128535742305464,0.05012251274352758,0.011701731803220155,0.013608865670849924,0.01683182523070685,0.006231925536428211,0.018195233351710464,-0.0019217978190377656
2022-01-04,-0.005249200450126899,-0.0072473769565182,-0.009228617920464796,-0.008871105295262352,0.00764331715202473,0.02512751734428052,0.020485921559150914,0.024852026754992238,0.03266700187617084,0.020643067609590435,0.004704665903676551,0.023407983949497106,0.0026128079947887123,0.0064464975823746405,-1.6893513441544085e-05
2022-01-05,0.00872512282039428,0.002083781765814796,-0.007101314593215179,-0.01307140269333832,0.01146485013493812,0.01586595426256288,0.02028161962203351,0.010204763927517221,0.016777947632355066,0.031136724397248346,0.0219677485324303,0.03027693337126295,0.012366480850216311,0.00865780440810455,0.01761631229429162
2022-01-06,0.0002944875594496632,0.006356007507745568,0.009612334411699858,0.004336831793991902,-0.003248423803376762,-0.02537557598425566,-0.05027974841960468,-0.022595454754846617,-0.031656790504252706,-0.00431263211056711,-0.004890967234598741,0.00350537153616987,0.017631031944233818,0.007366884954743632,0.008487952840948833
2022-01-07,-0.0023289143234214525,-0.013398186972343918,-0.021156561488707225,-0.017411500973676403,-0.010141749479308541,0.02794670306735183,0.032899980515285226,0.016370072842554304,0.024715382308855907,-0.021767614809649234,-0.019093505124802006,-0.018478666596942153,0.0015712083039642753,-0.010581218102677068,-0.00906833150653769
2022-01-10,-9.94517815627986e-05,0.007033058101825916,0.005294931848422103,0.0010578570187065631,0.006581392967384114,0.020797815117722662,0.024245707221462375,-0.015083902925224752,0.006144467452173419,0.0034734904053996198,-0.011191203676921814,-0.0005246934514971215,-0.01797953050954603,-0.022396278284621117,-0.005269537770745192
2022-01-11,0.012477369952377956,0.00716224445931885,0.008450935334971758,0.00940246126046319,0.0019429357997587209,0.06300717648952629,0.08346683842631156,0.06651086993080225,0.06973651735884269,0.027119625666053148,0.02013564365987456,0.03013926309470554,0.008245716481702466,-0.003455653123129481,0.005804930167817117
2022-01-12,0.002752434936729028,0.006216270301490032,-0.008538750031060614,0.0063657677333778554,-0.006085022850966976,0.05947313120667644,0.058123934613537626,0.03785023526947006,0.04167497819365363,0.0005226900522604207,0.016354233132122736,0.006294682689720645,-0.011578311409949176,-0.01612007406838358,-0.009181041089447086
2022-01-13,0.049401368757332954,0.026984021030349855,0.016536921372646597,0.02808628006839797,0.005223821052198316,0.026898677958205584,0.030488267074897202,0.03531655349788427,0.03737789328015033,0.012150058491376667,-0.003247747410568147,0.01595060814321693,0.024235671211150805,0.015029660099693235,0.007033260103418445
2022-01-14,-0.0013034037824975477,-0.0006179324956866264,-0.0010859069032416893,0.00031266274578660913,0.010136175293927397,0.020005066333146547,0.011270984480036026,0.019339815614264615,0.015952171883072127,0.012027193344466235,0.015156247951442357,0.020767797975650863,0.0025401636070267134,-0.020047333347196335,-0.011579404734611396
2022-01-17,-0.00582701570120819,-0.019843155439027056,-0.020771905139932205,-0.017212358346430638,-0.011486678934340064,0.00037321532088085106,-0.014991918916132734,-0.016014983984934957,-0.002651349893951894,-0.02492840363146404,-0.020023801759115518,-0.011498598463313607,-0.013748187448633063,-0.000700847697699342,-0.0025348239153442633
2022-01-18,0.014857708248322346,0.009539411052508977,0.021584780769039767,0.021093851734865793,-0.01157005203774986,0.004329112782732186,0.00670843871391948,-0.017979743255957206,-0.009234334280223128,0.00518935993560077,0.004649235704673129,-0.0025350523393895246,-0.00017644228429628765,-0.014773789976671406,0.001343479208206085
2022-01-19,-0.013660781945672724,-0.013531732409460805,-0.009555254073440322,-0.006421203703578266,-0.011632173450614266,-0.0046656032666164225,0.0045581862201766864,-0.010778979000987805,-0.026016002462465014,-0.002551176853051158,-0.008623363990887622,-0.009266977241492716,-0.0021173428935229058,0.009830569705087392,-0.010073038860489502
2022-01-20,0.005464320917499579,0.0016181032294606099,-7.601852895788635e-05,0.0030856218555744093,0.015936139595328802,0.013212130552910569,0.0204162717396839,0.0036077574181144455,7.799395147445841e-05,-0.013586733196514138,-0.009074398749109695,-0.009336324474717599,-0.008505685232632967,-0.0021411472362298537,0.0031150267994957638
2022-01-21,-0.0022297487159572958,-0.007012532546215995,-0.0009940458626035045,0.003999552327020597,-0.0030543649741876094,-0.013039223987440677,-0.004107831395733721,-0.018249951492933215,-0.014917415688338261,-0.017220769335380484,-0.010018649890129403,-0.015642939906785253,-0.0007708557608985306,0.005102099545958123,0.005308258121492842
2022-01-24,-0.0003871443697346351,0.00592815570978699,0.011692231512211911,0.003025862712266885,0.019004593533586328,0.023356854190798585,0.017202334717627808,0.004898343873484498,0.015242121765640302,-0.007256158591633817,-0.0014617784945574115,0.004328892076961037,0.007431046623435795,0.015080610967985117,0.007796416922966265
2022-01-25,-0.0033100993749940744,-0.001354067854547651,0.012265478100984148,0.011190025180214034,0.0004634996942493607,0.0325574236970733,0.04221462974777166,0.04264248682561889,0.03910699284263872,-0.004952961839195609,-0.0028621341069796137,-0.0032173383695095546,0.014304370477590464,-0.010912718126486257,0.0020457110735847698
2022-01-26,0.003472040162476576,-0.0034814952261631813,0.001001733510094948,0.004900929002474398,0.009743071472283937,-0.0033865984183178693,-0.0025109552683864975,0.011815009790435345,-0.0035406035220836764,-0.015497124423331704,-0.01825507845214857,-0.010847651387392038,-0.008260945121666138,-0.0046620078223961045,0.00364145195843982
2022-01-27,-0.012532127066444899,-0.0037196186593571384,-0.011937649619848615,-0.0006984310493802779,-0.003321397893405209,-0.004177046853890379,0.024654765025274354,0.011447032922004368,0.008074744572091803,-0.01638986378317065,-0.011774204647659157,-0.027396147067483875,-0.008421496734058995,0.010161149350529223,0.0066709966146924465
2022-01-28,0.003561678440024508,0.0024946078235352455,0.008486123141325609,0.014314736028221012,-0.0006579493176327696,0.0011061599680742464,0.012276352599493346,0.006046310465667348,0.009177855514747384,-0.024701644600513755,-0.0023445397313892587,-0.005377315041267161,-0.012171675098110367,-0.024223799983620717,-0.01513589013783843
2022-01-31,-0.01435596155387189,-0.008887688063175133,-0.013894521728589241,-0.003491787545729268,-0.015378649903748064,0.02746871425141883,0.02242658861525839,0.033509549531493904,0.004990779014615941,0.0036570350180205966,0.002182896545451226,0.007341740837048253,-0.015661398703057935,0.0005511545610640141,-0.008816938831000737
2022-02-01,0.00926046319141318,0.018409956564220092,0.010947857495925611,0.006137260046493283,0.010607117846563267,0.0029454105029539466,0.0048768046991164524,0.004007074690674505,0.005566346861860704,-0.004897205522969153,-0.006383956057269315,0.007405846627289603,0.005276021964484343,0.001337285019209258,0.005923875690026746
2022-02-02,-0.001774658104601345,-0.0017048025551900442,0.014154742560929554,0.0063826506505967676,0.01501654691668572,0.02423711680625962,0.023583498049830058,0.03416645046500315,0.022411863846735675,0.006172949348767184,0.033959332400899794,0.01998029306469254,0.008806886001440428,0.008259242753290225,0.01745019229528045
2022-02-03,-0.0005422322652195851,-0.0003825539914369944,-0.00592036646476334,-0.0010455453088195378,0.006313158262940754,-0.026670412360075113,-0.03213188936039292,-0.01867670121959731,-0.03808750558271657,0.0002937221265581309,0.008215297722029506,0.006529812077776299,-0.00029511865361866747,-0.013210160342706875,-0.0036732829215931884
2022-02-04,0.010922074884884527,0.01413553130695957,0.007363372646122843,0.009678307291884597,0.0119632114564804,0.022510769503620208,0.023643291665210283,0.02913193271864091,0.03449815516195624,0.023481231822875162,0.020418888949295937,0.015484750554914594,0.013388648581154863,0.02275554112913041,0.021543413861547702
2022-02-07,0.007128159859072499,0.008804738817233905,0.0011209816512953155,-0.0036515322889326017,-0.0035775941103728575,0.04570025511170455,0.038064865811425944,0.036806526691380674,0.05592284839382509,-1.7233933707025938e-05,-0.0014918504131524804,-0.00699993626978647,0.016328474946558702,0.011107139382316618,0.026148160268564265
2022-02-08,-0.014686284304158182,-0.025128198490264327,-0.03135063491196606,-0.011997877568230817,-0.012166907988168356,0.018586928890541053,0.0613512743884484,0.019020706411366307,0.03219386233111813,0.00035969012348830744,-0.028785338423882277,-0.012777148204392826,-0.028471941239942324,-0.036264496586574525,-0.014019820795088607
2022-02-09,-0.015258491143253646,-0.025968356316474237,-0.023745918947559126,-0.012647513891914836,-0.005591643551636627,0.03957249950677591,0.0427112162858352,0.03298422373453338,0.04236890650062285,-0.0071147519498998175,-0.0021927437928673695,7.945457688810983e-06,-0.021411537805352085,-0.017325077878017014,-0.036340878666684624
2022-02-10,-0.011636211723748744,0.0036358675349135,-0.005695657783412946,-0.007420694084432651,-0.00502787040091606,0.02568825104724667,-0.013031175118660542,-0.007573225678566931,0.01572997318762511,0.020261954664109547,0.027546232111478566,0.02363384088976059,0.022391940026261718,0.018830156861012533,0.016035323770050926
2022-02-11,-0.012712451631481044,0.006215051602899561,0.0021981447875400475,0.0006850426945308988,-0.020166493614501197,0.01794450825785409,0.03169459882919649,0.02584606965257671,0.029203884275359908,-0.010075987122443768,-0.0035842282166319104,-0.02041017946882724,0.005714513935715095,0.01068341539253018,0.006418943205674556
2022-02-14,0.005013370692179145,-0.002687620207189402,0.008186444507567463,-0.0007659319661078247,-0.003608866902725911,0.024252670682826633,0.020887001118446488,0.03157319947922473,0.030170033564648396,-0.020287983017382927,-0.004445103822233871,-0.02312162887764163,0.015387217349892457,-0.0036994083864710274,0.003871282792869033
2022-02-15,-0.017622085768466092,-0.01478716750852832,-0.026293932840954767,-0.017993579431702066,-0.010662505182222079,-0.004992694737981775,-0.00026314271137992465,0.017058372651341067,0.01448091069249762,0.0026590832560667013,0.0037731184993338744,0.0006970969802966315,-0.005699560488861781,-0.017228667092909895,-0.011324827256156706
2022-02-16,-0.003122479815795725,-0.002303250371743585,-0.0023966055370232553,0.008269802299363346,0.000792554206471196,0.011386906432216775,0.019225382952155222,0.016203533570458586,0.012721353559270815,0.025325574138205582,0.011167818166099889,0.02044946284477457,0.0014120108932338697,0.011396410640179402,0.009589857461004672
2022-02-17,-0.002862727449125917,0.0015982306966723812,0.008730893303891912,0.007561687689631409,0.004872446848886277,0.021701741469480243,0.037917604358953444,0.04164971344859235,0.034909812941478685,-0.006773876574289619,0.0030326416942459368,0.00245736057018467,-0.0093160275990259,-0.016152447905137417,-0.016779024259808782
2022-02-18,-0.003156494531660623,9.887514784438257e-05,-0.013453441678477004,-0.008082516703379027,-0.02077244234287654,0.021807619039251342,-0.01211836027516066,0.022770394008052683,0.012712953682651844,0.014656426507564213,0.0016067209753893707,0.005522939907343698,-0.012398757511917978,-0.010492113145625495,-0.006742232103837342
2022-02-21,-0.0038018816714731384,-0.004941186981521629,-0.0025555742536774316,-0.006909792836960551,-0.015659878614477936,0.053349435867365444,0.06398106709752432,0.05508455388580011,0.04353009409056847,-0.00628953319887917,-0.0073294970754855145,-0.01079552410904104,0.010262395865273291,0.01456435949803782,0.003941253474793424
2022-02-22,-0.010430008475595522,-0.01161223981205583,-0.008868371183514641,-0.009575421028456097,0.0008263555509920549,0.04993866010268041,0.037973348577855164,0.05461928807538471,0.051747445595841476,0.016370124570041524,0.01300593792084113,0.009074091075553539,-0.009952199946547433,-0.013105310147035348,-0.003990240473164794
2022-02-23,-0.00145441041616003,-0.004207955988289005,-0.00432138865731525,0.005170508465506595,0.01346706861705517,0.0077634905356204036,0.005812142603072303,0.021796005008011564,0.013651949533161508,0.05339460638859035,0.03934374197881193,0.03926444277632556,0.011841695700644321,0.015550629336231102,0.024580211365151643
2022-02-24,0.011323902519918902,0.01996911050027637,0.005475231322958017,0.007378613672668724,0.039569129498166405,0.08112731443759703,0.09322126445131176,0.06396790820448246,0.07165483643435297,0.06463331995110236,0.04768256600972544,0.046584269917091935,0.03064165024329392,0.020952329127516718,0.04068070236910668
2022-02-25,0.008045069634431926,0.009551006449527534,0.004660703342672545,0.007250709318989559,0.023140248957325964,0.01712141039424091,0.030169096300533025,0.05037842779320946,0.023581027286795057,0.015526392269695153,0.011539830159794196,0.007176697360701477,0.024196033901931695,0.010520068119433873,0.02044926593039325
2022-02-28,-0.017096046148117508,-0.01991905194709944,-0.030352045323784393,-0.010866750219905227,-0.015339501442193374,0.026122230816483294,0.043796814226310266,0.034591611374796584,0.035978488932825806,0.002551395990892668,-0.0011499711272300837,0.0007497178484774415,-0.006810017560195755,0.005011307377593426,-0.00917848880270308
2022-03-01,-0.013167265583051733,-0.01036396299893263,-0.004836517423202397,-0.0039447725819650075,0.019348005548020134,0.022027678105252683,0.018991672641149364,0.008159209423219974,-0.003158771474338476,0.006626544677563281,0.014789213158467814,0.01727792593573641,0.002037191894265507,0.017430385202552492,0.01390933371984374
2022-03-02,0.04805863419531167,0.032892482069105396,0.030578742289371668,0.03297529739702019,0.05108082372000233,0.02025580459138436,0.026123844069346404,0.028361112282382542,0.04595046685783587,0.027731758471163513,0.03331739330994689,0.027688631373450946,0.024499758937386724,0.011831976902354121,0.022188050465367103
2022-03-03,0.0041293727210488474,-0.013751060495430963,-0.0003284925288521189,-0.011540803282319503,-0.003559602568177245,0.05609571106648968,0.041106312732100234,0.04368649429367953,0.017021290498760493,0.011124993831709937,0.008509419145463538,0.008183707418972255,0.021705912210680967,0.014780033635560883,0.013123312725016361
2022-03-04,-0.011500148396094556,-0.017273065159818572,-0.005632580180618343,0.005222402304004938,0.033945201493966314,0.03897096688846825,0.016940786123829953,0.023875824896684543,0.02639176256503822,0.0002113092216152225,0.004725582714924088,-6.139327936783602e-05,0.04143981160404736,0.031133544213038288,0.02627343916065209
2022-03-07,0.021013188304725868,0.016212227409804273,0.017210575107753652,0.011369483321832484,0.01073522429638712,0.042282358606518196,0.060535348745783646,0.022642650121883656,0.061395662230941915,-0.005441029625308021,-0.0028053310203141196,-0.016283716472292785,0.02099767146306095,0.023403954356976273,0.011671864372477053
2022-03-08,0.01880712032900071,0.016698936748045106,0.020171918442654896,0.0067938499497748415,0.013818866312069637,0.045802411904524803,0.02418839448538827,0.03174753452391353,0.03421392508236216,0.038451189650513945,0.028427492474346994,0.025686087696973257,0.01644056289410335,0.012084353020903743,0.02226121502534394
2022-03-09,0.010131334639887394,0.0020975882027733524,-0.006645902978260523,-0.012425062633130467,0.01669067696106342,0.03513540694048745,0.019149247184604843,0.01702627271640704,0.01213445607618871,0.00899407827993853,0.016034024575425916,0.018378706216475207,-0.006122611973238228,-0.01312883122023459,-0.0016474619259445556
2022-03-10,0.004697440112440061,-0.0006092326976583355,-0.0053877872594729915,-0.003435406609583315,-0.0008414145230412149,-0.016736506504193165,-0.033332309842878695,-0.0004201609963560768,-0.014135346084349909,0.005202665204363123,0.011190466987802667,0.004518934989084362,0.02547673095752797,0.029264329384096906,0.018976191791959897
2022-03-11,0.00242072852965175,-0.007163999481473895,-0.012850933359981444,-0.0010496905004706118,0.008761796978470357,0.033372299423665916,0.060821778253138295,0.04780395844356167,0.043512712523183804,0.004857201432869825,0.017814190687118342,-0.008400825240573123,0.02271861832612384,0.026910106266975785,0.01736375587730339
2022-03-14,-0.004818400786978414,-0.007299753517090864,-0.004687759168204739,-0.006722334831633587,0.017277283313547734,0.022245828550536962,0.04411147580730106,0.04174816392735117,0.0448022993375468,0.0018102579619017258,0.0038330870127993915,0.01823111832955515,0.008424806293813356,0.025207611741259073,0.015104680927856218
2022-03-15,-0.006578059754419844,-0.014511328560241364,-0.005869933450239639,0.0012098525624539332,0.010388375648873262,-0.010203659717776429,-0.023587057271558815,-0.011184642784869307,-0.01598485254229633,0.004389562901068929,-4.981177126771059e-05,-0.007482280906888945,-0.008661452660581367,-0.01738792861325786,-0.00538021465340015
2022-03-16,0.0005423818796920776,0.0004093934714843898,0.0004903632664320888,-0.008162208668739715,0.030788202931680386,0.02601901832648993,-0.011862855160829158,0.027037014510380382,0.013063963280907477,-0.0038630913505101295,-0.0009692849252879972,-0.0052453187002850865,0.002691816490855019,0.007506289717104214,0.008869076922397506
2022-03-17,-0.001937030368338137,0.010303510740631737,0.0008187919568647967,-0.0046479672178935776,-0.020476839781147668,0.011637597640199542,0.01344341566743398,0.007248958382828238,0.014985782280037375,0.009771956811192114,0.01078344018231268,0.00717862076327009,-0.014543895118843131,-0.01035980717368095,-0.015845066099061177
2022-03-18,-0.007054209666214556,-0.007470522420955613,-0.008946999211481503,-0.014346873188350501,0.0191555785989497,0.04966533644583605,0.05505480721862284,0.052296070360128,0.03561858630165107,-0.0018999281126516722,-0.008889360326222638,-0.008199113313390686,0.0031093576306338282,0.0219850461439789,0.0043807934206047915
2022-03-21,-0.005747405431556544,0.0009202623292069471,-0.0009089679462609907,0.005108673976141548,0.007394622288575502,0.05054196188350693,0.034387428785495514,0.03982617646177952,0.027536327090626395,0.013398044711969603,0.00527106126768105,-0.004661398333090981,0.0025870577427670794,-0.00850112068731739,0.0052157975773570245
2022-03-22,0.006933937843205401,0.015530575575343538,0.005557692083247914,0.0055685249930093935,0.004556913177143315,0.05381120300378862,0.037343119123305756,0.038496860482903586,0.04038335109764597,0.005501554422935861,0.001361121336625538,0.012734282786753919,0.005893947429595996,-0.004516609782121666,0.0037814037652120604
2022-03-23,-0.001272716493718875,-0.001052767451707997,-0.002242738953964073,-0.006030963141220841,-0.029634157696754312,0.03650394390509082,0.03618221610881822,0.030251920651418067,0.014056139085499119,-0.0031219729643283166,0.0009821356133237957,-0.012569471352852291,-0.027202242087643637,-0.028737036061044982,-0.011646213582069605
2022-03-24,-0.0019581498606849866,0.0016132043309719452,0.0034422121676053147,0.004091584589972637,0.024358702501240004,0.03274390054402762,0.01257785808056079,0.0337166500222315,0.029620312946508714,0.00910498764642003,0.010323121669560911,0.005255118973372755,0.011912050834237266,0.005212131591134294,0.0026704374087768382
2022-03-25,-0.01765368620310042,-0.008406765124938709,-0.009329495947885433,-0.011735200098514894,-0.003860584884851034,0.02337124140664943,0.01796198134432714,0.013206553030624733,0.006041784390991633,0.010766707748031262,0.005604243649848664,0.009356900861120638,0.009898311185001105,0.008080920372189332,0.017123677786665948
2022-03-28,-0.00698273287644563,-0.0012825556473313941,-0.0007855298776308756,0.0024183077105474245,-0.016942989572289936,0.010240796310493771,0.04218227389232761,0.022537655994321615,0.019466639321892562,0.005055413968687549,0.000766028054697488,0.003943746552441717,-0.005338174010235621,-0.007871086509996994,0.0006326294998990943
2022-03-29,-0.004489956038722594,-0.007651056038769026,-0.0031155383710141102,-0.014359758732165849,-0.009993601921124931,-0.0036435629620419976,0.005573754692845443,0.01052746089494722,-0.015165360174799636,-0.028574706085152873,-0.018532037804237133,-0.014888151377796345,-0.018484423443671842,-0.02443513687095724,-0.019224706968164848
2022-03-30,-0.0054506133561783915,0.0032332623031234753,0.0003180237796167754,-0.011658937419735931,-0.01818164754907549,-0.018819189264719635,-0.030755406983671338,-0.01004854079272548,-0.04945031407176262,-0.010450673413429128,0.0041939232830906946,-0.008092463112639028,-0.015627513405455044,-0.015245170691694815,-0.017375581261073938
2022-03-31,-0.005113183388181361,-0.004706321707151165,-0.0069105136244522105,-0.004111495080900841,0.005331279145394812,0.04430336783027378,0.005831209095888534,0.010953391863008246,0.03656299402993995,0.011584078594230728,0.0084795285416265,0.010785373353890324,-0.007507433616278501,0.002251917905524932,-0.004006138348398391
2022-04-01,0.013330360079340752,0.011576292997787124,0.011046297296683577,0.02095056478855944,0.02282504434943409,-0.000928828500929825,0.025241803881051253,0.022371883568838465,-0.004323957847614093,0.015913040091144227,0.016019666976816595,0.029121661657489292,-0.0020280696103666964,0.01062950113931469,0.0010550594112289612
2022-04-04,-0.020792568014581292,-0.012796843107339277,-0.013447307659933657,-0.013802269973982565,-0.010461095114488138,-0.0400160554657203,-0.028211120621759123,-0.02852107004679256,-0.039521441411849864,0.010294779177787868,-0.008005818817609998,0.004062155366063301,-0.023789079963344412,-0.013366688389608132,-0.020916499400371855
2022-04-05,-0.009035466329716977,0.00733484778916849,-0.0033357602932329363,0.008327120832998159,0.023913894983840174,0.02261819830349599,0.0037955260296392065,0.016647496342316208,0.01607564622108204,-0.009802489238331215,-0.01092205719149786,-0.015741407831048663,0.032489996997459435,0.027385081011982008,0.027636117102822738
2022-04-06,-0.0032167308968249317,-0.0018648196052357077,0.004210364711838419,-0.019488630183889865,-0.004636382226479666,0.03184517011354707,0.02765763998514706,0.018851529199465866,0.04041362522935814,0.004569015107676476,-0.000711205795063148,0.009787134522595284,-0.015268427070603736,-0.007597234146530434,-0.001477851652268789
2022-04-07,-0.0038634750281114345,0.0016477836745833275,-0.01585164323268165,-0.004970105289740985,-0.01094170789664725,-0.020889612553877446,-0.013314640834121795,0.011270187688773959,-0.019776887788135404,-0.004314002101311868,-0.005470966893375093,-0.00500111589840917,-0.0012869943381379502,-0.0007678140667383676,-0.007779961701385348
2022-04-08,0.0020278941608647006,0.01590951178283083,0.013940307093920124,0.017288841062435015,0.03641453198097541,0.029861965534126487,0.007754739240266487,-5.972468704439071e-05,0.022784446374542727,-0.004382685998914761,-0.002957128666104097,0.004742608637957882,0.011149877166627126,0.016280947233240518,0.008373760546359896
2022-04-11,0.005748044671239717,-0.007525065084292782,0.0061828034841769994,0.006039598117383262,-0.00034134157271651245,-0.0029633607363461836,0.00400533685452671,0.008634343180603039,-0.0035698251090918367,0.0030296319579488865,0.005320793107895594,0.0063255506752460085,0.009104182718306299,-0.00925897162639519,0.0024407637483933814
2022-04-12,-0.013825927679643496,-0.004422092774457627,-0.0019858692229596277,-0.01612557670509672,-0.0021415067297520084,-0.007794694815360022,-0.00646140533006476,-0.016029527239401868,-0.0032036559684639736,0.008539216671777391,0.0168566094531407,0.01108761837852207,-0.02238845242695423,-0.013556519328813833,-0.005445338044522643
2022-04-13,-0.01580768550696183,-0.007558633097413848,0.0011274637214995515,-0.012011336384408457,-0.0035341557245238435,-0.0012391833708323818,-0.018147420481801138,0.0003497715917045903,0.0005669753655471871,-0.0018891711493724175,0.0023814066021222526,0.010804864423602945,-0.009532735459431365,-0.004177702562724466,-0.011440713402126313
2022-04-14,-0.0001897153195823129,-0.005747171881691016,-0.002853629757353818,-0.007746891249168009,-0.010187644681665043,0.009721297052178477,-0.016354968721199414,-0.0003191497607923626,-0.012316049981360041,-0.01091560117403063,-0.007580457781148059,-0.01486729922647945,-0.003395657405579541,-0.01806757562044245,-0.013466362543602589
2022-04-15,0.016212923881062775,0.0015213802555532514,0.010466377880592449,0.0046518877355485235,-0.01014184761217918,0.021016936645838015,0.030008725521888203,0.027103954470022777,0.02885170948974013,0.0046378736154674225,-0.0034110029267004367,0.006536552255559948,0.008936718120456304,0.009655399098771198,0.012642185877379194
2022-04-18,0.012944037601004698,0.02016071263281735,0.027164395265832038,0.013598531234652872,-0.002238629721629838,0.012056393392282327,0.014772611722246577,0.017833130108092583,0.004601465134750017,0.007469111490407422,0.0046524340350068884,0.013359568845094951,-0.004420193340978941,-0.00988686987833319,-0.008664227323271
2022-04-19,-0.007239397922412202,0.00400587553482735,0.012668849320268422,0.0007363526228070911,0.01634784135695645,0.020331085862273217,0.018455876039490563,0.0053474091636109495,0.005581489782147681,-0.013385070709231901,-0.0063563622933981625,-0.018144693056071626,0.00455631674620603,0.0019866178265290652,-0.002892432066765511
2022-04-20,0.005192726152367265,0.017616719577280233,0.01670457164971984,0.020789816588843213,0.01609389960032267,-0.005922562058318313,0.028633224496876594,0.024655568042168167,0.0031730785732967644,0.002886143047131772,-0.009116121631413015,-0.008858435007574522,0.008231064102770224,0.02059652068839299,0.014184817013830344
2022-04-21,0.01322602513036932,0.017736623743595963,0.013798542161612951,0.01362444681018882,0.02276092675891045,0.009316227156718648,-0.0029343934740621554,0.024676463821359358,0.01036897149967365,-0.008248902181068047,-0.009738361020343459,-0.018121537299456657,0.006428335729715915,-0.0008033875144314842,0.0004981540348683801
2022-04-22,-0.007847949398560471,-0.00023297701524497422,-0.0048049779464129465,-0.009000164630728169,-0.003056300745725231,-0.02682273220404828,-0.01141098719377947,-0.01779673526566808,-0.022435822720690238,-0.0076912950229804395,-0.014245155468625583,-0.014568860220197188,-0.004698788232015138,-0.0014291320301987368,-0.008490793905257225
2022-04-25,-0.009454230781410975,-0.004749898972005359,-0.004582513088676911,-0.004875233451167952,-0.002061576303848769,0.026664462666464453,0.018214663584188058,0.01608706583007035,-0.005521257059622652,0.01098481273073353,0.01842635108263452,0.0044491390226581795,0.009007073328886775,0.016547820912971148,0.016207670014180758
2022-04-26,-0.011254344543365725,-0.01636922099856577,0.004100474933433939,-0.014785264761660356,-0.011063195249779976,0.017428173415829022,0.01713654342487463,0.006374748944109112,0.0014800114033891704,-0.032798012940542055,-0.031718520682547054,-0.02415821779982879,-0.010401248937823114,-0.00268294425382628,-0.017661100466544476
2022-04-27,0.01289964695110647,0.006985989917687758,0.013396006171759504,0.012048119940826312,0.004257928225177066,-0.0001312537671924103,0.006606721239171122,-0.007715816824147775,0.001940108275490082,-0.023377764607952996,-0.002402214876744202,-0.0076265777018233345,-0.014336545157095669,-0.03400676240473096,-0.010356175594021123
2022-04-28,-0.014463308980481634,-0.022547834585661244,-0.01319859420028895,-0.007732669270471036,-0.001763076785864356,0.01768417944622511,0.038855611418468224,0.02511802901677166,0.04310682560094404,0.02588004511342307,0.02892054694222252,0.02270391589293364,0.01166309173054528,-0.013541097221027127,-0.0010725114346149278
2022-04-29,-0.007348765937115462,-0.01987277482838745,-0.010207576757764908,-0.014336858701991754,-0.002043192651860666,0.020306398701171496,0.02053720413408388,0.02304489254887329,0.028721130416887737,-0.0014370893034536558,0.003267020898096965,-0.0003746356186227367,0.02646013761243858,0.031101581339484638,0.03227906761726529
2022-05-02,0.012019835401168166,0.00966754895098327,0.011539755630068644,0.00436786849833949,0.031015327361630853,0.0014862773519393922,0.00692654690924821,0.01913632160587882,0.01750535198385257,0.02900138215915261,0.027816508822211275,0.025477352838700045,0.012724366157667191,0.014584355041536103,0.005323830092148576
2022-05-03,0.010475157125099867,0.0020617766884283937,-0.009389822363822027,-0.005217002186632524,0.004311524517047309,0.005615015319996611,0.02391373379297546,0.004961475296043293,0.00855665633917267,0.01379918094804428,0.00629611293246409,0.015592256518439106,0.00993210668426284,-0.0006182049410358869,-0.004046013800848618
2022-05-04,0.005644177232551786,0.0020751221937074585,0.005869678870833053,0.002510830320136115,-0.006429053334148624,0.04672170324602388,0.03942226044643981,0.030962599724890044,0.02137742449016087,0.02282905189792839,0.012686552691501488,0.011148076396948411,0.024156151989932748,0.0177624126047236,0.02101172124770831
2022-05-05,-0.014523913806091679,-0.011308228024101651,-0.005857622586533152,0.0014097148496502896,-0.01174745135352077,-0.012716793306824539,0.0005952382629555572,-0.02552643488811261,-0.03045826161541198,0.009566097829232954,0.005131059083373392,-0.003866276112284373,0.0021436757957734236,-0.009344965071545756,-0.025004743782573495
2022-05-06,0.004648643597048287,0.005374793157141606,0.0009576773898858325,-0.0007448815078827204,-0.009959943479662418,0.012928470557059507,0.010666382784203381,0.0008423815271790305,0.014930439812758566,-0.012376619072043972,-0.005791091577289172,-0.006662918047131483,-0.006364486493535622,-0.005914749216892184,-0.0046816014304916906
2022-05-09,0.012979466794332772,0.0034065847704657483,-0.01328804961670069,-0.005653715624853404,-0.00987277712772717,0.017644118764665297,0.027031411502225697,0.020831526024869644,0.03227556184269085,-0.0059181064672764955,-0.007015655802506445,-0.007484527797642402,-0.01781295654582415,-0.021428442673192067,-0.013384523233332736
2022-05-10,0.010301813318720241,0.02012623078892275,0.023543770864273863,0.024046252362650587,0.026113359934687705,0.007641693128570766,-0.0045389372978171,0.013330409571308986,0.024220855778790663,0.0320686886904701,0.037034758511044576,0.02889969003290046,0.015429936970560516,0.023487206437554243,0.0255248851518581
2022-05-11,-0.015864314184281168,-0.007618108113112684,-0.013749891389315089,-0.004022771463079338,0.007730168845375918,0.02889136901855774,0.03180738664590662,0.014389750849829172,0.022154639570795418,0.005374947877144633,-0.011722676080695554,0.005848566407310379,-0.016480616124188406,-0.007794683205212477,-0.004857393221320186
2022-05-12,-0.005228909639837672,-0.00445372722757675,0.0003397270361986237,0.001215523357424809,-0.005202538902684371,0.001249796460337121,0.020572898165827285,-0.0007613514160569533,0.01648310329042118,0.0029765492813496725,0.0057664913724814176,-0.009277174434252786,0.010328890012109815,0.008505869205329527,0.01290133393322763
2022-05-13,-0.01333474396497579,-0.010718587340195805,-0.013464560298209177,-3.631381502375557e-05,0.015934177479142737,-0.0008782534137455503,-0.008744405261142696,0.008547965906079048,-0.0019324876972454754,0.009303374898223953,0.016541856844864988,0.003995031142337707,0.01577537268584691,0.01804019699154444,0.022443025280000584
2022-05-16,0.002786758772348733,0.0017428579922499094,0.0020811082659939984,-0.006979443478280702,0.012866008446205184,0.012041928504610305,0.00877439317489036,-0.008791550213957713,0.00842475280387665,0.027595504784209638,0.015121747640942042,0.01778718114869145,0.007954418282871802,0.01894396263798839,0.009957449001166328
2022-05-17,-0.018001319181655977,0.004084281823141762,-0.012270348804255402,-0.01179703461156726,-0.006362537784979158,0.000539319221878135,0.0007045705801004227,0.012355371499775582,0.014448870157830961,-0.015663100887287684,-0.02766305625979356,-0.028770994387629936,-0.0035165603857698377,0.0010168527582824411,-0.0028096624248301317
2022-05-18,0.006281443961059233,0.00131393784028583,0.0026215337633818613,-0.007930704238773055,0.004535541081581813,0.017623437078177893,0.002787438989590742,0.005334527685922158,-0.002564514406048542,0.026619844904134462,0.016180074072918414,0.021245003470960287,-0.006816161039652514,-0.0006465276659339985,-0.008212466604060324
2022-05-19,-0.005297180811593477,-5.6806558478530306e-05,-0.0023416655668815067,-0.0003738048067340343,0.005023725727163912,0.0038611328348483426,-0.0025897149623744747,0.0037340645715460384,0.0031119623271789816,-0.003147372732529827,0.008722208853304521,0.006469259074669704,-0.013353729056561911,-0.02216565780364002,-0.004308676998403387
2022-05-20,0.015614476303781068,0.012684862503960911,0.005471358889585361,0.011464104759372274,0.019912306407509232,-0.00032398444095547535,-0.018889507064306744,0.005092283902849805,0.01129543554772625,-0.008816847021602878,0.008260167143544103,-0.006519312512580415,-0.004984419291978552,-0.00164722516378681,-0.006783759299476373
2022-05-23,0.01757243239422885,-0.004205264345238831,0.015870858108276244,0.004514006428884512,0.008519223289904176,-0.026930056492597883,0.0009933302296194553,0.0027426757017132066,-0.008971920876651506,-4.244320818834222e-06,0.0047355364862605364,0.015964315601055254,0.016305525922301906,0.03562983123843872,0.022696966479395623
2022-05-24,-0.004146326841362665,-0.009402168035109296,0.002472822938771404,-0.004249879783520548,0.008962459290746162,0.02520394815803203,0.017865172677395416,-0.0035029337976329117,0.018000006059086658,0.002784819817266224,0.004521067178947932,0.0073945429789068,-0.005617773318956457,0.00940912895047651,-0.006566379129032082
2022-05-25,-0.0242971550528895,-0.026076865275689188,-0.022351951568773853,-0.01165067910504191,-0.014463741725474686,0.006084616049979728,0.006090348371187196,0.0175695997339634,0.02082124783283557,-0.009337631449997403,-0.010149140560689078,-0.009938327834932474,0.00214334536274094,0.004530964447300324,-0.003353647425401487
2022-05-26,-0.012174539608157686,-0.01020244289705057,-0.018138214157652426,-0.012948807515002016,0.0057373444330027865,-0.028039083808642125,-0.013079789272338585,-0.022197722645510877,-0.008428669734537398,-0.002447521794175456,-0.003777553743322766,0.0033313508837507,-0.013772449416784677,-0.012590323391025619,-0.01894918738465405
2022-05-27,-0.0012506494383447086,-0.006088732291228091,0.006400994864574959,0.004309198752367483,-0.0010706867156629347,-0.010818325877338848,0.008018362854182663,0.0025305482549173386,-0.00806418846212826,0.0018655008513019133,0.0007874265308874792,-0.004286177656974341,0.014398258424628243,0.0005490765379290906,0.0017045510295835918
2022-05-30,-0.00975942218958216,-0.007473597107584476,-0.002528732632610463,-0.016101614482207986,-0.011849889810638892,0.023741263907156602,0.028078074360449894,0.006416863671822076,0.014560723744983723,-0.006643600664618288,-0.00229140066713776,-0.018407814937849036,-0.016925061206009034,0.002683889700718449,0.012707902375681283
2022-05-31,-0.0018123900136634225,-0.0022045554419715292,-0.0033116368678880103,-0.006391653701350355,0.010193008696573889,0.01249582345855487,0.01118002407529438,0.00868337094485881,-0.004899936680690635,-0.001466056904296153,-0.005950367718063041,-0.011147206272302106,-0.007087255940182922,-0.013919100134447759,0.003038384036325921
2022-06-01,0.007545967430600677,0.0067909903452408925,0.011895244266420628,0.011417183376363087,0.027872068597271465,-0.01669608420195172,-0.02149749569624699,-0.010887066919930811,-0.0012785226393431227,-0.00852135066013875,-0.0035416836861833527,-0.0047275399339928754,0.013149458406315378,0.015553117760451636,0.006944694735713355
2022-06-02,6.609110840993674e-05,0.01285676762058385,0.009579303178482042,-0.00591699014390911,-0.0004095416677297008,0.008053824101820237,0.014346363928661818,0.019978661797067903,0.006048755278910735,-0.01664319647981864,-0.0043167678543602995,-0.010794228350640594,0.0028149758426706476,-0.0037838677124848574,0.009668109052457621
2022-06-03,0.003314116990412992,0.01565169462686518,-0.0029619537957011038,0.00686314267534574,0.0025312434295674574,-0.016893860817715784,-0.016748572081669216,-0.008433217151744209,-0.021649693577834687,-0.005400596564371356,-0.0007799590299029278,-0.003021011267241322,-0.020303741429106698,-0.032314898384607174,-0.019957103181071544
2022-06-06,0.010567569308946223,-0.007683030515338612,-0.010482704994634644,0.0014908017247700005,0.005353010535071563,0.004350624051922246,-0.021978180544054197,-0.009677309384399282,-0.009106338728995904,0.011381707018318084,0.019006376874386863,0.01708425720136235,0.008307382238761443,0.005432207632789193,0.01096478083132183
2022-06-07,0.013878593278930516,-0.0036508915252297996,0.00776147349268015,0.009427785298326198,-0.013197280884012468,0.003184433366226942,0.011049884096442336,-0.0012949963903247297,0.0023255732747244364,-0.011967907357192735,-0.005986094812221461,-0.017308369549330665,0.0080306090334007,0.0047244773891532525,0.00876432401070334
2022-06-08,0.004147634090665661,0.005608516171765982,0.013952602151379764,0.003392926586361242,0.010926273427444766,0.009856049682844176,0.040120541728534326,0.016283438333227117,0.011548091890931946,-0.0035228805270494765,-0.014696871831175903,-0.0067876084971643744,0.0007181172660018092,-0.014372396318151775,-0.002500226050575041
2022-06-09,0.0034490995779045764,0.010464077854728106,-0.003940222021816316,0.007371369146804425,-0.01891939932522905,-0.0028187996135502166,-0.003744741046019688,0.014809582491973165,0.007671395200671017,0.005429676021823955,0.0059952884389509195,-0.007379054885156702,0.007246481937637404,-0.02360675765840048,-0.007261126501658841
2022-06-10,-0.006182381127777016,-0.0005357186868804693,0.009610846975404208,0.012030861930705522,-0.009184794302930762,0.02607336797317345,0.016074217226930403,0.029205452974864855,0.02205966364458902,0.007295311948734052,0.01020031386226485,-0.0003786906568965079,-0.011980574493047165,-0.0076064896569720255,-0.01088918264551934
2022-06-13,0.0013497759591242957,-0.0002367098842572992,-0.0048510626302896405,0.005130366014940891,0.027235262384790425,0.01091106999129632,0.023012810875156674,0.005530054560025408,0.03849112487023212,0.009225697768818937,0.020079083600914198,0.011873084262193084,0.012896990536009552,0.021309599080386613,0.015498608851744476
2022-06-14,-0.005334773291740485,-0.014274805973278563,-0.008776839077858933,-0.003607350479180425,-0.006683525425180073,0.00018729088197978912,-0.0022470552022555964,-0.005729411823910348,-0.004696877856445971,-0.0006360692162935411,0.002113650208744824,-0.00786023966092731,0.021572624240364338,0.010247764438396388,0.018116900783963195
2022-06-15,-0.008210957764495722,-0.007411610852548302,0.00874232284837806,-0.00428478018670256,-0.001754915009086733,0.006451188022053472,0.0069430633861004955,0.008160637504098144,0.00835895534656809,-0.01860530526489869,-0.023798313832659207,-0.021855024853048632,0.0011158052503413751,-0.004657882696065488,0.006333725372107641
2022-06-16,0.0013833475369164332,0.011547158200939198,0.006968920135059571,0.0021200695780893408,-0.0009698133825909261,0.024138232691943325,0.032625801586497125,0.011459536910627031,0.02187603358158996,-0.01837198206591089,-0.02388213121460109,-0.0068730753926756465,0.008122326826077383,0.009626733772204394,0.006747632125739738
2022-06-17,-0.01225087536231656,-0.013620547204146374,-0.015389846577293162,0.0012091420126343227,0.006531507299281248,0.031721891336727454,0.010266966064638564,0.0065470095948559565,0.033774184910101514,0.005301689277022262,0.008997362411439419,0.009566261476321163,0.004424618375539082,0.008035612271532568,0.010861793293859575
2022-06-20,-0.009856820548406536,-0.014854158142240798,-0.012947228112805475,-0.01545674380403259,-0.004935831068002623,-0.00749824987400204,-0.02412486236445976,-0.02322398597540087,-0.004660748539452908,-0.02091189059772073,-0.0014405248090542638,-0.004928289540014153,0.011097964062644768,0.007231920872019414,0.003354929736891607
2022-06-21,-0.00554485137207384,0.0015681873464424327,-0.003594920838242959,-0.0036314886669967603,0.01072200209781415,0.01659367733093418,0.007988259557008364,0.0022031416982646436,-0.0023355902366870704,0.023001340289752627,0.011769891000025933,0.010661887272502559,0.014197989925957217,0.010323083272053012,0.005408474960249866
2022-06-22,0.007232507596813997,-0.0009414430275426489,0.008502929931122994,-0.002750800899275192,-0.009581789021921689,-0.002009345202339804,-0.006487952745225618,0.007264709460471496,-0.02282685273339828,0.002626252929101534,-0.006929749115944907,-0.008907175457607247,0.02004147110980486,0.014357440235784743,0.009918806262934931
2022-06-23,0.00019609946968637956,0.00017124011789998407,-0.005452337571144492,-0.00845357935456008,0.0009260788746468713,0.007881656767819777,-0.011422820460699718,0.006448402652587682,0.01695645250004008,-0.0007707555441084039,-0.0027241672434058345,0.011187413752061753,-0.016173528631266254,-0.010937471107692118,0.005177857553691139
2022-06-24,-0.014919027435314383,-0.006789057177605904,-0.012855714597349164,-5.737050498177444e-05,-0.0008362776694136584,0.02057752898483609,0.007931006024971004,0.017081636848174805,0.024365843531464725,0.002587998538532207,-0.0027480734069045107,0.005732615204616504,-0.001472680235594109,-0.002358168388788957,-0.005599006711925947
2022-06-27,-0.008967472234928137,-0.0012314799676817058,-0.006200658679353887,0.004798719993271826,0.007180548800426651,0.003181623790872918,0.002140404457789763,0.0028572896475265066,0.0022876986473733952,0.017989797692937525,-0.00038703938452899143,-0.002306112584894446,0.002507038137096281,-0.0011367747997647773,0.010415436469018075
2022-06-28,-0.011626584023165583,-0.008452601610769295,-0.0023575472045671477,-0.011460738199877942,-0.014440022432878648,-0.007176270477434396,-0.003960243883537966,-0.019016896168837876,-0.017133283839800215,-0.0035362016459030638,0.0023270203440569114,-0.003460781445343449,-0.009295021942957924,-0.01249726292091549,-0.0056035460869666145
2022-06-29,-0.002257967306005435,0.013605072141392777,-0.005697297475205221,0.0014913825071018688,0.011061558533808918,-0.0034678658101656734,-0.013618371980512236,0.011594158619764329,-0.010202937472277247,0.005990926343754007,-0.01512117348804594,-0.01272927670447158,9.042343079103441e-05,0.01018396871273654,-0.0029048009409306428
2022-06-30,0.00896187944803168,0.011192402858909857,0.006628036102746604,0.006871007495605737,0.00588685310997255,0.0007961788894780283,-0.008492267393769591,-0.00831040837344063,-0.0049386164685816395,-0.01674494520422999,-0.010425461547327528,0.000422005723323283,-0.00305883522955723,-0.011892193724386083,-0.0023122529005399233
2022-07-01,-0.01334759629002051,-0.014134972608355141,-0.023818287969200207,-0.017605034381331746,-0.02930506719851925,-0.007244179631171912,0.018995202409116816,0.00538658028638177,-0.011775972332028649,-0.013861533116231528,-0.009562423034900725,-0.02068875229383244,-0.014875330479377098,-0.0030896628700254024,-0.015074731749002647
2022-07-04,0.006601270470864546,-0.0004958135767244641,0.011166539948480107,-0.004556135408071183,0.01902918024153781,0.03073173790013368,0.019579723681441792,0.00010192459261838807,-0.011849136984925731,-0.00044619211281166896,-0.0066570805445358705,-0.0019015111532210973,-0.011134939449484857,0.004282853218852098,-0.00662382973643314
2022-07-05,-0.010755595018805127,0.003531777545577806,-0.010259262506111269,-0.007812510421565468,0.015861517780162298,-0.0015103009109264517,-7.951649832733539e-05,0.0032297187971518653,-0.0025442411611540715,0.007103411642762683,0.010526963725030857,0.005249361744621616,0.013126990084666237,0.008452548722513942,0.011261211315855137
2022-07-06,0.017260063965197723,-0.000758646857060937,0.0034149852552287224,-0.008060182511024803,0.004322310885353366,-0.003920914191517036,0.016355566599909523,0.014661681423627804,-0.011714327853463819,0.0027679181614964415,-0.003979193933969994,0.003825535271256059,0.0054161685805347685,0.011754854484916177,0.008375836795609234
2022-07-07,-0.002858207102194945,-0.005137800739273987,-0.004546034877051186,-0.00991604998310817,-0.01271508716744285,-0.014796921303582192,0.0055695883564821445,0.0016824091886778827,-0.007428108697539579,-0.010127960023341088,-0.016961366053455537,-0.013261073496601935,-0.002803470398774642,-0.0014345619986680515,-0.009500209838766696
2022-07-08,-0.00947656031117404,-0.005296333550338413,-0.013364241018350168,-0.011211314801210931,-0.01426419849666742,-0.02978405072336532,-0.022824128720199517,-0.025028867881006434,-0.03635670572697006,0.0020106333975269375,0.010369876349389564,-0.0037899348311727743,-0.00148698521575375,0.004921063662597052,-0.00954919441547683
2022-07-11,-0.00037795934780297455,0.002290925503421534,0.0017010964828862904,0.004384596558707433,-0.007006725510413341,-0.0032931507672619886,-0.008175179160642481,0.0025942183046377323,-0.0017226032774953388,0.008047954090328848,-0.0015855706025864993,0.0049289416622506615,0.01628031934587014,0.018252261314398364,0.0018835358063441227
2022-07-12,-0.002868958741902531,-0.010809279149964886,-0.007012452903250344,-0.0026569350454635162,-0.010926523928283104,-0.0020851821856925877,-0.011839610520433677,-0.016835434824235412,0.0016817684028903289,-0.013784697496969686,-0.006265540052067777,-0.00048212925809777387,-0.004809804309520542,0.010214274167890116,0.004855347700638534
2022-07-13,0.009964619657885787,0.004136239673319294,4.408068025937915e-05,0.01460127471780923,0.010199067875095431,0.0059277238214501685,0.014842432031674074,-0.006555582542022814,0.009954291062932474,0.01546261888355855,0.013913081582506008,0.016918409716645384,0.002803347108107668,0.01105739649478219,0.00852446698187919
2022-07-14,-0.002491594977034727,-0.010205317243351603,-0.010414087694619252,-0.018444157800113246,0.021463193557815664,0.016236455963434614,0.001850427233022504,0.003994778238749968,0.017375603087440798,-0.004129905757072816,-0.00719744870698311,-0.008562515307837375,0.012652495971822029,0.00612875621371374,0.0042519513730765335
2022-07-15,0.005483378865135113,-0.005097042683822517,-0.0016670366278383718,-0.013153949287976717,-0.008846555678975129,-0.019346917653287506,-0.011296610873481034,0.001144784728944287,0.0013801662458306678,-0.009353300170042994,-0.0018296898021157863,-0.009864795339523818,0.009236099109058964,0.0033768779735932632,0.0029081516816942647
2022-07-18,-0.0016818389757238964,-0.007728061083259401,-0.015521956260182206,0.0037355983222365904,-0.0036749275195833795,0.00501594029814388,-0.004984447989516738,-0.002502192876210435,0.008988608873054516,0.0032567503557598193,0.009748203567687281,0.014920535077469472,-0.008934510743138438,0.004416811611436898,-0.0006332831618821107
2022-07-19,0.0030622841950430934,0.006938105417493573,0.010242601113747826,-0.004345906440929137,-0.004265927227681534,0.008848510025386926,-0.0061889018987877804,-0.0024950922078423765,0.006844232424538363,-0.007168243328227908,0.012546451150078361,0.003493803931570886,-0.005112514984315052,-0.005053320456332394,-0.00889997218573643
2022-07-20,-0.004647246057045684,-0.0022548320096566895,0.001473565884166215,0.006640345494840277,0.007231176736117764,0.0034488539032735675,0.002874959034664871,-0.0025518135537262545,0.012469273764985031,-0.013610599547898743,-0.01029764064567503,-0.003870490505839126,-0.004164973610999627,0.006595188905065486,0.007988909630011448
2022-07-21,-0.01421929548039223,-0.006503791672172722,0.00475989915149158,-0.0038005376096125294,0.006442529171739303,0.023352762212402838,0.023820783967118085,0.013790569269150194,0.004439372036692266,0.0017818065540976982,-0.0025046343274109113,0.012252092142321808,0.007657195653303264,0.016214975114780192,-0.0031345961948823055
2022-07-22,-0.01178810618607085,-0.004075296494033091,-0.014798876851209768,-0.0044336901726527295,-0.0034436432071544287,0.002859775264627875,0.004308363230109974,-0.00017817242216485634,0.010248426457628244,0.005759193967797081,-0.001584816031680457,0.003440851310020168,-0.004961667385895087,0.00016510045508293247,0.0027999898446487725
2022-07-25,0.009143944233027296,-0.012441277233003492,-0.001704633038905906,0.007390381422241007,0.0006348325707023364,0.01136762331957972,0.001396293732843495,0.004870464474705051,0.00892730532749456,-0.00025128296563655127,-0.0032334526555909127,-0.0014114404472065198,-0.013767243728859426,0.0032431877046335757,-0.005545907849070847
2022-07-26,0.010552959159118077,-0.01227075548458749,-0.002749959746251363,-0.0010783686541006316,-0.0009868581269241892,5.190265298504893e-05,0.012938805175245273,-0.019075485954802886,-0.005524525715782297,-0.01715446444329429,-0.018803495203006143,-0.011456051424775847,-0.0035185809947703597,0.0006467889614358687,-0.007332871035135217
2022-07-27,0.004406137523993009,0.007217808575559932,0.0030371525075077125,-0.004539825082528432,-0.016482145825466945,-0.005566845163037014,-0.01871964898464699,-0.007036217023539792,-0.01518802588882231,0.00431092306074674,0.007854575989714183,0.004063355083986961,-0.008502064690915452,-0.0182720423254693,-0.019899835579523698
2022-07-28,-0.009321103512354493,-0.0018042673244613916,0.004603226969851674,-0.0003717269396009917,0.007228551863120946,-0.02524554030883627,0.008196820875694167,-0.00682793768236387,0.004906854775292664,-0.008864351596837853,0.003457722663638948,0.013867400518783645,0.007709231437429381,-0.007440560667925136,-0.009616631267693505
2022-07-29,-0.0035517434953402064,-0.00028528734039918015,0.0024030138388299992,-0.012121098615847287,-0.01314896013079466,-0.021269781877277693,0.0006800522636239259,-0.008198546891185956,-0.0060443846959765445,0.0106732819032257,0.0027471363044469102,-0.0049330938308142225,-0.0001019634906238638,-0.004803117143911667,0.0009321890386991865
2022-08-01,0.0070668088435656,0.009386161414859463,0.0026983008962833664,0.002567302240101096,-0.007812804527888685,0.010538310262844248,0.00357088433446323,-0.010280218688021531,0.0037578811523315946,-0.0037865486585896223,0.0023680440716729134,0.004822352057217732,0.0203978688325227,-0.008241208751934967,0.008526460802948053
2022-08-02,0.01328872414160832,-0.002485503596961701,0.0025304631827719197,0.015378599701241832,0.0157712544540009,-0.0018257848150398468,0.0114156661364059,0.0006828659891498987,-0.00579660247271264,0.0037611504998038164,-0.0009845161317524273,0.003353427696090099,0.005341910982220374,-0.009313307892888596,-0.004485141188461487
2022-08-03,0.004010580269016232,0.0034424667232370314,0.003933726257325931,-0.003476725686533084,0.004665681854254743,0.024142430857248296,-0.01375123395472394,0.00779669265771524,0.005631130324646748,-0.0067532347655594694,-0.0012179082846374798,0.004107543690031634,-0.006025193356444598,-0.004199846227076493,-0.013360228712838094
2022-08-04,-0.002117392115664309,-0.008270962780793676,-0.0015340480060613655,-0.01347502570502393,-0.008044382450162287,-0.006815642249970154,-0.009331676051839894,-0.0038902880659617174,0.012575840924778498,-0.023930544537716293,-0.026610193433724002,-0.02018436202423145,0.011006399201368701,0.011775315554787643,0.0026844129785839914
2022-08-05,0.0077116126823850205,-0.002663252695217443,0.003004219735688996,-0.01075981343646469,-0.00353163462423201,0.0031989066873205894,0.009576533690720318,-0.008854143362572843,0.013814787595842853,-0.0034298166220669553,-0.006516616903426088,0.0052773575646235665,-0.018158666916158247,0.0002945762022629713,0.008076621678072094
2022-08-08,0.005103002077918657,-0.003453063489747739,0.001113872851563947,0.004068850840355099,0.004008163074656945,0.007791248794111861,0.003946692368297221,-0.010157792333238536,0.015129163001923194,0.01401691390811868,0.003730051323650141,0.00713688717012132,-0.006178212627489511,0.0011613030374655043,-0.0027811599665909003
2022-08-09,-0.002605266368212488,-0.005676178796220694,-0.006747082975052539,-0.005399551430057189,0.0069608119903037885,-0.00016145743066161314,0.028534413694041652,0.013330264359681872,-0.004611404792127786,0.021553912462293785,0.009789030217191163,0.03319670459148115,0.015773870055456322,0.007853795814460156,0.02268647307028162
2022-08-10,0.007289195219626383,0.009322617807319883,0.0035843041014021644,0.009420727597756846,0.01628992746974614,-0.003951861265718585,-0.012065444074204627,0.012685428503094225,-0.023249365398049632,0.014435919289392736,0.013386693474858598,0.013576093774657487,0.011063381148312247,0.019006686764819605,0.02408490077276411
2022-08-11,-0.008274128994499617,-0.0014675096745747525,0.002763397583833124,-0.010792591780920721,0.011355944640132834,0.007616796583993129,-0.004251049537558584,0.027079166041335003,-0.011836525825428485,0.0014971827411664692,-0.0016466210870346419,-0.007923719532373972,0.004238181777398709,0.0010364510708968184,0.001791922810124326
2022-08-12,-0.008256191476860839,-0.007372067999541943,-0.004662903266990418,-0.01528476443020629,0.0007637867475692064,-0.015708116279656962,-0.010786575032068584,-0.012146538759465593,0.005462036968209165,-0.007205314582982611,-0.007451351139485047,-0.006530310303998062,-0.007132706345850524,-0.01442987962289588,-0.012912082126151187
2022-08-15,-0.0021088160501723527,0.002225465299729905,-0.0028600544796701334,0.0038343782111443857,-0.009297794293265634,-0.025113983220285317,-0.024688383880675947,-0.002409765614521791,0.004979674616978717,0.0123549138731109,0.011065530655799601,0.016960592130554182,0.01129149441706934,-0.0025260205326681257,0.004277671762954879
2022-08-16,0.007539544821014302,0.0016273486707520154,-0.009522691854622845,-0.00010840265637271189,0.002095527909662488,0.007071651739402114,0.012447295848942793,6.295617813966893e-05,-0.002559886147519231,-0.0032326346053172727,-0.004037078979071677,-0.004536876517393499,0.003989586332628514,0.010091541429919212,0.0015963419200436758
2022-08-17,-0.012432249810447568,-0.011204376380788146,0.010181235671667975,-0.004644795572642982,-0.009901563960286488,0.026062922246453107,0.009000012621543945,0.022963043856291287,0.011987413556358833,0.001019877941350805,0.0019554274045576214,-0.010042592294546814,0.002990208984741042,0.005371069672917836,-0.01038136616633067
2022-08-18,-0.0009574166324445126,-0.0008220674777094034,-0.0010331999387730687,0.012320721696198786,-0.003442763180847154,-0.007362500997591964,0.0037855677998763714,0.0013418308527903666,0.0006978950922879638,-0.00021310758771053877,-0.0041550653468358815,0.0037005090023115757,-0.0026220430749039317,0.021492765773995105,0.009074701252748434
2022-08-19,0.012229321417724197,-0.0024304342770103318,0.006232946443977856,0.01022850121442857,0.0013958572653990139,-0.02633270297746985,-0.03446289477059152,-0.00918791083762355,-0.020629107430245482,0.008112560462325728,-0.006334374583070536,0.004785956297862541,0.005270394658202186,0.0016502672330591503,0.003113776182356959
2022-08-22,-0.007788329521078705,0.004078170396196009,-0.002886375955408667,0.003128433892222969,0.0018523940862251501,0.004888463910737581,0.002731067126720186,0.004939594253874389,0.010376777100466548,0.006362780022922777,-0.01064596837079578,0.002849446080271052,-0.003133142886854879,-0.005407606604647991,0.003762832913777748
2022-08-23,0.006510437100949597,0.003726399829294624,0.006863273436439141,-0.004757099553927159,-0.007173935624207517,0.01784366647147127,0.022086043477644705,-0.007805336281365699,0.010118147975579727,0.03167760267003213,0.021925912003930875,0.02735469327237263,-0.0001416051517582592,-0.005447597766146343,0.015226412968306006
2022-08-24,0.002932688713058118,-0.002515725720020752,0.007203818268680863,0.013435490673833707,0.0006468914826492492,0.029268969597622752,0.04003733388556796,0.03176227990691437,0.023819536985277983,0.02295217505378175,0.0036087220575452064,0.0211596805903775,0.007906848881293704,0.0063037406666335005,-0.0023288075257451614
2022-08-25,0.0020312207035312058,0.014846044532921321,0.008139789426770842,-0.0006979745584554196,0.005945609470709468,0.013530326323692212,0.020725004903704488,0.0035144938438481954,0.009952164301740384,-0.001869924825116439,-0.00018414472400356166,0.0038630667641982035,-0.0009063876442504185,0.005150601215551419,0.007598318214897593
2022-08-26,-0.017738487360327206,-0.01774692321974063,-0.009445795334870765,-0.004838879885583007,-0.005549933746681156,0.00034065365595587757,-0.009460378533664411,-0.012780917197616147,-4.038159284994911e-06,-0.014197233470670858,-0.0020719510895928525,-0.01650936193974177,0.016236266156817364,0.008269640634823635,0.016289543157765683
2022-08-29,0.011770260153954073,0.0052743648072408455,-0.0013111960853055041,-0.003684771495323818,-0.006057994447387692,0.008088762333108117,-0.0015812066972950363,-0.01993934495547025,0.011066558533652742,-0.0024100028301532505,-0.006734930799433585,-8.418053466823396e-05,-0.007760238453030638,-0.020658138995224645,-0.010205780728335853
2022-08-30,-0.010553571868434402,-0.001163143496008795,-1.77795114636118e-05,-0.009591779229948472,0.009903184204316401,-0.0097606263846231,0.0075061909012170925,-0.0038721981204306085,-0.0035063222015162946,-0.0027055883297501093,-0.006895107624014243,0.006597187318705879,0.00878437148637266,0.016963487727482202,0.011482208278211042
2022-08-31,0.011064200363121803,0.012703665701026332,0.011076442848694707,-0.007765458334247584,-0.009302028419834508,-0.0008719134240881023,-0.005268531699476472,0.008086501730429274,0.00210917238985886,-0.008990723210167046,-0.012177636574997647,-0.011360255709697037,0.007192160376680769,0.007528758704922574,0.008476395287106355
2022-09-01,0.01364031699065351,0.003034219929297763,0.016954539666801882,0.006207272727147545,-0.002161310445189129,0.018161442047582445,0.017790823483214747,0.007640005065848649,0.025852957778131187,-0.00854103576477146,-0.009014374021671052,-0.003508827772733297,-0.011186273220793321,-0.012202845738253901,-0.02125572050537305
2022-09-02,-0.006378729662053139,0.004972038113823823,0.009929467291178181,-0.009096586996662924,0.0014932896583346482,-0.0068952578464583645,0.014623420577404124,0.005100519239733754,0.012595898130578927,0.004992993016329124,0.0016294609368468647,0.007083772409566288,0.003525469626218483,0.005552405202045722,0.005074883379421679
2022-09-05,0.002406207455495242,0.003889555556009067,-0.0007039977413085758,-0.0028891792126997324,0.0030428022771234403,-0.021468455805506114,-0.007936044928198249,-0.017556115971701376,-0.006722323467736013,0.006277007368859736,-0.01216513199657329,0.002266722172114329,0.004151667197540414,0.009396356703744294,0.0036672331513740823
2022-09-06,-0.0034442124652945497,0.008859438522196289,0.008771008613917391,-8.442210612938473e-05,0.0020552033002212183,0.037383639638276754,0.027557643931330214,0.009043323263202244,0.022544338851488026,-0.0031144114532768536,-0.0009604268196232478,-0.007660291988931811,-0.018078823091576577,-0.018342897580835234,-0.01572669834146988
2022-09-07,0.008253373762289545,-0.0018893183742437793,-0.0012817244048359926,0.011436645825406717,0.0022950988589554174,-0.006561318692545726,-0.015971429465647325,-0.007887741020668498,-0.010265232489324533,0.0007191001072124465,-0.0030908099365464983,0.009566679542631872,-0.0005297970626107021,-0.006188561931571349,-0.00834362941765937
2022-09-08,-0.00964810524063634,-0.005075835566496692,0.0011160978611805192,0.003515655138028968,-0.01027452982946307,0.007421925603592454,-0.007235874718848568,-0.005904665995870609,-0.0029192400260316807,-0.013058921606586884,-0.010252219229416071,-0.013080383675563077,0.008431295239793081,0.017227816798025698,-0.0017798431555439518
2022-09-09,0.008679208447440455,-0.0038463471485604573,0.0029888955033671007,0.004317080374862907,-0.008314202295405193,-0.008887640069908317,-0.009316246289130838,-0.01617531394302855,0.002635652684921813,0.01321924126260221,0.005415479054556111,0.015829931110342917,0.009731099967808262,0.017238766810453658,0.01721789680281214
2022-09-12,0.0092540598820022,-0.006178514870953666,-0.0052673815713235855,-0.006915947245252102,-0.00590972309120436,0.015077473602174134,0.003604010236187381,-0.006828857055094106,0.011007615985876918,0.001511458498507913,-0.0004846107895542428,0.0012349896591101182,-0.003078735972943303,-0.01433256865229873,-0.01190553378289207
2022-09-13,-0.003734094587939667,-0.005481554325728699,0.004538934216586119,-0.0010450869750335179,0.007063990698767934,-0.007063734903138227,0.0011932631923022362,0.001174758571279293,-0.0017233875662627752,-0.002305846068819241,0.011545733625060828,0.013124902008377359,0.007317767474674921,0.0056360213422517146,0.0005363079677963527
2022-09-14,-0.004820096600109823,-0.003927628613471165,0.005530754570328103,0.00858955954376519,-0.010882204040612123,0.0001273578307026312,-0.009230074899132098,-0.004813015706218703,-0.016641428020372776,-0.008804705750139127,-0.011931877412635093,-0.0066180714234169635,-5.7025592852453954e-06,-0.009297703092539418,-0.00016196674954054708
2022-09-15,0.0020075013996865925,0.0045914051387878334,0.013182877198460261,0.0032735768346211,0.02085961289365005,0.0027227114433672466,0.0103705708559418,-9.580956966736045e-05,0.00668028029529559,0.01102366647936371,0.014768823243303123,0.021000145148385867,0.009937906009042442,-0.002791915204662284,-0.0016505119828888223
2022-09-16,0.0028688642222863096,-0.00908134525454283,0.002145745981157264,-0.0056008787254137205,0.001048349992989747,0.002813076723846725,0.0038692460134695673,0.0036986534315502184,0.01614556125291375,-0.011224611319988744,-0.0034787558511126912,-0.0069700195560142494,-0.003308905953789497,-0.002589691293905879,0.0013260168414940797
2022-09-19,0.011134091207709,0.013124618339967174,-0.01185474263568721,0.006763569184738641,0.008073826759904382,0.00801380093883493,0.001750083240332511,0.012622909687564464,0.01874860012189752,-0.006257174383992826,0.0009400795300088429,-0.007447257183583602,4.752242450338702e-05,0.004531261288335261,-0.00030116924745271544
2022-09-20,0.02122550565525247,0.014620662855413618,0.0015972180751566718,0.01193434091866099,0.025725836009040697,0.01448003454526494,0.015789434983534613,-0.003609835614977641,0.013711411968472928,0.017423786493191512,0.004484668650082246,0.020926246464347653,0.0013695124169362516,-0.0019647028639543282,0.0138175693848934
2022-09-21,0.007414541267067695,0.014089495833764207,0.003918958067250914,0.0036508607589747105,0.005337297974972452,-0.012936790437662648,-0.023191101315452746,0.008141784407427815,-0.013772475807883357,0.0025521837125940883,0.006404293490186511,-0.0029382564293059903,0.002770526402156851,0.008794238285264834,0.00470612705749054
2022-09-22,-0.00575065585252944,-0.01001429689743776,-0.012322440050384485,-0.007599675187915078,0.017523231622164806,-0.0221676114240996,0.0009398265385137613,-0.012636545261732841,0.026021767798792877,0.020539234323142214,0.011533139953307932,0.015870758480578298,0.0024026745246507625,-0.0008917313390762371,-0.004207979684742216
2022-09-23,-0.009477209059093904,-0.0030158452404456908,-0.012746737622746774,-0.0018498837145460014,0.013115448107290264,0.006077099191628331,0.0011784684762543571,-0.008082954630531403,0.008037916811108098,0.0019800404688381772,-0.012879142718685836,-3.198158835726546e-05,-0.0008265354242686981,-0.006362024839005501,-0.011427520650708695
2022-09-26,-0.00797319762289771,0.01592662771229348,-0.0035873318862967253,-0.005696005417450347,0.00925138747871246,0.010514758722017766,0.012456228139226793,0.004209101318362116,0.00883222895803031,0.00011444932158001288,-0.02363232235524833,-0.010665565925283366,0.006720062195253767,0.013844477517268024,0.011133487914051082
2022-09-27,-0.003182809355641619,-0.007324636962009602,-0.0019506475177911817,-0.0062384399648568335,0.00532617453725889,-0.012226769550870159,-0.00942635129540258,-0.002345425308931346,-0.01785469918422182,-0.021672081975664406,-0.007893035643788735,-0.004536364794747165,-0.009082901501123362,0.0010860313129030317,-0.021700652856868622
2022-09-28,0.008668792697495261,0.006165628070243425,0.003316682723619826,0.004461791750862128,-0.009897007451449774,-0.004188622246742913,0.01937669058575986,-0.02115131141721106,0.0031442099384613787,-0.009250139491139817,-0.022255030457235942,-0.012791861640827287,-0.00266419305502827,0.0028489821185729526,-0.004276721945476578
2022-09-29,0.009291662690121265,0.008094801590988377,0.006943031095713949,0.0036872909762413267,-0.0005665009689346625,-0.0005199182928549652,-5.8620656255114817e-05,-0.014849255959492097,0.0015356017654387687,0.011345840087257815,0.007708754630341927,0.0022222166026055414,-0.0015013758713230151,0.002943840275958668,-0.009948712385797176
2022-09-30,0.006225529730795011,0.018964642822840484,0.011493336124436261,0.010066629109123601,0.022690920607506746,-0.01755665551552178,-0.014795887836107767,0.013613929025349872,-0.011178554551999023,0.020525259695975153,0.021175148645363902,0.015361092955442338,0.00887710854520603,0.009142139182899764,0.006313838786963227
2022-10-03,0.003456378802231699,0.015153045973408883,0.005732082038767135,0.020824355432158007,-0.002569156558606398,-0.005250327566032218,-0.009899960910437629,-0.011990511104722448,-0.007439409643813323,-0.005239572417240603,0.003591330720625769,0.002561601367791493,0.006716367403260638,0.009876043267974744,-0.0023102317728057385
2022-10-04,-0.0018115056080700174,-0.001973093528138504,-0.009375374636878833,0.0038139975762054904,0.002105433534149581,0.009895073710885811,-0.016097150777762997,-0.0017694620137499104,-0.014142861892162443,-0.0003663533554045602,0.015116471247405738,0.004553560475789555,0.0013942166650256376,0.0009977458007453,0.01470373432536304
2022-10-05,-0.0005911619286499449,-0.0041592222888277505,-0.003246054380035015,-0.0008234938798555749,-0.00345706930777516,-0.022082189290746332,-0.002882982626531772,-0.001958803290290986,0.008264661109002215,-0.004381634068399516,-0.012808609609646911,-0.01963068110402707,-0.0040905529348947275,-0.012471266317261524,0.009425262838855497
2022-10-06,0.004737037453886474,-0.004403194380102409,0.0006122575070374851,-0.0039523468438891225,-0.0104320336084453,-0.014800280435030998,-0.012011851130174637,-0.01917632335048722,-0.01743770832972706,0.004059572733666497,0.011730215837553612,-0.006300992937569663,-0.005257848265196197,-0.00449695669623393,-0.0008488324943992826
2022-10-07,-0.004447716508018383,0.012644188766676306,0.0031466200601420035,-0.0011566056255238382,0.006155225672144911,0.01697122547790894,0.005016467318424508,0.017971274113411543,0.020905176647885163,-0.004433013872241382,-0.002952156562447482,-0.00829934938510476,0.013403291477440947,0.01970415907064481,0.013844244494906717
2022-10-10,-0.007383202528104635,0.007925137614526038,-0.0031546423182670716,0.008516909519433664,0.0057562776464792145,-0.005247029955357736,0.009038122979936013,-0.0062571627621332195,0.012718707837268247,-0.00940537545967837,-0.010068927503678105,-0.004198228768215403,-0.011467679133948836,0.010159772027074684,-0.01090096244397618
2022-10-11,0.0009552812600882726,-0.007319210312122971,-0.010643463842632091,-0.0035421434888021903,-0.02183908196671712,0.0026478573012944932,0.017825958992396473,0.015905133308212506,0.007678836626439648,-0.004316379900704586,-0.007551635678294869,-0.0072642682314069725,0.02126965137791734,0.013196339312100831,0.016863592527025656
2022-10-12,0.010937964966816894,-0.001450656540263604,0.006626939147116116,0.006325661938418751,-0.00574154704489146,-0.03106740453835092,-0.008096159716137885,-0.022767594746515338,-0.01706942473631488,0.016400725701179605,0.010388731178629977,0.004382162658938392,-0.007592145169121468,0.0003681152369603988,-0.008639596543317089
2022-10-13,-0.0024099023168536464,0.0013556401353063807,-0.0006529570505109145,0.009957511124398799,-0.0027402586954417205,0.006236540588723834,-0.004470285565899434,0.02471234290475371,0.002667958016473208,0.011665211248456646,-0.0003629889829168502,0.004791296513926846,-0.0034630225158690494,-0.0032786924358234374,-0.014298593613726802
2022-10-14,0.0055988731075689475,0.00690393191845688,0.001760089683943848,-0.0009627852997921866,-0.001742925280751918,0.021123787848484368,0.026236338652163137,0.01790575129499051,0.01932988691631353,0.017623782895974615,0.008915776219278535,0.004589400228466737,-0.0001860607827267257,0.010947678113425556,0.0013542990654815579
2022-10-17,-0.00096291384321573,-0.008496804554142751,-0.009678253529656868,-0.007046084229559819,0.004703683718694762,-0.0019501807935478482,-0.015907452803862264,-0.019979277273400348,-0.01637730763930842,0.01170295043562657,0.012675185628077776,0.015351435112019819,-0.0038769326686541954,-0.00765280151547202,-0.010492974401704798
2022-10-18,0.0028248107358435433,0.006526473331714647,-0.011240571445824783,-0.00254214535102944,-0.009932765053871848,0.008235692450069878,0.018133559997661527,-0.006353528696195621,0.007955124076380438,-0.0023055318989014437,-0.010453708330103414,-0.0009816523084662902,-0.014455009447192548,-0.011345708355066403,-0.005180449380415035
2022-10-19,0.0011719091327758663,0.003889825912698206,0.002410115550763166,0.0023657870756725553,-0.0020193411501693626,-0.020904472651328443,-0.008065943876105786,0.00215063767294442,0.014533901987581253,0.0049715869960340565,0.006534682984932235,0.0075931195609685274,0.011191786280600868,0.007029638532283285,0.00047243219568848284
2022-10-20,0.0008888325027058415,0.0015632617410036352,0.0027391480307493647,-0.008903302654493536,-0.008171199919546636,-0.017773814574193508,-0.003083823075266786,-0.0025128149230258163,0.007577187334486018,0.013833678186676086,0.0011460008367804846,0.01022801726535697,-0.004514780760359771,-0.0037754698800642993,-0.007979134438175486
2022-10-21,-0.002091924279175473,7.421628035377166e-05,0.004889753550029659,0.0006664882805648693,-0.004136620468574759,0.0010086643252047644,-0.017755258978883866,-0.001875702766059832,-0.009483963210048595,0.0006296193185669763,0.00596561691444721,0.002920031971849464,0.0075621963256134435,0.014890037686950804,0.012533186960900989
2022-10-24,0.006104949735550289,0.0011804296548970634,0.008017921069805239,-0.0006826596360648353,0.0015577031739967533,-0.005022579715126002,0.01938391583041099,0.0014428632110565541,-0.013464844003337176,0.004737353184152231,0.01010492731924601,0.009943487917432381,-0.00874748284014903,0.008229867482056247,0.006362307682315025
2022-10-25,-0.0065323137359264176,-0.007197765778855444,0.00524555716630881,-0.007193260278234256,-0.008877110780322096,-9.924436976060762e-05,0.01181667005942811,0.006301751982260308,0.00021761123232471105,0.010679703706028432,0.005867229497702317,-0.00040710332763181135,-0.00824872518369071,-0.010549129735689961,0.00026958443932709707
2022-10-26,-0.007191078572871977,0.004597766768062631,-0.01429288533765706,-0.006897708087487266,0.0031487838543911417,-0.007996909206096865,-0.0064763396589511656,-0.009954618143766645,-0.006544556724946061,0.019695405172495885,0.010517196838860252,0.016282026719113947,0.000579337951737262,-0.004180964403469348,0.016474500040554896
2022-10-27,0.0018491050870900819,-0.007801381385852929,-0.0021719679178260785,0.0107127339027038,-0.019394069343143815,0.008264038707135456,-0.015172160637945884,-0.009785982155353787,0.0062487835217384935,-0.014969542890356501,-0.0036928206898726584,-0.014688963948921711,0.005368790790902334,-0.0008277767686803994,-0.0042155028348182045
2022-10-28,0.0073112520059170575,0.0161141141997909,0.010444935382901302,0.01192418166572831,0.0054090460565988496,0.002121126241749559,0.031068080813305417,0.017866444451510644,-0.008357790455178303,-0.00799058754093872,-0.0033903190343859317,-0.004185075384381175,0.011267903478840812,0.017813704424674483,0.0052489985816997565
2022-10-31,-0.010305862214293394,-3.306675021389925e-05,-0.0013791665841819795,-0.009327773493530929,0.0036123329632013713,-0.0007219916199242074,-0.004972199263346286,-0.008130334818363281,-0.01856261618703491,-0.00893136817418278,-0.01423541353843023,-0.00796316239446258,-0.003672914774621169,0.0022622506688355403,0.004066996173779724
2022-11-01,0.0014808522751245997,-0.0014799794815059763,-0.0023379009989516883,0.0013541666816930063,0.01184134213455289,-0.005287763211259617,-0.0020439280274280654,-0.0002921080511490877,0.010827079305743125,0.0056026868586424895,0.010681748045751064,-0.002597909295781367,0.007825731634054582,0.006373599255668203,-0.0001328616163874508
2022-11-02,-0.0017374492732767323,0.00404340020421145,0.006267479110036096,0.0017328097460441914,-0.0041029116885963664,-0.0004933985079353647,-0.0036581770318392195,0.004584666423248566,0.015950967514925352,-0.002403677558033717,0.0025915871101897707,-0.007002253492508847,0.010419391781861485,0.0034559548162745885,0.005416656517668187
2022-11-03,0.018499540873568678,0.014269889330957105,0.007459227238172841,0.0006568278260040833,0.016968970198694498,0.015488116973776365,0.004576857970034737,0.023782079220749784,0.00722890148191626,-0.017691417996560946,-0.00348832891348561,0.010839602643422925,0.02346598024106434,0.010436053216144952,0.025022140407641665
2022-11-04,0.0026349623751236928,0.0035223492572137704,-0.008308783174723573,0.0030237229072377593,0.013820652645387748,-0.02903008022076771,-0.022707543747274166,-0.01603987510582851,-0.013859686399220372,-0.005362318363662146,0.008933019205927236,-0.006103199553963117,0.020003110377723433,0.024061627069763288,0.01821049877865031
2022-11-07,0.011838702802065336,0.017152121038752632,0.01466994680607781,0.008949772381154545,0.004341900953908553,0.015324044879330378,0.012549715723903506,0.015238608971827272,0.026199602132354508,0.004968108979912769,-0.00299479446991071,0.01087024547168075,0.0044626459947874125,-0.008158288229816497,0.0030153692163610224
2022-11-08,-0.015482118199321741,-0.019872041013486923,0.002349971541043709,-0.006083870071915523,-0.011668503096126309,-0.010797889049415805,0.02023391348480319,-0.027168334809575374,0.001776740441907368,-0.008694379163395176,-0.008952270009025183,-0.01184051771964457,-0.022058673036052467,-0.026693120236406243,-0.031303680830725975
2022-11-09,0.006124414710043242,-0.003665554379959253,0.009791274309786088,0.005848890973640197,0.01503118134066159,0.011190706886799384,-0.0018227895363277114,0.01182105180222772,0.022332200649056215,-0.004807259860676228,-0.0020005282402495096,0.007907992633175341,-0.0004216101626525661,-0.011777214106764775,-0.010604347994948972
2022-11-10,-0.003799542231930226,0.0064325571627211475,0.013413375239688684,0.010292532240705546,0.0004374360648442858,-0.013281545654841766,-0.0014501761531374394,0.010901942223131109,-0.02083240715354984,-0.0048980416474214885,-0.008734415293219912,-0.002703574852902587,0.0014910522054082393,0.011283113682054268,0.005525383751974403
2022-11-11,0.021846310176118745,0.018957513480381747,0.012522458934686427,0.02876689423572766,-0.011171708780816521,0.010312854661414413,0.026652320629535816,0.009186629509943506,0.041793847648597005,0.00038081276307441085,-0.0004967977390338046,0.007651741548335838,-0.002021452986512302,-0.006746526164875966,-0.0045252499971404035
2022-11-14,-0.0015240794561564809,0.006620063188243567,0.01125038278387636,0.0009459811005614765,-0.0002600612650329071,-0.021548960198088243,-5.913987903929767e-05,0.0031788973519311734,-0.012006919544652486,-0.00046115905781975945,-0.0007063356965004318,0.007075706947772841,-0.006592150018537286,-0.0030897906480717684,-0.00886019563471804
2022-11-15,-0.0015303833835160863,0.0017396201749104404,-9.8283423254985e-05,0.010702268579778788,0.003477430758828483,0.011480787771793698,0.013454335935111379,0.010947412963698827,0.00644580220954767,-0.013483291761376245,-0.0007155139866075362,-0.01359578023386897,-0.007715329306665307,-0.010287789974464164,-1.0255992709280043e-06
2022-11-16,0.004392058007448921,0.0036400744407620125,-0.00024515602030392267,0.002875744001502496,0.0014561340588388214,-0.004530725768569881,-0.0025990952459155822,0.00017317887883356187,0.0018282733344318473,0.0037609720355910392,-0.0019022278276748547,-0.0029503843953548794,-0.01789262805845877,-0.011490788479234668,-0.015982443589503563
2022-11-17,-0.004504986800712523,-0.006254895285629476,0.0157107959961672,0.0004063703366826497,0.002069430102757586,-0.018848898084912254,-0.009074375264665153,-0.0011558204892104292,0.008457817873412266,-0.005179339614647175,0.0042379636728324295,-0.001425366636921081,0.0030086139578545156,-0.016548847541012515,0.00384071137511681
2022-11-18,-0.00272754425811791,0.004173534190590726,-0.010839386304953236,-0.001116562206229434,0.017861649547868515,-0.006689918779689992,0.01925473654233904,0.019448913554541977,0.03057409655028228,0.012654332572912302,0.010163181231064158,-0.006144697950525862,0.001813866586392569,0.006327793685676422,0.014449673507484304
2022-11-21,-0.0017367781949360586,-0.00024272462494926957,-0.001264360255651215,0.007207635689106026,-0.004324307484922897,0.0018598956340839948,-0.008027437143440166,0.0015340685735508665,0.0028852003100756094,-0.007773731008146526,0.0024507107245892337,0.007256615524773706,-0.0005587796621088592,-0.009891021727180399,-0.012929570440093144
2022-11-22,-0.008637751526622653,-0.003827523685303944,-0.005260411348236765,-0.01062991022905035,0.013047818007501436,-0.0023586019518708956,0.003529181209318966,-0.00966169828258768,-0.003027711053269368,-0.01093286431142046,-0.0023581974622199874,-0.014704180292156366,-0.006852544926253862,-0.00025497533250708367,0.0015856149538943723
2022-11-23,0.009361802327940837,0.0034620936115767756,0.013720278529215629,0.011836487131269297,0.012576028368730794,0.005726018821082979,0.0007410215433259768,0.022966570725602462,0.008759619029048763,-0.015409871427282661,8.737366517389553e-05,-0.011787269023596099,-0.009395658891514194,-0.0047622718817682845,-0.003276209147333455
2022-11-24,0.006638626843349739,0.012592653603766745,0.0117141815492744,0.01098015377481897,-0.0009684429584073306,0.03556173244029298,0.011705511595357734,0.02050008306506297,0.03369123778787499,-0.018733188281399422,-0.02153482930781406,-0.015894084352208362,0.0008345593519993493,0.0014633254149943032,0.005806278078710251
2022-11-25,-0.008037846137313344,0.007731922577926236,-0.0066622569229350835,0.0016243604111190234,-0.00024139336216243146,-0.007548972765058539,-0.01126297453815828,-0.014529436782004928,-0.004785923772586722,-0.007636054290122215,-0.003920030578409223,-0.01384375697057167,-0.003941550709508539,-0.0051089736155324975,0.003815267212314104
2022-11-28,0.008725933078450014,-0.009268384890525096,-0.002369268367185561,-0.0075904285552016,0.006539387423985442,0.0022139883324425935,-0.009847436988987286,0.006790741044117038,0.003822201104053358,-0.011345242957961424,-0.013257204530143764,-0.009269971960149398,-0.002073500815501313,-0.000772705333299857,0.0003322605395136352
2022-11-29,0.007754961699266292,0.008343318572297372,0.0011002796205893338,0.012265926357340898,0.0066762040711579335,0.0012288633316238332,0.00339048708501828,0.014339751712659518,-0.003890950878006584,0.009217539992242726,0.00259693859527588,0.0006115729595287875,0.0030846713292114842,0.0013850511618436166,0.006059507166902948
2022-11-30,0.015078408108960916,0.012707187012460226,0.023778534687882054,0.007290208605721676,-0.0028148220690693716,0.015185935155963332,-0.006368867831937025,0.005517392286002702,0.004003436480094514,0.0041156021131843095,0.006810296269620138,0.0016727555431292132,0.017383250654160947,0.011700851651747678,0.016202404245762723
2022-12-01,-0.010151064488280473,-0.001669137304639046,-0.000574738037049348,0.00019556680857045136,-0.006820847020889852,0.005045477312052185,0.013213927489270843,0.004412468057539916,-0.004272185121732389,-0.024760049566979365,-0.019387643620108197,-0.013476731027484513,-0.003792089635887208,-0.001822730974970399,-0.010460313696578603
2022-12-02,-0.00023815418108725454,-0.0050979502075023326,-0.00236626940165054,-0.004466050754350866,-0.003116543078297565,-0.01774860768614988,0.009202610597253302,0.009466998090279535,-0.007928577205266484,0.00038605914137740827,0.002404782802095198,-0.001791417846268721,-0.015439534401866142,-0.024061251560888966,-0.022111760463507674
2022-12-05,-0.012949861441476208,-0.007638354543365559,-0.011336061484353493,-0.012667752213397963,-0.009700272574180576,0.006022841387630619,-0.0016138053877577494,0.007791790110678076,-0.005824535086886807,-0.009454344977731212,-0.016797150983512164,-0.010347884105708374,-0.002914467974189339,0.010640321877069937,0.006998593930709529
2022-12-06,0.004424836075666534,0.0004139542092676603,0.007087570570719554,0.011431710508808451,0.014470311798391897,-0.005960393219557169,-0.001792023278975641,-0.010941913331721871,0.004457686451151861,0.014947976978368789,0.018085864220255,0.001149439406914858,-0.0004871632924861877,0.003859330835576917,0.008013415809474272
2022-12-07,0.006687014655603218,0.007370912638464577,0.003667909830427656,0.004978325897723748,0.0025958957838155203,0.00474228552555526,0.02661898127560591,0.01589820249735562,0.012952604821868679,0.004816981487962096,0.003566602447299544,0.011803394255623871,-0.023069993711750836,-0.010887911089169755,-0.002855530494666798
2022-12-08,0.007009005532765997,0.0043688121971166526,0.007247087806627285,-0.002911280522088223,0.001827813679724715,0.013148276880722193,0.0005348097164540792,-0.01022878845025798,0.013071890031605471,-0.002968331602958596,-0.0023503118489410896,-0.002670643611785358,0.009104253536202589,0.004244788574142195,0.001809191263303688
2022-12-09,0.012529146222431148,0.007258455465174254,0.011850045371829147,0.004604161346951743,-0.008994622460836927,-0.008724753191081444,2.5385487818321492e-05,-0.010352438936304541,-0.014496927753629329,0.007941031335441037,0.009015436569034835,0.002370894730499073,-0.009632895092099334,-0.0013180504858109838,-0.004371423217345847
2022-12-12,-0.004002234816864396,-0.003782437633842132,-0.008479981592560509,-0.009104099864379926,0.009972427138836379,-0.015106506216445052,-0.004955945623037738,-0.0018359194384839662,1.4406469468438744e-05,-0.007422301972938202,0.0026607867184667688,-0.010149523475567078,-0.007752845411678611,0.0021618955989004193,-0.005062848224097561
2022-12-13,0.01177132712933699,-0.00311639735859283,-0.002873082069914568,-0.0001731884306475544,0.012456726405572813,-0.00015057111293951923,0.0022050332644437537,0.021000242812930524,0.014806965339508272,0.010879119281059873,-0.0025433961583135496,0.0019300872471996367,-0.001938703225596296,-0.004769533996333867,-0.004953322314151296
2022-12-14,0.00732319801479199,-0.0010081575252558587,-0.0006909395427859917,0.00659992877692227,-0.003139638156746045,0.0007581898236040056,-0.012928806572456163,-0.00408524399168027,-0.023321925057552234,0.013403499295112678,0.01472540292035195,0.01199829444997969,0.007888050715639555,0.015700596458125767,0.006618519199428864
2022-12-15,-0.004594467096081509,0.004215692911778774,0.0017871451245724563,0.001479156854097063,0.012153023406346358,0.02319051555733734,-0.018680972015215368,0.030092570227687934,0.0171050976040551,-0.00026709617521819724,0.005256278167659789,0.005250311222750284,0.004998647842952028,-0.0006379381054591737,0.010403163591876926
2022-12-16,0.021231869450541587,0.01085198161392513,0.004681061851318313,0.0009439449710871729,-0.014811378294977485,-0.00938038864232869,0.006458795291029471,-0.016539770611886252,-0.00801561888105768,-0.0074355207202525435,-0.024730691824859336,-0.02248004162694639,-0.0005753908071057115,0.0026142852986667606,-0.01019438267003721
2022-12-19,0.008383556909177737,-0.004467924695919637,0.0065160517838630016,0.009766486762272769,0.018708087024007516,-0.009401491726936384,-0.0009846612535139854,0.028195819297600722,0.027620554885449185,-0.011958022868073117,0.003223318333598957,-0.003919820096480951,0.004692562516564386,0.009733008935006834,0.005476952340589369
2022-12-20,-0.016551217568449184,-0.008397316037512035,-0.004881473869741741,-0.0031402082724342017,0.00328571792496787,-0.012473877355488515,-0.009602629821229572,-0.011322623361196764,-0.02160829025906211,-0.0072197510707789955,-0.0014561380442116984,-0.001005829886692561,0.0014925113274996808,-0.005726216723679089,-0.002646298810039837
2022-12-21,0.012722015134904494,0.0007888889381107902,0.014465225187537518,0.0028878023995175615,0.016740587999142083,0.005605195576699633,0.026700030343633274,0.0035809105058800025,0.012673376135297024,0.003195783367149658,0.004883966443236574,0.018035605993789748,0.00019901291951252486,0.005964045528339148,-0.0013351731414730865
2022-12-22,-0.0026793323418896065,0.006306165904618608,0.0013923665018381424,-0.004683418427146337,-0.0008168661918047044,0.0005490902050458088,-0.001640564038445298,-0.01922583082827571,0.006280354140932793,0.009475762095797919,-0.004908398845028148,0.009356936465444466,-0.011662591742933433,-0.011625105444396908,-0.018267347939135016
2022-12-23,-0.009844238447030841,0.0073607523568901346,-0.009067037123929426,0.008628768137859805,-0.013288514407049173,-0.030666467513173694,-0.002705390048028819,-0.009468246464598888,-0.0166156938569467,-0.031371665251346534,-0.013737698093408229,-0.013218353346039954,0.0035296681515602103,-0.00493519622842193,-0.010442801588115724
2022-12-26,-0.014654432929748867,-0.0031082127063286258,-0.00797102293043905,-0.013243010469924328,0.013827981956142356,0.01761304347142729,0.026779614108590016,0.0010946796126794188,0.0026627492372201,0.0009900686921519002,0.009993478863049614,0.006895317992631619,-0.0045633653306664974,0.000533337797802154,0.00046780303072998267
2022-12-27,0.004726084350701716,0.009716006798390405,0.000383111768511836,0.008757659511743418,-0.0022241999933814956,-0.013554601871560346,0.012284252092363288,-0.013236882898050415,-2.994356705852032e-05,0.008575281792684766,0.012943437900425514,0.001169501686234256,0.007268279231348047,0.010781523500583399,0.0005682946928689011
2022-12-28,0.006110046096221958,0.005303723547972419,0.005956726485721299,0.0051153038376368035,-0.004268771275620097,0.021247779483958146,-0.013044878000642829,0.004272293297904999,0.0011835667321661626,0.005614585538162424,0.00233095721622839,-0.0033264766073028912,-0.0026267239499659575,-0.00031706550271909915,0.003927553709085079
2022-12-29,0.0071281482741893075,-0.0069073398694270574,0.002354974053487736,0.009133666589687756,0.002683389162675941,-0.012444770586347489,-0.003532825134139149,0.001250093796510101,0.02233091298283105,-0.0004440271402912756,0.0018418055081306866,0.000745927326081823,0.001797042150174464,0.014331583955046395,0.01276343199436672
2022-12-30,0.004390177802933047,0.011205624732657182,-0.0015691882697325835,-0.0025744973038959217,-0.01895194611383269,0.009030578264431927,-0.003761169397547992,0.013120957672949402,0.015629861771726268,-0.007079936471819206,-0.013386563148164086,-0.003674819692875189,-0.0027409703739384858,-0.007464081840023988,-0.0031491949541650045
2023-01-02,-0.0014492689889072092,0.0013714945561977363,-0.0070074285477539685,0.0004602900649236701,0.0042045098248789745,-0.0013546574516929573,-0.0065086390450760645,-0.020554742777790805,-0.007043179688561763,-0.008703417857659417,0.0035994040659596267,0.0017138832739510123,0.012119420287534929,0.02645826493159229,0.008959643176621648
2023-01-03,0.01940701232107394,0.008183787769226644,0.03250510099065049,0.006703385922550017,0.006472364000554799,0.016139279486915733,0.021613493739651157,0.01954514912841154,0.0016512617973348642,0.0005134038861074447,-0.009939451209639159,-0.0037400994921462354,0.018546255441537294,0.007654470868083903,0.012677607523140615
2023-01-04,0.004863353557767606,-0.008966965029306493,0.016633269853294073,0.007758587137823573,0.0071382119276680814,-0.005578411165571801,-0.0095686636328033,0.019218815307626817,-0.006011076581085237,0.008027317049222264,-0.0036752733549643354,0.008199376092467132,0.010584737462937515,0.013266269595227004,0.0195492868305895
2023-01-05,0.009887964241853668,-0.00023312689100540157,0.011534904534224559,0.008970283229084604,-0.014534913626152442,-0.004400359837054458,-0.0009304984611051888,-0.00797962752840089,-0.013507378397974466,-0.01115139149938269,-0.0036446117338992294,-0.005729261047084298,-0.008288486951070356,-4.718438684932734e-05,-0.010840842096591634
2023-01-06,-0.002471614446110885,-0.011763500142729215,-0.011538200030690886,-0.004257732755070942,0.008967690527331868,0.0076683631954098126,-0.0016886858047872643,-0.016262520352755324,-0.012767989357213622,-0.00646235614564639,-0.007626878649480474,-0.0008020456825319042,0.0024911851533020103,-0.0008640032894234309,0.006481374476789613
2023-01-09,9.641775425448928e-05,-0.0060280417818321065,-0.003294899560783132,-0.009354396355105717,0.003949518620268067,0.034807400789837836,0.013340412198078156,0.01807036914983018,0.020484563460247796,0.002187484089438323,-0.005254380201285713,-0.0033438225089432788,-0.011596621630963628,-0.00016403938308093453,-0.004580857972335097
2023-01-10,-0.00379586588860788,-0.0020618473342211194,0.006602901696237946,-0.0015385503122855035,-0.010575458121748264,0.0016739851377458245,0.0031211791194181264,-0.001075543188388873,-0.018166485326921184,-0.005845298687918285,-0.004847960978463038,-0.018718399185075042,-0.0008356757288108148,-0.011329353972757788,-0.002757778333653666
2023-01-11,0.0030733402322277587,0.0018785558492981935,0.006715083361893751,-0.0037987111012085266,0.00974628330396432,-0.0005895776485274973,-0.002266853553322186,0.01940462216009424,-0.0037851141347248563,0.0015518339288220482,-0.002756175362570596,0.007435713552748493,0.002090407727479187,-0.006949536051322618,0.0071233858414843755
2023-01-12,-0.00265115706454521,-0.004286313053872061,-0.007838118769423067,-0.0002452386136654382,0.006555494216392612,-0.002832305629164255,0.009094077581693547,-0.008093295480444419,-0.0037171587241325082,0.0016615554497387687,0.001992110285608072,-0.004177471954760975,0.004799984770392286,-0.004247994141830193,-0.0020758546198474774
2023-01-13,0.00691806291544004,0.007087628350270772,0.0015637517610766227,0.005321307513423036,0.0023102071410686935,0.0028349754760720065,-0.006271970695994,0.0032586514395858326,-0.02076875066274151,0.011429786444224042,0.0038304798577833117,0.027207565389344015,-0.012538220259495036,-0.01717968213363587,-0.01200518101420837
2023-01-16,0.011442562241685411,0.006953895202405067,0.008394145495273574,0.0015937612745667356,0.0005406326338770109,-0.007457669147904682,-0.008799576219597012,0.0027428836542988705,0.008697588513409646,0.007354239062572691,-0.0007330615881417177,0.0075358504268692025,0.01363717715174795,0.006465429655095696,0.012309805242422171
2023-01-17,0.00845711564726208,0.004761348786827665,0.005188805398848683,0.009321377534382648,0.007255382083020734,0.011138183378205066,0.019920058883256382,0.02580590929932051,0.024921382146136317,-0.001172179568465966,0.000456833922489065,0.0055483059096453746,0.0055947693607154595,0.011329698986372885,0.01677076421236594
2023-01-18,0.013867439744528021,0.0022492735591496953,0.011156610718391625,0.01574649262690837,0.014827575216743962,-0.00532742939117074,-0.02551290647899098,-0.011814434189449368,-0.009135086229578381,0.025073358338398233,0.009625157491224001,0.01175226095789086,0.005321835576860497,0.00374578665741423,0.017727847859334924
2023-01-19,0.00857102411603617,0.003846837598030582,-0.006289142543420787,-0.004577920925168185,0.004018540927047196,0.0218299921752999,0.012436246817841876,-0.012766702171016286,0.0184733075943061,0.01409168090663473,-0.0017663602226078157,0.0169102556993876,-0.0032422772772313707,0.006155000610906828,0.0017734107246128714
2023-01-20,-0.001700078782420125,0.006696116938251458,-0.005905527910459304,0.010203534259880184,0.0010973574772535268,0.010065873742546708,0.025715331282925802,0.0007929416409415192,0.0074888956321353135,-0.003065126451744755,-0.0014243404858964226,-0.007200859988809455,-0.002872748371458367,-0.003216513988934789,-0.013418602362301817
2023-01-23,0.0070452456698188,-0.001855823464900024,0.005771048766169601,-0.005505383485048818,0.0037633427377187726,-0.01872585543591924,-0.0020980184672497863,0.0056188648268164785,-0.00462283774792605,0.018623552243088988,0.01859058906580576,0.004069543064435891,0.006865753897336147,0.008802248945460991,-0.005645033637760817
2023-01-24,-0.001247542359282039,0.026925984490773915,0.0056079154901683735,0.0182027197283207,0.0007315691787294532,-0.01617122926296459,-0.0016876212617656463,-0.01115828682737488,-0.008037268952843265,-0.00074730373658993,-0.006980735132429084,0.0007998608834279431,0.007072468101182402,0.014393697653853907,0.012889122496901351
2023-01-25,-0.003307165072711677,-0.00612261188877257,-0.005015979868294941,-0.003997036362373807,0.0007882393353884653,-0.001017872375192852,-0.017077481405912222,-0.018068057893138194,0.01545623626836802,0.004398153204686679,-0.005547158706883223,0.0010637211237794217,-0.01165126432497399,-0.014065938429480965,-0.01944427183444701
2023-01-26,-0.007682161545684191,-0.003518447743473671,-0.007906660929348785,0.0060061269896781455,0.0064963798167993825,-0.01523959559837967,0.020210749008386764,-0.0077342315419924295,-0.011190162023998527,-0.006425562716552714,-0.004858000085801065,-0.004184663684870571,0.002627212784248507,-0.0007657972487814323,-0.004050959556739822
2023-01-27,0.0006385310096771098,-0.0020478555218338677,0.00214143932842659,0.011991709830780567,-0.0007645899134908602,-0.006554433611130308,-0.003797057261293304,-0.005729254455160616,-0.02312335679301127,0.0005762941543018099,-0.009761499232934973,-0.004081990253357377,-0.017300316791993998,-0.010839683010508128,-0.0023717400798326732
2023-01-30,0.01433671616021885,0.008237626400095743,0.01209685046651226,0.0025430773981772858,0.007937512141801113,-0.010245454348497817,0.015264637684940303,0.0015293301743589836,0.0013141847975443348,0.0012766237359649233,0.013847179321614906,0.006547154065409951,-0.006567354211268325,-0.0042177923715712535,-0.00019780414608434362
2023-01-31,0.004188055795429891,0.005286120866708457,0.012503585052858814,0.00725729861411822,0.0029596481736134258,-0.005173663489385496,-0.01050856237721991,-0.008486209755257886,0.004358850688855919,-0.0021971456418737757,-0.012005807589701087,-0.016740547884297012,0.012529795283583584,0.01211566887910524,0.0037137899593177124
2023-02-01,-0.006363993032892286,0.009521072523590015,-0.0031243391606612415,0.0056479222859452125,-0.009544869237661974,-0.010911495627450958,0.011153387618150056,-0.004105045742574458,0.00015119667166445076,0.008233017481672543,-0.010091112283811491,0.011511061956851542,0.008591948943714652,0.026833761482902917,0.0025259688857172252
2023-02-02,-0.0002497110849359785,-0.0010235358258263126,-0.005261127116442363,0.005249180077121314,-0.010423581635690134,0.016111411354414955,0.004413190698745685,0.01167906794118074,0.0073635642007971805,-0.007107986553545857,-0.01778503584242189,-0.00975574612990675,-0.005961971534490351,0.015244932070806322,0.006370756374456087
2023-02-03,0.00010980715165806627,-0.009785753512671162,0.008187555689450468,0.0005477725414359523,-0.00348775208446312,-0.01866971844496209,-0.01938748368288593,-0.0064731845904850965,-0.02217461115473129,0.016499531206267744,0.005263428487756266,0.016227716129046443,-0.008221591010900461,-0.017843487866960116,-0.00575113445113782
2023-02-06,-0.0027421819823028343,-0.012838082387998738,-0.007716700182234194,-0.007309613278396071,-0.0016633954057884382,-0.006831135056291348,-0.015631748391384648,0.0003574085274342534,-0.015445800814077764,-0.0020327730734883416,-0.005197343915244124,-0.002094620564209595,0.004890511354255953,0.00734216647882216,-0.004185154593989119
2023-02-07,0.005988961992653778,0.004994975822027606,0.002609385805492805,-0.00984555110527603,0.007522291657594672,0.022832104065609336,0.011220426425946145,0.024897834867183482,0.002189324733926188,0.004643051478619774,0.014930501010111275,0.01504013215393361,-0.0004923724366209607,-0.011788837204085707,-0.0005831451778826194
2023-02-08,0.013266469186769273,0.01645141943165217,0.012781674734928652,0.010146656667484632,-0.002464502771539337,0.009325440473068526,0.002470755093217384,-0.02120662488661205,-0.02963404662053236,-0.0030111686173159256,-0.009030413213030634,0.00010367808614900704,0.01121198893606495,0.007775812961124711,0.01802591984714299
2023-02-09,-0.007283294972909744,-0.010126596292202836,-0.0019601445475673535,0.002778685510713955,0.008446165848754232,0.00542959941979318,0.0027970335876722277,0.011078697176429822,-0.009699711402887556,-0.0016050218213861456,0.007266543766185929,-0.007126181875069509,0.011619309405132384,0.01928126633569044,0.00040053737863281376
2023-02-10,-0.014834738769789291,-0.018236726761140826,-0.015031389661047449,-0.0086227701158152,-0.0014811137695180492,0.013103459455879398,0.0022517757538421867,-0.0030256475621010153,0.01235867340519525,0.004331250985709737,-0.0024167734714125957,-0.006144736132135649,0.0037044693973559695,0.005550229166139575,-0.00015136185323895608
2023-02-13,-0.007908096060120277,-0.001913634598961305,-0.0040158617968436006,-0.0025471964787142157,-0.021543902138285602,0.009139925326878814,0.0067514386387872325,0.0035068006094399313,0.0033635088861643163,0.014837778438241524,0.010691536526204321,0.01839734051019864,-0.007466589662190007,-0.01934240434282741,-0.02746527819505311
2023-02-14,-0.008447047005219655,-0.007715074941122026,0.00036742215669795415,-0.009743859076312731,-0.0011268229164520058,0.01003255081102484,0.01808571302365066,0.009599829805217239,0.009409561746371146,-0.003435826824783546,0.0009525266487819613,-0.004814086678368155,0.007132861969264364,0.0032086120142147978,0.012597198669463657
2023-02-15,-0.011735340028070744,-0.017225395718936776,-0.014048580457892399,-0.0150184802384573,-0.014694794189003211,-0.015079351827244621,-0.02037281063481381,0.006799168822501356,0.01625646549956043,0.0031666148715143033,-0.0003587940749549569,-0.0007427108320599203,-0.007471259609431567,-0.0017097885498726932,-0.010581439708740818
2023-02-16,-0.0034093544659851154,0.0016567319951330478,0.0031097234936275585,-0.006363425709472431,0.006427831060696831,0.0018734056154048814,0.01002153571577846,0.015774411594059602,0.00554428730617211,-0.003751159990072711,6.296507975629608e-05,-0.0016834489303880187,0.01450566442753902,0.021630052677482012,0.015057928156085264
2023-02-17,-0.0075620295466958184,-0.014823786667858857,-0.004453506751436841,-0.011450265031544182,0.005212764201354649,0.021823749716422723,-7.744435854439499e-05,0.018680867254338603,0.01713228625845507,-0.01424907542101733,-0.004925951727850414,-0.002242166201702958,-6.344495645378093e-05,0.009458919773809759,0.0009057926317248477
2023-02-20,0.00957294130172033,0.002533831947489273,0.004177672278868232,0.008790784582781791,0.016440049935176934,0.030857313022117156,0.051539972710548776,0.0315721112992896,0.030909238009531055,0.008179404691805052,0.010423212263233709,0.01409385826213179,0.0008108600310867056,0.0007114890853297398,0.0016552264212890072
2023-02-21,-0.009285190479658232,0.009224443000653306,-0.009660625186007105,-0.005174781646526504,-0.015228853919047113,-0.009474191340300003,-0.012854672533461012,-0.011567852096513492,-0.026698829590495517,0.0007726500140802264,0.0026260821191949977,0.001092514454536868,-0.009625314846649463,-0.013938962998146896,-0.01975373722361933
2023-02-22,-0.003785136546341699,-0.013030225021724531,0.0008169211625895113,-0.011557968429056601,-0.018067081754341185,-0.002084584706552801,-0.004437411665784785,-0.018772229627632513,-0.009270889551132859,0.0033289780971584807,0.005131963104046874,0.010837701960763224,-0.008762726589214068,-0.004998181554057097,-0.0213939733623806
2023-02-23,-0.0028459232251409673,-0.007660416315051156,-0.0019906631224826466,0.0003747059530046313,0.005489448846027484,0.02805897074974723,0.03142302526596154,0.028043162430411342,0.011166941361830607,-0.0006973981887148884,-0.01025098076063775,-0.008794636742800448,0.011313839041658393,0.010943316348027247,0.004001972749587619
2023-02-24,0.0017907350642462133,-0.002218992307254574,-0.003018200517299538,-0.00966750006056586,-0.008225647707275357,-0.033071985872777585,-0.015716550424386265,-0.012471247035759601,-0.0013054854082837491,-0.02022982900334351,-0.017157236226435526,-0.024235097619678566,-0.01331418771964303,-0.013770626852362456,-0.009471300938409094
2023-02-27,-0.0013884655247250052,0.006881260079064327,0.007050151209831863,0.0034846044601128208,0.003710311060161781,-0.004167638057787055,-0.016338188626143998,0.008390233482166673,-0.023931121878310445,-0.00819544819384407,-0.019801502321090878,-0.0009701814408857234,0.004176468317247443,0.0019426717398924641,0.0033790989918814174
2023-02-28,-0.007950884656619746,0.014417605150588448,-0.00021514796275146596,0.0033310993839666308,0.009310820380065837,0.005608963177887456,-0.000244607770335541,0.005760676344370881,0.005967543954935933,-0.014875885200900697,-0.0031689170206406023,-0.008141068657919661,-0.0016638408770545043,0.004127651802460645,-0.007104021922561801
2023-03-01,-0.01708203554737794,-0.0027758466235456095,-0.009624138755329095,-0.0030007319431694553,-0.0032091375330972954,-0.02051009564462514,0.0038434806106749644,-0.0062175548409985956,-0.0019848258046021145,-0.002954684906136683,-0.00749854878020564,-0.01045737982684811,-0.0011415254481690435,-0.010704326966051388,-6.717260458214205e-05
2023-03-02,0.0006476071423529397,0.006933359319613124,0.001468619946660378,0.005074885904542425,0.0010722146176673957,0.02229166946972104,-0.012723710521257,0.00024011609671157003,0.009584707441121228,-0.004162336517880155,0.007336237285819849,0.017580256596324624,-0.0201972221077238,-0.016860280775880157,-0.011268910288863038
2023-03-03,-0.0077498850716961375,-0.003611450752217499,-0.0019466601841805296,-0.0003323908624723723,-0.005385792969929713,0.01420921812176182,0.008635269501372899,0.0033383700531618007,0.00924495117230542,-0.008992250753344977,-0.012780430346573569,-0.01273008915185771,-0.0055553522595362375,-0.00784011837854872,-0.0026010757474056187
2023-03-06,0.00039273429484138877,0.018013559879439527,0.016172224847249443,0.0012129720912138187,0.0038296570627323772,-0.002909707544537564,-0.0008753157492175246,-0.012126020052041931,-0.00413387242800552,-0.0166336618915649,-0.01564567156550231,-0.01700826408824035,0.014106819268101055,0.012355468322589085,0.012490464346058482
2023-03-07,-0.006907517145645129,0.003669443835454085,0.005531323393567423,-0.004863193824790428,-0.006816590666304713,-0.008715101901693266,-0.01911121897073869,-0.0066781701389578155,0.021072887195840054,-0.0011641281396675774,-0.004199151856542701,-0.0034652752721036875,-0.017081948986739145,-0.015433225473692459,-0.01880723789766803
2023-03-08,0.012494438785578266,-0.004640801496067946,-0.0034740161786760253,0.010118701027838139,0.0022885981751764547,-0.01028568501033323,0.003381209223610661,-0.005109644914680892,0.01316746457831518,0.004514903616504528,0.0070050884289021955,0.007933800549929227,0.007964778044068086,0.00842800174003162,0.01240233678499289
2023-03-09,-0.0024982343618532446,-0.011609574302695186,-0.007593835786450904,-0.013828391873771557,0.009173991253942106,0.02095798149331749,0.010656993205772246,0.02447954586882975,0.01632089708045352,-0.004879456693241281,0.009097116803605526,0.0017813942139431442,-0.017395894762146563,-0.010190599710870026,-0.01655588255298637
2023-03-10,-0.004637258164438917,0.009056612279070647,-0.007420578648943092,-0.002301425995777747,-0.0036043818705712464,0.0016885743402181876,-0.0025223548271061927,0.004410206760906412,0.01215737368489928,0.009246371698226234,0.0051887197519523524,0.014453483322234326,0.010307779727107606,0.010103315782079651,0.005881186402076469
2023-03-13,-0.01622209118095138,-0.011850889401684786,-0.011412671746601178,-0.0055093632453624974,-0.006964002186389093,-0.03927359878838142,-0.024381144998528198,-0.03155913936583934,-0.022976466507088133,-0.006522677806319686,-0.002236093089805333,-0.008480939409615005,-0.005849188444473165,-0.008125886393671827,-0.0038359024262659604
2023-03-14,-0.014869620585193399,-0.005290493895116506,-0.00848516388402713,-0.013646454964126583,0.010879097892226262,0.017005648701414855,0.0011072535320623515,0.0007738116869977331,0.011474626814828753,-0.003255685511582372,0.0016623732494114093,0.014743601098918075,0.004815848279406073,-0.004230484243283393,-0.0019404979741167228
2023-03-15,0.00033570446151528674,-0.009291076439675949,0.004474007811088629,-0.005906458920144406,-0.0050470635308652294,0.010637841383052475,-0.017811786597812948,-0.00459318400598069,0.002271370298724624,0.00523628853445888,-0.0004525460755415475,-0.0015321089420811,-0.0005363759613603962,0.004720000701250591,0.00011805263365827169
2023-03-16,-0.009643707504410057,-0.012640060356611681,-0.01632277121321692,-0.01668336981906007,0.0023495646255803663,-0.04821372022139854,-0.02383676912459936,-0.018242641789002888,-0.01701526088317982,-0.012740899389544324,-0.008119514385974892,-0.010300660428575982,0.006619158665537081,0.03237072287163317,0.016339135620806165
2023-03-17,-0.007568475269274216,0.0064113950245598475,-0.0045461845601711065,0.003270898771535091,-0.006320529766993383,0.020625700140965743,0.012566102982108213,0.017152499868410595,0.02241072788191626,-0.011276013648887135,0.0033196917893979373,-0.0034713094178961948,-0.0032064274866374196,-0.003366843378986442,-0.006562729533458772
2023-03-20,-0.0014805949841111337,-0.004391990250887702,-0.00954455558400761,-0.011539170449194017,0.000316254272271551,0.01494171396089763,0.01604020434899155,0.004263299757733444,0.0016706611357164385,0.0004391583428671082,-0.019717811251791638,-0.006760323012799477,-0.010881768784491045,-0.02710965492228569,-0.011400691086510956
2023-03-21,-0.0015478243767338227,-0.01914393679723867,-0.01536130016197038,-0.01550202924986161,-0.004118522476556489,-0.017746159118099843,-0.002984041928085831,-0.0053993196818670625,-0.016600063207937225,-0.009500076964634502,-0.011562082282677789,-0.015071452134013796,0.0010095507929218893,0.0017328137292618251,-0.010813446068056128
2023-03-22,0.0013620604349380006,-0.009126305317301913,-0.004999167269893209,0.0043396493420135625,-0.0082907506109755,0.0035806033727255474,0.0013185335101200592,0.00020564415435334136,0.003275357611334972,0.0027222939016145692,-0.0008736760798813759,0.004992006240368262,0.008566655951899017,0.008419054661399123,0.005310481121154328
2023-03-23,-0.004299447318947326,-0.006326269055783833,-0.0015821938415509912,-0.01587957016118273,0.007392395150391762,0.0005559621693967814,0.0035939389089064844,-0.010528529250488571,0.0047404793915182195,-0.01487792639195116,-0.01484474328521101,0.0032974137309787358,-0.0008653785198437219,-0.012594642465430109,0.011851936445314348
2023-03-24,0.014262918097892777,0.0008859734686595469,0.011208577816900357,0.0012421259785271956,-0.004102030299361737,0.0014661311677833465,0.004741778363175603,0.01633309900352239,-0.0062857116533370505,-0.006214347883559053,-0.007686776237561805,-0.012656237941910516,0.015123008227584942,0.010859217856644732,0.00619725649332893
2023-03-27,-0.0014215497171676337,-0.007839477506018348,-0.008492171482315576,-0.0029087065785787006,-0.002463296610124303,0.03625802621428222,0.005839555999780616,0.006984686697264593,0.011917863852095837,0.007417775959257086,-0.005926603162305982,-0.0029892816310820866,-0.02294270615604649,-0.01371042561104341,-0.016174466361583012
2023-03-28,0.0036019943001826173,0.0016281944963590998,0.0026517595589186536,-0.002153512752831586,0.005307669710194689,-0.00041453275370417227,0.004122805803997782,-0.006713460403192767,-0.003722834037826297,0.013790872698680413,0.011660102732650213,0.00046194888362295107,0.007178077561056018,0.0003776787848953182,0.011878561999199492
2023-03-29,0.011221668251771007,0.007021187243654689,0.007300175268204089,0.0029204986473195618,-0.009952763762007518,-0.014581228354941276,0.0041364650845741105,-0.013476521367179216,0.004339299937743827,0.00843390385500286,0.0022296597696364094,0.016252213737751934,-0.0019312455723772687,-0.013708048292611406,-0.006116910047474125
2023-03-30,-0.008619823170051479,0.007755650397857976,-0.007689425396902841,0.002828025592920051,0.007757994063667519,-0.005888074933583905,-3.9764493449535865e-05,-0.007946321634876853,0.015560257940454143,0.0042709190498215945,0.010261454583165783,0.002860265438158872,0.015564820511977238,0.011245180325789642,0.00848588455879618
2023-03-31,0.01663421985911579,0.014623995573564912,0.013932476098912558,2.882177686247371e-05,0.002440265090100144,-0.014165362479160415,0.00017134479275667143,-0.00427934891314286,-0.019203941547531387,0.006985189445952211,0.003965002712859855,0.007500269151068932,-0.0010573615331538055,0.02125395300473639,0.012237257522989724
2023-04-03,0.00239769241783128,0.007716602237117403,-0.006751813955327164,0.004492561193538634,-0.008161810650169467,-0.0014564390107700631,-0.010521179414791275,-0.027694074111446122,0.007492026930602379,-0.006912275131466547,-0.004599874155723931,-0.003635249085568502,0.0022823385336322695,0.018107964353808015,0.008697357869997384
2023-04-04,-0.0066524993063533195,-0.010769643058138196,0.0023212596100806006,-0.0028633245827231688,-0.01117655090960019,-0.013402601364150469,0.018314215193876167,0.007335055663870662,-0.015005966651117461,-0.0011892364953245492,-0.0061867683877446095,0.0013832073899601649,0.004534606604915893,0.012883785528722661,0.0025616608174081276
2023-04-05,-0.0013926956029346217,-0.0037891226293581244,-0.014386395799814116,-0.009291893297480532,0.006915483476385304,-0.009054080254128433,-0.016879967285793464,-0.024049870958559337,0.002498257052126352,0.00020070377412347191,-0.004418722341723756,-0.004253865434306902,0.005125009441107156,0.013236838192774467,0.007366760606473744
2023-04-06,-0.009364435202088427,-0.006034847005801428,0.0014724541267257698,0.0020940630370011983,-0.008490481342662861,-0.011509070042025869,-0.00713559032566837,0.020641193883913892,-0.00391853053974812,0.0026497746751118338,-0.002232294220230211,-0.002255362931169613,-0.00847988505588898,0.0016516016790808028,-0.0035874011610201586
2023-04-07,-0.001567025464176315,0.013588368250376183,-0.0031013728336342266,-0.0016086729519099933,0.004671604525058515,-0.0017123925909607396,-0.0030967444269530122,0.0014146789505269054,-0.012264981780266524,0.010079325877460708,0.0032116717201711516,0.010853585249183775,0.004888424049782733,0.004209320561441858,-0.0007682766795488387
2023-04-10,0.009548634742403797,0.0017642274100511746,0.005739252592396211,0.004532492946475827,0.002907917678593862,-0.008408639380896182,-0.004659556689712199,-0.005328758650277307,0.01340046572920242,0.012464034191411361,0.009368088828104408,0.008502941345321917,-0.005497350973106226,-0.004469319735487739,0.004873417160725752
2023-04-11,-0.005954570345915004,-0.0101273557021673,-0.010210420986705411,-0.01058180725123508,0.0052616837135905665,-0.023471107936365976,-0.017212768252199372,-0.013129171985805084,-0.001070993425981456,0.020469022852061522,0.0196040162913714,0.015338219119939043,-0.00770372833740848,0.012225577630316512,-0.00039359920075065385
2023-04-12,-0.00878758717332227,0.0037235366754766104,-0.0029447331142751815,-0.00530231955514123,-0.006435751204828018,-0.022362968585159886,-0.025799613496518794,-0.02454531006740536,-0.010486951849923702,-0.008061836850716101,-0.0016127201618291141,-0.001937736766927151,-0.009712385022906035,-0.002854944872265882,-0.0129687609688647
2023-04-13,0.00014044007826167267,0.0005297203143330797,0.005975195140252325,0.0017632557863798272,-0.01006166588136384,-0.007871887008665373,0.011707904280093145,-0.0025410665930161317,-0.0003892789568139751,0.0023170673236425554,0.0026893579802455534,-0.0033808510604016496,-0.013838581159550882,-0.01179209975908475,-0.01708192997387066
2023-04-14,0.0015520550264988206,-0.0003318330834551197,0.010547654180650224,-0.006710566330977982,-0.017912374967893784,-0.015034737874264483,-0.007714479819247432,-0.013253994717507493,0.005932571451678905,-0.011649850300171492,0.003073949629415372,0.0054579393895541565,0.0094459681991582,0.002544706682036072,0.007033747551210922
2023-04-17,-0.0006782090872305105,-0.0025555112231896294,0.009777653844134176,-0.00320650625109284,0.008365886436964355,0.004762105401157547,-0.0012935845608820135,0.0012013774925312792,0.018716425502317356,0.007867372981148585,0.018153217787163715,0.007251018944985017,0.017396516642376434,0.01233630225480667,0.013061372098831656
2023-04-18,-0.013626448408244389,0.004333891239805179,-0.011682001467617695,-0.00884753941313313,-0.0030001204859277947,-0.006232361781564318,-0.02202985770634511,0.001201380608808117,0.00017648011843608355,-0.008435037879674838,0.004340547382905341,-0.012388995252158173,-0.0037570005344034077,-0.009948619192953527,4.053336998083995e-05
2023-04-19,0.012012846220084826,0.010246970924784564,-0.004079797056608695,0.00979465051916718,0.023988548345816596,-0.0029021877578414706,-0.022388454034444092,0.0019861632451786976,-0.00990198290215192,-0.010237734691901559,-0.003865564346810002,-0.005804529563699101,0.004042860714037748,-0.0011218817805406277,0.005525826548235918
2023-04-20,-0.010784446985027563,-0.008881267528216354,-0.004795474825028893,-0.007813955670777327,-0.008487076219831656,-0.01791025003605282,-0.008974616739912181,0.0007522516678490393,-0.012066423301631974,-0.011814125778886162,-0.02058196303185969,-0.018286327351491174,-0.003933234568703627,-0.011001606308852817,-0.00038919791050396214
2023-04-21,-0.006471136140734889,0.005102386062542132,-0.0009888667476360942,-0.002792926419010668,0.0021569580204337806,-0.00824871953204762,0.01662525481721263,0.01479053213189455,0.0026711575825668376,0.008166030980249423,0.01714091891605231,0.01970440811643934,0.0050471570855369075,0.00039767107496617524,0.010167764946161943
2023-04-24,0.0007099649177812809,0.002343537804345397,-0.0017853646700585809,0.007767644576945759,0.007890897850558354,-0.007896295954512241,-0.021498415746614263,-0.01447283822199699,-0.01130627833991018,0.002241595204311864,0.007995336895501012,0.014481195779497157,-0.0030694485846847353,0.017336444198832117,0.007124736861574589
2023-04-25,-0.005136305351200604,-0.01660625061381461,0.0015808990496201806,-0.012588600465794231,-0.0017938383845076582,0.0035676790560962212,0.018399274566759688,0.015755513829310938,0.04008339794981328,-0.0043433130979399735,-0.0007162653416753458,-0.020545834041732595,-0.0014200383804286753,0.00919429918311204,0.009684757033995186
2023-04-26,0.0066342129811794515,0.00944322332903379,0.00911394795603888,0.005245746500455527,0.004063105948518619,0.012494410070137976,-0.0028837594675933985,-0.009962920073783538,-0.012906809653615564,0.013388158048533737,0.00013688024076385918,0.013427867353933568,0.0102209960279769,0.007372199186675029,0.0026116666698052186
2023-04-27,-0.0006125618760536699,-0.0013599967608697505,0.002609576108667964,0.007130824882719702,-0.0019243665181920052,0.002100078559251653,0.027660421854350352,-0.010846033011171093,0.018386199591799206,0.008181745423708914,0.0015543209297563527,0.015250073999778267,0.012329090950803666,-0.0023111314479708368,0.01399479154864299
2023-04-28,-0.01651405578414264,-0.001688865546830452,-0.005495443318252233,-0.015717917138726424,0.003948139859861772,-0.012802618883949287,0.0008620819132082909,-0.014126427715103897,-0.015504252677055434,0.004248889429957752,-0.003139922723092779,0.009043087753646845,-0.012060271961416952,-0.01719159591307224,-0.012695138139786202
2023-05-01,-0.006956658004714865,-0.001760413938065167,0.00012985127530761812,-0.012682420635766233,0.0063457530208144396,-0.015110809914375349,-0.011756382627753772,-0.002698279184253519,-0.017586228941379286,-0.0004624262336921257,0.00249834846048251,0.011652506275682355,0.00899470659389291,0.0053709923813775075,0.0057426680318694405
2023-05-02,-0.014562500096629707,-0.011448542690773418,-0.015599349624173135,-0.006348768932547552,-0.011977209659607507,0.0011552112143615473,-0.0040214741894405714,0.011747061010640318,-0.004238615411399339,-0.006425543258530966,-0.0062741991582859515,-0.004969935128471915,0.009094910878493801,-0.010555110217411446,0.008702508802437857
2023-05-03,-0.003177320443951194,-0.0008765467104033099,0.00024070084662727466,-0.003463624172327554,0.0039556379937524255,-0.02220403951532368,-0.03080097935656611,-0.0039026970249576238,-0.00808489044538229,0.00024378249098409724,-0.007899021296241957,-0.0015484398619892035,-0.005616837232497481,-0.01631448421260584,0.00047321734781055787
2023-05-04,0.0022324057309787058,-0.009531632256949646,-0.0061642025739432685,0.005140719064920505,-0.0018194322343254828,-0.01100531386434773,0.015930439813600514,0.004088088684753606,0.007425699073417549,-0.011816397174651029,-0.0029676973348531956,-0.0038844487494524957,0.00901449557938477,0.016828234091117736,0.004814839274288591
2023-05-05,0.013653847978921892,2.9322340422154036e-05,0.018752407881854116,0.004645747026130152,0.007002766898590898,0.00750780613523994,0.021197013205094328,0.007081405716862898,0.02789607730940681,-0.004328181064180511,0.009280858996231333,-0.00418005035805615,-0.005999407697239678,0.002045299465444992,0.00017063759708860204
2023-05-08,-0.004929618643214335,-0.0038203121700543094,0.006936066225597257,-0.005725332508674184,0.010787148381731743,0.015710789053035603,-0.012308006944737038,0.0016262782284907685,0.012533306371727903,0.0060620189390218,0.011000767763422313,0.0026650059042804958,-0.0054772551612078425,-0.008365315514484554,0.006118227457183906
2023-05-09,0.00023596746073558262,0.009545010791637033,0.006632286796953392,0.00970145958414783,0.00454183049151941,0.024331867728861232,0.004469868543334246,0.021730287700224237,-0.013570255202408107,0.012710967936329816,0.012564733168181318,0.000985518011495129,-0.005212453028859098,0.007874069299611977,-0.0031108763453395246
2023-05-10,-0.008448328840639029,-0.006794538439774062,0.005538121514218845,-0.005126164803183422,-0.0022919308061600347,-0.003678811007259601,-0.02079768642403877,-0.01407367151292923,0.014269931629361804,-0.0016275762879802008,0.0033808074754046228,0.009051345218172779,-0.00984241203794417,-0.015413958014981449,-0.010155977197786485
2023-05-11,-0.0024790366053886325,-0.0007071753397047604,-0.0005880247863132488,-0.001422867193604259,-0.009452408948299351,-0.017878867088180796,-0.009670659301610263,-0.01807015380793647,0.01519026405588846,0.003919394060043445,-0.002814614270675424,0.012536014348378921,-0.007666647356317359,-0.000983909733173399,0.005010164572523286
2023-05-12,-0.01028689093761077,-0.006970438297311127,-0.013634196165769588,-0.0003037360857416722,-0.0009639591249866827,-0.01233287711590374,-0.002943059042121534,0.009176995982878551,-0.0005451511359562669,0.0022164216644720547,0.014799598902594479,0.0009304922098757669,-0.006598692743605682,-0.018764268429315837,-0.015176258371852271
2023-05-15,-0.00998126745835808,-0.006331895312163908,-0.005218345445977801,-0.006316098207910386,0.008636975984475657,-0.005434449657927137,-0.005049545593169067,-0.010788980978722669,0.005149432892288005,-0.008273495645675939,-0.018122587667071997,-0.0071490293591232636,-0.0005379002813159814,-0.0033555159374516973,0.0033257765486623125
2023-05-16,0.0009362553632794655,0.002077649792449934,0.004366753579699742,-0.005286433822161878,0.013326544150724571,0.0019593519553754444,-0.012039097777656,-0.010226792788670225,0.0010826835636588853,0.005707359228041777,0.016723935226676884,0.006874021954388604,0.005925077343209649,-0.0002948865495188283,0.0030163087871404137
2023-05-17,-0.013362565121960357,0.00010516291735299024,-0.0009484970846327665,0.0012065611871256206,-0.015314433063577928,0.016159263686095035,0.015303846860014136,0.008418209455778213,0.0022198974349092668,-0.013210285668315502,0.0004445495654053763,-0.0013448538412545717,-0.006534802988840972,-0.01534288470009501,-0.014569914058098316
2023-05-18,0.00030957549453223187,-0.001347399114224354,-0.0004131240620984726,-0.01325102713905675,-0.011286832861700487,-0.003926700832304381,0.001323896488553039,-0.008646506434301149,-0.0017706238761712174,-0.0133850312457501,-0.014938265441844125,-0.022466604578749022,-0.018982594481688694,-0.015584379960716004,-0.011921933127630558
2023-05-19,0.007838216128313882,0.014067259497338057,0.013713166825833577,0.010679457774217043,-0.006616089355657013,0.012078776673492502,0.010577008705068976,-0.0004526451039553337,-0.003211335658477369,0.006689311829103479,0.011117465080925624,0.005842555628630475,0.009748599461509974,0.003562694230516487,0.017110477476555728
2023-05-22,-0.004097149227054741,0.008395487605899976,-0.002949535160908125,-0.0014112311202344237,-0.010869525442518856,0.018130421411187918,0.028718379050665252,0.01052716275475952,0.025990781720172832,0.004718571820389031,0.031943941028347037,0.010989073143899337,0.011925808796847825,0.01196097707767007,0.015960812116734124
2023-05-23,-0.0019030022425853893,0.0029795026414879753,0.005201205761379037,0.0038686370875761363,0.0029887027061517883,0.006597111984524335,0.009027730202411842,0.005419014515951302,0.007034984498394362,-0.0012487073940349678,0.007948853277419435,0.0041472017205150145,0.015293108186672235,0.010721878819404913,0.003676537575786014
2023-05-24,0.000526676888489494,0.0123517792293448,0.023847605793251948,0.0036653243433693423,0.01187924454363408,-0.006665482628622094,0.012563456100202293,0.0019525500773813235,-0.0009079791216417919,0.012433015730083244,0.010848554097658772,0.013349831106486146,0.0020004070809217533,-0.0002583595814379114,-0.005813799582976809
2023-05-25,0.000917985261969423,0.005145328255151989,-0.003243283481152032,-0.0022526239988970727,-0.004894872270478291,-0.0013867730306900967,0.0056014201046378515,-0.003622758899453798,-0.006286133432094816,-0.010560465882361068,-0.01781126229600433,-0.015067035158814055,-0.008001214580967341,-0.0022720986706417333,-0.006482154988951596
2023-05-26,0.006714754093692942,-0.012560736825858563,-0.009174359508591256,0.0012853696373443671,0.005132896589023918,0.0025197625360366734,0.020962813482871077,0.017655669709395812,-0.007522523428263697,-0.006295295471140769,0.0030872235838665975,-0.006507841867793712,0.004156929792176148,0.00481494072899371,0.007568467182303743
2023-05-29,0.012314249452182145,0.0008482373311840129,-0.0038874077166601616,0.002740359717720178,-0.013352748096174089,0.007390574421281852,0.010341531601967663,-0.016118215228525874,-0.0042065138765791325,-0.010596315990409581,-0.007897419804813897,-0.009075136681991915,0.007825189120130685,0.0019771393643124515,-0.0032699847070714843
2023-05-30,-0.0016613739432989683,0.008559525101528251,-0.001647160482011394,0.0024847509822760417,0.007905226600227536,0.021204208147676405,0.008916641366415448,0.015213131461636276,0.004991446738351384,0.008283058257375568,0.018206474517754544,0.020437196671047722,0.01738786034806325,0.022830352288310478,0.01306069666074908
2023-05-31,0.001600170017562252,0.002968887544906989,0.011707111334710396,0.00698450497411342,-0.0018112367170121267,-0.007890574654613005,-0.0262668884998795,-0.016065172012495174,-0.008686254732521322,0.004174709735699939,0.006150151855959217,0.0025647964003016723,-0.0062679777113237665,-0.01084723337774924,-0.0016154912169202085
2023-06-01,0.013820626476347169,0.007224178151588099,0.007433391983441463,-0.00472769458941375,0.006322821167447116,0.01260791413094617,0.010431241734274163,0.0012770003032176267,-0.008461767232230228,-0.01659428873754365,0.0025251275974671455,-0.011985784444608318,0.007042003575789292,0.008388517065956069,0.011601313696024875
2023-06-02,-0.0030487042987665915,-0.01353300930673576,0.00010109078260444986,-0.009416167937219938,0.0022031447920489136,-0.007137787201966189,0.0005065171260350801,-0.0037136759380633263,-0.012546430643415585,0.006048754107547171,-0.011128191974469959,-0.0016718807084793652,0.00943889093636015,-6.743929889876802e-05,0.0027849217254521225
2023-06-05,-0.005196525736219747,-4.6804891103964334e-05,-0.0009238302786401135,-0.0017196364316848691,-0.003998620719544381,-0.003492747312912264,0.01826451581805401,0.006757635258064574,0.001476932462864444,0.009243521092181519,-0.0064372240840785185,0.006312520433421134,0.01908091074504112,0.007794743194872056,0.009626337429345162
2023-06-06,0.006610877206888317,0.006065917399736668,0.0020954335512098432,0.007394763116484769,-0.011154746731137892,0.011947095816057435,-0.01749767560960368,-0.0008161870319274254,0.0011817000160718716,0.012365538289685072,0.0047746588334940925,0.01758782379149089,-0.015303656665135182,-0.028249597676925326,-0.004871724282424262
2023-06-07,0.008541787237588808,0.005767420594020268,0.01802911496996082,-0.005539503966038845,-0.003550244468992497,0.005203761671263489,-0.0002341378170961099,-0.009888776251425995,-0.003865092580423133,0.0021115778279282085,0.008282167830341684,0.0013439382913751027,-1.7610060772536677e-05,0.010832426133631154,0.00809772113817489
2023-06-08,0.0024179727210152475,0.0021399680786125326,0.00476760860759281,-0.0007556563582632571,-0.0035288928395360067,0.004047687711491612,-0.00552869721619682,0.012971901199385558,0.009559684184431644,0.0057916814111300535,0.0178385468592549,0.013011003581669825,-0.0016690690849070298,0.003364709680828786,-0.004492934800876438
2023-06-09,0.027345351402396016,0.008637046909192873,0.006955485461634774,0.017273565295721445,-0.005694864436746938,0.0054920293798050215,-0.008860177528359199,0.018323946248569267,-0.004341842849128464,-0.015893691436609868,-0.03511388393339206,-0.02198112115532263,0.008967954588800904,0.011588069832315313,-0.003814294209930777
2023-06-12,0.00948356518456906,0.014509007881084529,0.016871252995528146,0.005797397473861836,-0.00637130852846437,0.0024661294143573575,0.019712256217463323,-0.009982426872418407,0.009621965191002222,0.009886795635444439,0.01941791812004161,0.003601198074052807,-0.005992071321058096,0.008496469441741126,-0.0005471663884882598
2023-06-13,-0.0022830417443208,-0.004473687961773561,-0.010792560417771617,-0.00174160589841595,0.02381265287545608,0.012710892529516809,-0.001341933318917075,0.0003749169617816876,0.020034539130556313,0.017318075118860146,0.017305237193379598,0.014259863786102105,-0.018725463841050165,-0.018645622732573332,-0.011943828843105358
2023-06-14,0.0030229050864045023,0.0016169962300805183,-0.0037925196738282417,0.000995711907282096,0.015070015075502936,-0.003999255584535146,0.01255572750261838,0.007205141812393444,0.019086267203887196,0.001344288223322736,-0.003259935038026591,0.005505401190619348,-0.004032878747983475,-0.0039003543939961456,-0.002072184370898489
2023-06-15,0.008430443651792102,0.003979185437805963,0.009945995009070195,0.009553193099101914,-0.0009784558439092828,-0.005078173246681287,0.0002219123444573822,-0.013200302379011077,-0.00990682426643541,-0.0015476100811770265,0.011452448955431589,-0.0012022009660947134,0.00994968069080698,-0.0006221311311637029,0.007743640529138814
2023-06-16,-0.009493791485252888,-0.005050255058607245,-0.0105721000515312,0.002306761806136195,-0.012971972026779077,-0.005570144217553363,0.00462978148031019,-0.0005113670327801536,0.015230387235260462,-0.024732366364820704,-0.004709316391906849,-0.004250755133193479,-0.007002409892146597,-0.016027705741780997,-0.007920416619308288
2023-06-19,0.004285135420299744,0.009114326258001296,0.00978762604548188,0.007865411851506464,-0.00823687501673186,0.024095138863732015,0.009992067561126102,0.019218700114039672,0.012165860053856026,0.0012426481712997151,-0.008003239245492868,-0.0020567120845849953,-0.001155888690880803,-0.006748404492003314,-0.015695580401831322
2023-06-20,-0.009839094790900166,-0.010092986859516869,-0.006773350643956884,-0.00023865961614647976,0.004394367494403506,-0.0007162925895367046,-0.0069068571840501265,0.004560997575438829,0.016423874894960024,0.005126576429496896,-0.006771636540071605,0.006741436673388784,0.0022624990035241812,-0.002227719297229297,0.002470471227310882
2023-06-21,-0.009558296214600975,0.010004380191551452,-0.00806302932202746,-0.008349643642407607,-0.01058404496451755,-0.01598088327516666,-0.03504262677256792,-0.024387686475151698,-0.023917208109413696,-0.0017623496882552886,0.002751129350031737,-0.00898483283383448,-0.002242846138172816,-0.003799051332628353,0.0028746935891970286
2023-06-22,0.003923151906432054,0.0028037951560310206,0.008806042933510777,0.007222676627830005,-0.015137792407403516,-0.012983290228091809,-0.026917484282430758,-0.012319315516224703,-0.016612839541135495,-0.001408398821104841,-0.000531997175581322,-0.01169127816629923,0.006171106631879704,0.003952941394962351,-0.0015291050808132396
2023-06-23,0.011438609147412468,0.01675432360791987,0.0038597085247012745,0.0221947462452246,0.001975420071610228,0.012853886506742155,0.018758014141194285,0.0074307193383823175,0.00019805866883296046,0.007171898430014007,0.0025359690532879772,0.005014934591112591,-0.004084055152260045,-0.005676882255740614,-0.0011080914814678385
2023-06-26,0.011518408931464035,0.013579388176308861,0.01574104206770513,0.009191858154126287,0.003844686086276107,-0.00784461376641279,0.004334594108354531,-0.011033124421754414,0.0036489404718376677,-0.01674077144403403,0.00203089528003307,-0.013064611836649507,-0.016183386984708836,-0.006292298270552646,-0.012617809395532392
2023-06-27,0.019047880420845063,0.018152718026807742,0.009426169444940216,0.004371318445240862,-0.004370067794650185,0.0023124831604474597,0.0008793786649821974,0.0030876573794607395,0.011310572788603254,-0.003943512453777895,-0.012612837887872567,0.015427607567657365,-0.0013580434432879434,0.003689957469099242,0.018115529035691465
2023-06-28,0.003220247663340276,1.9251669668395466e-05,-0.001369441785909462,-0.004158288111865594,0.002696096231201533,-0.010723754403036122,-0.013744407495494299,0.010649687959176219,0.005558254169871322,-0.006933747260653815,-0.0020656725818140272,-0.00394704532418924,0.0004956517720214179,-0.0001368027103568585,-0.003982235914983998
2023-06-29,0.004341939912172056,-0.0018312244859577278,0.0004513705653754528,-0.005861353859793122,-0.017109894410255098,0.004864220753590812,-0.0012812457661949585,-0.008191978938807163,-0.0031767371448882353,0.003862563277650684,0.006756207908717352,-0.003097076315999533,0.008124771685876674,0.012778127622151674,0.0025629145285649317
2023-06-30,0.003400552299372449,-0.00028379758658087645,0.0019302533215539925,-0.010240304275415566,0.011915665234865733,0.01968043309944796,-0.001334755841739699,0.002631360399098616,0.007351504360819698,0.00477505304236691,-0.002670266510454539,-0.0009996615735985146,-0.004400420433429799,-0.01471527278480106,-0.014449720805010098
2023-07-03,0.004730152978592008,0.013848737919046783,0.0065454522351387125,0.015552576445512284,0.002543568072632147,0.01185480688789634,0.0018098746606569648,0.008530706387068418,0.02238932444570638,0.013200429644835606,0.014109437798475219,0.012984715326129015,0.02487406179265367,-0.0004985905270034063,0.013481342467662926
2023-07-04,-0.0006757640370069248,-0.00039594483285222844,-0.003522325954300077,-0.0019034373304816503,0.010432920956605331,-0.007884997209425627,-0.0002590227408373613,0.0028531874939445668,-0.01605059008794589,0.019341031785602186,0.015255956618114144,0.035819061562224266,0.0006731102434210342,-0.010753202281187613,0.0021470864885531817
2023-07-05,0.0004475134866176473,-0.0020595829520857352,0.0022759984465525436,0.003953681375569824,0.00015930708573837866,-0.003894607544787966,0.012914466794324904,0.008041173917079739,0.03451232298537046,0.021064897745481523,0.0072385603826904685,0.009788340275219212,0.012497636010891749,0.03027196480723756,0.02684537402184816
2023-07-06,-0.0010691421723963705,0.006610336454009954,0.006445577458476855,0.0035667491183870893,-0.003198313976563953,-0.015931371330096616,0.008054667336176704,-0.015601330860877716,-0.008220374124781223,-0.016758520753085177,-0.004996725680104282,-0.01280506180539089,0.016320950424436403,0.008265668562930192,0.0024450397038384185
2023-07-07,0.007772533548219219,0.0035597803910726172,-0.002082551929877833,0.008850342751995149,0.008113939768641665,0.011293548094286385,-0.008157377755477742,0.001933953875403653,0.005628289062726837,-0.016186553026372417,-0.011968688530444617,-0.0101648101304621,0.007062693617943099,0.011510531918312777,-0.008450831841374776
2023-07-10,0.0012626559896525887,-0.007919108774883716,-0.01388292258811515,-0.009783481559317679,0.01260890322828746,0.0007408177791774457,0.0050057867666152825,0.0010638235932534732,0.013706643649621238,-0.007424300262657739,0.009363964668463405,-0.002567862808940989,-0.010838847323815615,-0.00659537492332782,-0.001872699345042412
2023-07-11,-0.0011101734927824157,-0.0035392270490818257,0.005210507774683854,-0.0037551457113199427,0.0010111367760153346,-0.001447619450266958,0.03224753427948392,0.017208408777734604,0.03480105557852124,0.011139641724534839,6.206790820082755e-05,0.0038278287223127583,-0.0041769879871452085,-0.00037336891842514324,0.0032978107519754957
2023-07-12,0.0020021936043040462,0.002158521224201694,0.01176118676490708,0.006437518481178606,0.0049979230616895125,-0.009416383416504984,-0.021715352910240793,-0.006215155761824609,-0.028590735195464366,0.0030366426522103677,0.0032489852342973517,0.0006206860696223752,0.00151344029930763,0.00032044978636488347,0.003108701764349633
2023-07-13,-0.01635894751939681,-0.009926341731249386,-0.01424574807694937,-0.007211877665867619,-0.008558089519086976,-0.01934897635363457,-0.02247646172189485,0.006038285284741508,-0.01184008824244,-0.007780655312990492,-0.0024409954428661436,0.001898288601052775,-0.011691013595732365,-0.005090418798095322,-0.019698554240132487
2023-07-14,-0.004324772775034181,0.006726931682066957,0.014170117731446004,0.0034136191484244642,0.0027817989127946973,0.015284258173342538,-0.009284196961789424,0.006116109562179931,-0.007110696226723032,0.009244609693375434,0.011570617567374961,0.01853887703754327,0.007239116258284769,0.020272987758343203,0.016135409017995657
2023-07-17,0.02116046495287952,0.010735189867537827,0.0097522044464476,0.009873866701411547,0.001788865214233668,0.006517730247687917,0.00035881289298769596,0.004555087552762101,0.011968283613271435,0.007363619522253507,-0.0023623807141816243,0.0032311672785237094,0.01728503729983289,0.018900871714650207,0.009572767614725147
2023-07-18,-0.006653936058325494,-0.0072755746579336545,0.0014112202616696368,-0.01303294977615849,-0.006201185814630899,0.001987876262131101,0.009787577875773296,-0.004765988296504658,0.024036793235881603,0.008277159336546418,0.0004196866251992928,0.008825311734713102,-0.013319252107533638,0.007825105649658038,-0.005097715066637726
2023-07-19,-0.002027672639687438,-0.009776964014854719,0.0034326232194034157,-0.0013269720776970145,0.005548939983252215,-0.029203322717138346,-0.02450301505584139,-0.014618050835610703,0.015780309671524936,-0.0026327798942026898,0.002731259762260328,-0.008654082597486915,-0.014742949007571596,-0.005561425833984015,-0.005144564325668559
2023-07-20,-0.012660365434006272,-0.00975979800093271,-3.9399121662684125e-05,-0.00945693383729155,0.014674794950482292,0.024264323239790574,0.00433640623534943,0.0008000847268715451,0.0066564111124459875,0.0008363518238031905,0.007212263400811056,0.024824622537468144,0.010568221153329234,0.020543095906313258,0.008836464160749869
2023-07-21,-0.00012979861119192344,0.008066500024738119,0.003810223811447423,-0.008170966090116649,-0.006093733681432992,0.018936625446192942,-0.005540728421550293,-0.0038670846319076744,-0.0003983978972287004,0.008441782572415592,0.013213094346086345,0.014871758273433318,0.000961222625330941,-0.001757508890770771,0.01444203271514515
2023-07-24,0.014476156873236707,0.02371141052985159,0.023182402175734113,0.008453014821433185,-0.002657073288392621,-0.00558244546980485,-0.011611280941598856,0.005374106278028058,-0.005601893837608301,-0.01978506777409081,-0.002710342634417666,-0.011318251096923188,0.0054682212031676005,-0.0004311984706238047,0.0023868767695727393
2023-07-25,-0.007807039901127496,-0.021803158489388977,-0.011638294096578536,-0.013558653796392293,-0.0037600789584415033,-0.00860559001205407,-0.01582730716702107,0.007350613569941775,-0.011486844599721949,-0.012624877035162685,-0.005780405337988152,-0.012707786270946824,-0.00013525635148057408,-0.0018211215134156823,-0.0005920868623608393
2023-07-26,0.007989557184770114,-0.007589888182783594,0.0066626213352881285,0.007718777728306411,-0.009222186762010472,-0.023007554288385454,-0.01612111310189268,-0.025666774021483724,-0.038914671455138106,0.012550586562969125,0.003078830174402137,0.004368620436600977,-0.015437833259113659,-0.015171093114694384,-0.015390094332589907
2023-07-27,-0.0054346272948337,0.0122608653110193,0.013527913420091783,-0.002828929120759339,0.0007918653490135189,-0.015297944953848393,-0.011737205223083049,-0.00048405327863633354,-0.013330118820528295,0.015278197782415175,-0.007959295405462162,-0.009874039590766479,-0.0067734222000642615,-0.009063678209235686,0.007014473885105878
2023-07-28,-0.010984510706767894,-0.014927661557197361,-0.011164422952599883,-0.01485787364295367,0.000722859869907423,-0.009644495043528642,-0.019221300458098327,0.003907415955995728,-0.01673319437830632,0.012766334689580126,0.009665139406299247,-0.00023436432787104795,-0.007417412008275062,0.0014838774072784989,0.008930852247522828
2023-07-31,-0.0056400526042869135,-0.016035655654302386,-0.005049291997771953,-0.0039937963793781565,-0.00010477691343348207,0.003314104904798436,-0.03292025175298729,-0.0056622377600824645,-0.040274785839300886,0.001888990514524909,-0.003014042984607765,-0.008025308490770027,0.006578770328909779,0.0014796221036905326,-0.0010781259337589717
2023-08-01,-0.00324153321823412,-0.004627362250421294,-0.002213627494241892,-0.005239958995677648,-0.00506304167084597,0.012258695583685924,-0.0036567473410929526,0.018905812740354227,0.02330474713344939,0.004275293358091776,0.006647014389648037,-0.002964720430937041,-0.005133146733388944,-0.005856445652437481,-0.009489543761082065
2023-08-02,-0.003622854909338319,-0.0010987299702646548,0.0007845784246066885,0.004345734630314143,-0.000670067713469683,0.014207822297493929,0.002620630231443508,-0.003974463446096172,0.007855303161242666,-0.023817942741500876,-0.006881880800833093,-0.01155760442646716,0.004138109760982097,0.011685561669247092,0.005819433973742201
2023-08-03,-0.00027131187236899626,0.004866461831180474,-0.0032477074896865173,0.0016519904270625647,0.012130279216088393,-0.005192025676245562,-0.0006961959249905734,-0.006701001221342359,0.0011046922029728456,-0.003688419809481515,0.009855437224498475,0.0001342701690542035,-0.007717126934785561,-0.000829551299995874,0.0022633330537581535
2023-08-04,0.0034914995461877794,0.004923695818733351,0.006367057107791358,0.0030792207072790714,-0.005912852298551867,-0.030126671524816385,-0.0156963059105504,-0.034325423435118296,-0.008410544176083428,-0.012410988425895145,-0.0019014238174476172,-0.012456533502290382,0.0061156513563018445,0.010940596731040718,0.010462236467396246
2023-08-07,0.013676114292541473,0.00538555157804312,-0.010201560058423391,0.00552716549091134,-0.013571765331866839,-0.003196966894410288,0.008483957054012848,0.006228118700481102,0.002163272562097366,0.004136066214145444,0.010283262534753736,0.015759994869320258,0.00974906858842595,0.0008951152652899069,0.003316758075802438
2023-08-08,-0.008532437638867282,0.010739420774901264,0.005205485512639492,0.01354741266406345,0.004867300095217696,0.006415063292976623,-0.0017930666413701413,0.0012563983335373281,0.020193915831993595,0.0021446843718551456,0.013043019490524093,0.012330120150463985,0.007495347625980225,0.0018512294322904996,-0.0041053533778325395
2023-08-09,4.1855907781826636e-05,-0.0011417329002726948,-0.0029998785682232186,0.000799561771343269,-0.008634332545683712,0.013990764489352811,-0.007472639601881492,-0.001533228551379287,-0.008097134073902706,-0.004816549530029541,-0.0234520894625811,0.00171116778162535,0.0045381128914357095,0.006536228950988215,-0.011062883679396682
2023-08-10,-0.0054353065897688934,-0.0012997356840572251,-0.000464507565324132,0.0017303388292972954,0.005605641909060873,-0.0072350196568532685,-0.013494473528882764,0.008262964834368808,-0.00949923881749026,0.011256877589558657,-0.0017289330838439441,-0.004848107353200289,0.003929383601769107,0.0052946421737844074,0.004540168630375793
2023-08-11,-0.015809537338378962,-0.007026311629505058,-0.009486847106061952,-0.005674579931246688,0.007680925472334056,-0.010866254946262711,0.009270683421835717,-0.00669984943786531,0.022890888715968605,0.004953061005648163,0.006637721793718447,0.008632909476626495,-0.0008875965793119804,-0.00446095734895026,-0.002880807208633714
2023-08-14,-0.0024356838427007075,0.0038793236992895504,-0.0029283677872535482,-0.005326537389586095,0.0011710995861645502,-0.009432723099443726,-0.007002453451890202,0.006863607806250176,-0.03274204074858093,0.004698116575286162,-0.004458325916244411,-0.01739216178730824,-0.011461026520436108,-0.015940609337438898,-0.011647826450413469
2023-08-15,-0.010860320271465461,-0.0001407410328748888,0.002594653462458812,0.01326401907947819,-0.0067150086411215636,0.0004303955708874242,-0.008595606273428176,-0.0016610928568075427,-0.009882977088933969,0.002276006103527491,0.01436833102437628,-0.0017493879627939,-0.012109958718074448,-0.0014376590871086692,0.010409300748285165
2023-08-16,0.0004036264464198007,0.00426213472743635,0.007395756584651841,0.0031908347459373952,0.0019729169495662224,-0.0021123844557584463,0.009733436993338777,0.00015032674312343876,-0.009270856945479846,-0.013231080419216895,-0.015202265202959779,-0.013354348699830869,-0.0027330843686785185,-0.003776324837741852,0.008001047673571767
2023-08-17,-0.007812686079195538,0.006520254267254902,0.008107658120327875,0.00027909586474312805,0.003758584285923831,0.00260486600448121,0.0016402794609689337,0.00139788168096439,-0.007935230108681949,0.0024738491403222687,0.004476557348529839,0.011727272199457128,0.007047244665052787,0.0017984909628733984,0.0020653674254401478
2023-08-18,0.002237848257896429,0.0030197872104040617,-0.0010027549540873064,-0.003349871642545692,-0.008149593254347085,0.007811977780918935,-0.0021288531442838106,-0.011255249931451357,-0.0031306144754025276,-0.0091636942608457,-0.0047359287469381514,-0.0056945951206311615,0.011640332975409218,-0.001991978332312072,0.007018218801506138
2023-08-21,-0.025501073617222935,-0.017338601206164254,-0.03233588876141004,-0.015544707508323742,-0.021656101402775664,0.010017962072332593,0.001959281917537893,-0.0014885080573759472,0.00887993450630055,-0.004813600578682655,-0.00409227677867335,-0.00639996744768529,-0.02000516156998683,-0.0036564161665121418,-0.008682130901684258
2023-08-22,0.01197032767002156,0.004190655328519214,0.016391033278110742,0.0069166975915639604,-0.02006837153919023,-0.01457782502029211,0.009528876579462206,0.02586411320502702,-0.0006866699576114168,-0.00880009531189941,-0.0071323195671073045,-0.006293249933713798,-0.0008482391748964607,-0.0046628009221441336,0.0007361023631478954
2023-08-23,-0.01200482458517486,-0.006118418360687324,-0.011064835789299102,-0.019194609641129977,0.00010582899578302253,-0.007833981941708552,-0.02788473589143929,-0.017400356970758424,-0.024078109119385415,-0.010743462148606709,-0.011213024595267138,-0.0024970619456867677,0.0025205463242681148,0.007118238817169054,-0.0020600899433321036
2023-08-24,0.0014153523538885584,-0.00031718939814205107,-0.0029644576438622385,-0.007061173764643659,0.0019177611614988816,-0.003499950297701838,0.017055330650773463,0.017644820727245547,0.0009381114477954211,-0.00484476565915298,-0.0014490011444983986,0.00425890849046326,0.009571162752943108,0.01074720346233934,0.010276684992786726
2023-08-25,-0.010612608796574913,-0.005042388587616429,0.0032773358713532254,-0.01089558268263927,0.002526202868573192,-0.01721992622333694,-0.010482407665467031,-0.0096186970029685,-0.008255974850770708,-0.0015374281163559875,-0.01709432542707312,-0.00450498305999795,0.00808748275199157,0.00880412187763066,0.016626203392189988
2023-08-28,0.00807822080095683,0.008686017935150616,-0.011459344995998082,0.005408577471396554,0.002413105635389552,-0.010408675153277386,-0.031256232296485886,-0.023314617991558716,-0.024253767946160264,-0.005183937722790813,-0.005495813161255308,-0.005083712607041374,-0.010172362211585762,-0.019331356506146508,-0.012484471408204672
2023-08-29,-0.0038579860492180132,0.0018626507655815387,-0.002123357768554138,-0.0009701941917154501,-0.003464031738558427,0.0159099004953384,0.022280806115300485,0.013997337018595258,0.011477539443258722,-0.012424842954100833,-0.004001624442898142,-0.015970818434141335,0.00555169276927297,0.010883807900111495,0.005626169323429944
2023-08-30,0.006903607298910994,-0.0022364090398178105,0.0034391959906698313,-0.008819741847071048,0.003614699251702754,0.004074272015579592,0.021469413541306305,0.005951970525875004,0.015205133896628333,0.004053023878222548,0.006934305365513876,0.0206093346992917,0.0018152871882754535,0.0006777849322424276,0.003998127926324842
2023-08-31,-0.0074738110440627035,-0.00738169477182073,-0.0064548123660241995,-0.0063002189164177175,0.009654607783457891,-0.000662205643387169,-0.003540332513891002,-0.002797675183528586,0.0024678902457572214,0.00546211437938877,0.009368909186497729,0.00682998020214644,-0.004333624422404849,-0.013086360357525379,-0.012008658038511758
2023-09-01,0.003961443713672521,-0.0037374470543121343,-0.010421404499878455,-9.911443151125335e-05,-0.009416274012091082,-0.008097166819106055,-0.003631485582854752,0.009821590375038165,0.013386565972703547,-0.010632327524457107,-0.009693529828446547,-0.01603408427499368,0.006220989401412118,0.011944722860476223,-0.0032036923545170175
2023-09-04,0.00837981900824688,0.008068660538066031,0.0011080582182649186,-0.0037253179666051957,0.0058219641795389,-0.003030496525127363,-0.005752162932065682,-0.00022791506511758854,-0.0018943130658584573,-0.00046747579645793646,0.0004373995870064903,-0.006062502667888849,-0.002691145767278382,0.008209011824741177,0.014612545201664093
2023-09-05,0.0036664429844144412,-0.004985567260783346,-0.003189779383689806,-0.008107492407031546,0.0049585942225941195,-0.010931872031506534,0.00156256528941055,-0.006106994155046614,0.006533655485684876,0.007496185662315541,0.0011618566792612412,0.0033373335302562005,-0.0016813876460065212,-0.004831482143108253,-0.009389707189478697
2023-09-06,-0.00813966811378552,-0.005570638277773452,-0.0016259535822501798,-0.002566647090462359,0.0032322355500347855,0.010313124759336078,0.0005210892851630266,-0.012035961935182958,-0.020738772121326358,0.0016167293631775984,-0.004778878306396117,0.011708527955993125,-0.012334396599955671,-0.0009841751588031229,0.0004887310131909939
2023-09-07,-0.007417614528006303,-0.0016224611226198912,0.002226572787909664,-0.002477470383783184,0.014533734889454423,0.010416433477623136,0.011606822596943636,0.012889065232614707,0.005601522534794833,-0.002646842065865496,-0.014489531167865374,-0.012592157994719886,0.002880366403192035,0.0014855274631476794,0.0047459075219524055
2023-09-08,-0.002772897386554835,-0.0035954300817285442,0.0005746935673247183,-0.008041023335251918,0.01635120966821458,-0.001010618309520199,-0.007280670063130066,-0.013562493982380562,0.008214399169417679,-0.008751413979768271,0.005451557701858636,-0.007229920775328077,-0.010278684580790532,-0.009490049160855586,0.0016401162377207906
2023-09-11,0.006609219830329579,0.016288718038759736,0.0007325939833549976,-0.008876115128876856,0.015194764946440464,0.006149257718662199,-0.009666375253403879,0.001007211568192889,0.014474359968979044,0.008787905455954656,0.01476205052951715,0.007587302842865183,0.004175977849339084,0.015461241805597816,0.007294976683701933
2023-09-12,0.012336910699764742,-0.007462803796488544,0.004393093425467499,0.006798794880007201,0.003876469855952059,0.009812729249127275,-0.015203645491858306,0.005678642739821469,0.012169224912376498,0.014239955305211795,0.01838423965377551,0.01573790413869004,-0.01533095052022713,0.0002665435449206218,-0.005460851277780149
2023-09-13,0.0021403365121216607,0.005999035276519484,0.005325494268401735,0.002346098194484995,0.007976076687207482,-0.00571341027341994,-0.018221985688908784,-0.00771141175936463,0.01641431547497116,-0.00012476528482113607,0.010852365088810118,0.010368363397942804,0.0009212524924526559,0.0038042528706151006,0.007291350600876473
2023-09-14,0.004047083541177961,0.014444880018107058,0.012837622837325192,0.006575800801685099,-0.00047300649879999197,0.004122312200468995,0.01229643703004855,0.006518363906121001,0.009525858562446511,-0.003452334978972556,0.004854079808598072,0.0025037400572445784,-0.00430431720620985,-4.419565390744293e-06,-0.004910282351997495
2023-09-15,-0.001148447541569158,0.0009012787905534538,0.007534489638304533,0.00032640778096548317,-0.01474793473283498,0.01793911273809689,0.022462953098192403,0.016676525370518586,0.0186248074666347,-0.019526258413577368,-0.01600495980091444,-0.022399953213303285,0.006906063374560206,-0.0010941887892097638,0.004363377934241078
2023-09-18,0.0009876372781918736,-0.014207502323368749,0.008566440349442003,-0.006448049164780404,-0.002144876397635792,-0.01891478620201985,0.005486713886639377,-0.01499596258441846,0.002041888081296879,0.0013802485410212557,-0.00027535442830404653,0.001340179547419967,-0.007515939001341924,0.0124111424138695,-0.004827776002401617
2023-09-19,0.004367149040864235,0.007093041732742675,0.012288480459874759,0.009193233927746132,0.008112164136166321,-0.0016093585605967849,-0.0011359135316390948,0.003226618715932414,0.014754783925867265,0.0015074787903178238,0.005020389927730225,-0.015154270351783607,0.00203855596723083,-0.004810320242471149,-0.007499573047317256
2023-09-20,-0.01608551926254405,-0.017368291934940515,-0.012159649317305152,-0.008055739831030884,-0.009442924312251945,0.017337995364779337,0.0028512634502317735,0.002980738044846259,0.011656271855873859,-0.0036703825737576965,0.006314525025000656,0.013205392620654243,-0.01026236706117571,5.4185229638436735e-05,-0.01631398391412911
2023-09-21,0.008769682986872779,0.0014747931324588727,0.004099321924771785,0.006517423786085939,0.007424777389514477,0.0018918142080355423,-0.006455740845657625,-0.008097054927107395,0.009696303231586535,0.0018280609118809569,-0.004594839198895261,-0.0054843174823224865,-0.008224029561197823,-0.0032113590785450077,0.004499408428800677
2023-09-22,0.001486956127550078,0.00485193454227586,-0.004459048259936489,0.008107796803048538,-0.015451145162164722,-0.0262435390451011,-0.018744613409869035,-0.02285154683191,-0.005397854333004934,0.000253068787621563,-0.00566884830215989,-0.003745823727926182,0.012751105765036304,0.017423268988391055,0.01825679365125884
2023-09-25,0.020616423558011673,0.005219240498466582,0.005376441935848525,0.0038851145658926342,0.01795067328382184,0.020155878290795057,-0.016089917845889142,0.00833904115249066,0.0035433125634627923,-0.001461028583572133,0.001636155007614085,0.007616481667939759,-0.007596150675667728,-0.026090503373009815,-0.015807011318573073
2023-09-26,0.0021919345281147537,0.010073818978524426,0.0025264105714176022,-8.488976447737235e-05,0.008263304756676845,0.008366131756051063,0.013341977197864306,-0.008481466164863668,0.00019306076339662553,0.008880390863452488,0.011050106864139602,0.009040381370475876,0.006495660200917082,0.017848922094598412,0.004467253383620993
2023-09-27,-0.012633054664275722,0.006200366340120837,0.0055605700190867625,-0.004047201488172656,-0.0043436952064326954,0.00571113503132706,0.01293789714082964,-0.0015250234871413502,-0.008947456835550153,0.010856717705702665,0.01246341558591911,-0.003942366830035552,-0.016416357890287645,-0.01724784054223002,0.0006872759417071066
2023-09-28,0.0022713988273427737,0.011296783953529118,0.0015420427577482795,0.0011995579991818123,0.0005403548910268051,-0.0064977354742610585,0.00021511621353981778,0.009085269143786816,0.010864532112429319,-0.002339809802396028,-0.006218371973752859,0.00019029352708664594,-0.0013223924126543165,-0.0126158908793647,-0.00820215313783502
2023-09-29,-0.008604176853545897,-7.733295205889987e-05,-0.003284494887026544,-0.014390503806428489,-0.004633010075068504,0.021279783098610762,0.03158380065041865,0.006454644103182434,0.00638311171223005,0.02153042589757817,0.01700131513393489,0.024996410721136585,-0.00261990456734448,0.000726978188703845,-0.003445786680495282
2023-10-02,-0.0003913231486671469,-0.0031914956795666832,0.005219497988294692,-0.010644239239928119,-0.006692823617780765,0.017963517615588957,0.011325079506792207,0.004547675042702428,-0.016414120268998966,-0.005167264541360338,-0.003756008513120062,-0.002024519403447109,0.00418020797447778,-0.005140618718144077,0.005717187288417963
2023-10-03,-0.013258297434868699,-0.015877327053524307,-0.01674544908275399,-0.005084662850463821,-0.015160841460082158,0.013820616386964312,0.007275172394967961,-0.011940495520061331,0.009224879605348348,0.006206107860842049,-0.0023617801436972567,0.0016280028419635917,0.00014053082669050494,-0.006772225934886237,-0.006959219914267055
2023-10-04,-0.004997333338523659,-0.004645810306409645,0.010587375718750474,-0.009660922782382442,-0.003007311468857553,0.00999269212223017,-0.015032346431799544,-0.025592207613701023,-0.008900973469433467,-0.02514555605016574,-0.020497933954889788,-0.014300781959871141,-0.0018243399391753281,-0.007664958054424192,-0.008250067176612965
2023-10-05,-0.010815464292956253,0.002576310333573308,0.007857420119780183,-0.00617620268198793,0.009043231406131565,-0.011837062429740756,-0.024137916350050075,-0.019940839572183837,0.006747797111501473,0.016406287544263695,0.023172842591523066,0.008787729309371772,0.011626873614955955,0.01609593727851196,0.000378168399348372
2023-10-06,-0.0026543225628625376,-0.0003480379326301058,-0.001555642543321857,-0.0021444708824253783,-0.0108375011995651,0.003969251643401583,-0.011720394535379621,-0.011066083142105153,-0.026598848281418567,-0.0052810105928593806,-0.0006379110138406367,-0.013809737952453414,-0.0118397542329649,-0.014102304933577982,-0.004784046996496118
2023-10-09,-0.012198790329632135,0.004910247488142835,-0.005583713450997732,-0.013283879137069606,-0.014533028963529603,-0.005214138332416758,-0.014036149093513018,-0.003310695143951085,-0.01144079028428598,-0.007261023659507346,-0.0012664082047164123,-0.006679320880289084,-0.01558290018656366,-0.01875768649941189,-0.010575330377294755
2023-10-10,0.017480179908421142,-0.003697047720871003,0.006705095084100734,0.01648004670226779,-0.00964899628566331,-0.018605053513384786,-0.0171824461631192,-0.006909591272602326,0.008339003269995822,-0.00953847726193927,-0.00478992176892651,0.0022484930182453894,0.010206043584958888,0.005679815714033282,0.013706139817671686
2023-10-11,0.00204451814727209,0.004849215150181718,-0.0025050143894165397,0.004319152020809063,0.00513716181460569,0.002933796763475389,0.0023346200669316078,0.002489228103681439,0.004071568002539018,0.004209485175930418,-0.010305646455569032,-0.008681472438462684,-0.028811636031979868,0.002218001421116382,-0.013994350271081405
2023-10-12,-0.014380092976757977,0.003473331859739935,-0.007191070409142936,-0.017760229954956606,-0.0026846858127787714,-0.006706542035021974,-0.009212013867702908,-0.008219845842312562,-0.0011687031055113602,0.004303814817428978,-0.0029593794830672228,-0.005007984820289353,-0.0030946650103161793,-0.0218128519330974,-0.011786592552311674
2023-10-13,-0.008091246816030611,-0.011704808138933494,-0.012028646299671528,-0.0011520113585652674,-0.005092371182382007,-0.020261978841900313,0.0017071003480512437,-0.005373549353725414,0.00851223746028584,0.0011865829541919618,-0.00708714898738309,-0.010403717927667129,0.0007040050727255744,0.011906262140065734,-0.007727339756568207
2023-10-16,0.0042664584525589685,0.006667356048876678,-0.0009621380419671723,0.010079382023762379,-0.008194269969997945,0.0037139116336388986,-0.010705194590158538,0.015764018236543074,0.0009625535018184467,0.00806789333262174,0.013511470071773498,0.005052014071444523,0.0105055976849808,-0.006185786988309811,0.007052601267704561
2023-10-17,-0.005838514958321384,-0.004844404678586271,-0.0019529451224069658,-0.0029381555976346263,-0.00922941014806563,-0.009626640937794053,-0.022760831562808226,0.002134991699409205,-0.025707973258306305,-0.0034973730000591313,-0.008163650049706029,-0.0006822179130435146,-0.008512046075083844,-0.0011934819935355233,0.010958716704762457
2023-10-18,0.006999786178617095,0.010315933374374652,0.0035534330289272017,-0.003312072742149873,0.004801790713093547,-0.033068457832734745,0.0005340751992348111,-0.004905666884728876,0.005915510000651327,-0.012742731893693529,-0.008230483317263346,-0.01135504489251031,-0.004081929625755992,0.010849754972548982,-0.0006239606746734118
2023-10-19,-0.00038787007484294414,0.0028214741533360175,-0.0010764295836430465,-0.0034915792629995313,-0.004535156556520283,-0.008378506763728465,-0.017198216920675143,-0.014936988863200608,0.002461418137792255,0.0005634358832365067,0.0009860565792173598,-0.01414795840934873,-0.01098220216397111,-0.00279759963182853,-0.017047418145632848
2023-10-20,-0.011087937530823603,0.006524314117066503,0.007333521454432846,-0.0019524830783280705,0.00320610999383612,-0.007901678149028129,-0.009970380887698064,-0.004375943910689741,0.006907355067995792,0.012790994583110688,0.004348830116017889,0.006775375460254659,0.0010962130465256867,0.00872263121605813,0.002520955124598692
2023-10-23,-0.006574181906042223,0.0017123901988654008,0.0024637873683036665,0.0004027127209077477,-0.001789844989643756,0.015737591850465214,0.0085767463190162,-0.001523155728863421,0.0020685293471904937,0.01362512500483777,0.0021624243839081588,0.0033040500440703526,0.010399964718563557,0.008288357387861527,0.0005417889827718265
2023-10-24,-0.002910451807689852,0.009209600242729946,0.003623445128064503,0.00891384563129178,-0.002016360892746369,-0.021206976927116976,-0.010287055786375964,-0.0058248445045386895,-0.004639404309026327,-0.004617367310373606,-0.005504022200625635,-0.000990654357746425,-0.015607464365554448,-0.021330486374301114,-0.006731969428757641
2023-10-25,0.006897891466331222,-0.012334544220413399,0.005283805876159715,0.0017825890765402297,0.00680926062341608,0.017982980879887242,0.009189335140696685,0.018876528482005175,0.010418377327173803,0.010137613201369921,0.019676684546095,0.009981603040059638,0.014211743186140848,-0.007343191042691449,0.011011244191394836
2023-10-26,0.0034027886439142977,0.0007278792574938882,-0.004889680186302239,0.008342549335987432,0.00849756408159034,-0.004041016771886072,-0.008654698389071767,-0.005694974626193562,-0.010739232564942395,0.020923874622189798,0.012986926357919757,0.008788653727825328,0.011597174617704724,0.007066411027402353,0.005965122270742737
2023-10-27,0.013806188131078222,0.006000890929136497,0.012314804414660672,-0.0007940856038995189,0.0032353070599181843,0.01669549433911058,-0.0034190713019628463,0.00779385474539069,0.021279231383213543,-0.00022701031969636024,-0.004524233463954331,-0.006965702339712072,0.001050278812613454,0.010073320077459529,0.001619473604429128
2023-10-30,-0.0065110401726625675,-0.019490456979895366,-0.003114887064797191,0.0007138617436106892,-0.0074258616834007585,0.0015282811488658565,-0.005001475338775008,0.0028317690746670933,-0.00871682444915501,-0.021204918580857584,-0.023721751494546035,-0.008164803100470033,-0.0026459061561543793,-0.008716149705367809,-0.006173795606752119
2023-10-31,0.0062720633369571874,0.01650420175018369,0.001657800934867711,0.009965250563180612,-0.002456237094059092,-0.006840081930977985,0.00818822959165319,0.003122184811651691,0.013877759426697188,0.011859210482252724,0.015464126330570607,0.013075605681375705,-0.012382050178553431,0.009384514549530293,0.003814674795841206
2023-11-01,-0.007556726597293708,0.002739810889262339,-0.0007990761409986565,0.007291810990221943,0.009394895824090624,-0.028854440140888116,-0.007104376639530331,-0.0026295252312474567,-0.012819341982744582,-0.00013144601144608054,0.00028905653272627216,-0.006810163194881085,-0.011690116671451319,-0.012686458821541968,-5.156150274815245e-05
2023-11-02,0.001807372549269254,-0.008537864284215569,-0.0016060037564714275,-0.013017470217305179,0.005384375663613511,-0.01631236583853674,0.00015899832976982824,0.019807576110958056,0.01723552099348725,0.005866145708009126,0.0028229038837305712,0.002399748365215673,-0.002382817625263614,0.012010908003711272,0.005576283355725962
2023-11-03,0.000347912151194534,0.0038422513574449995,0.007089936168736639,-0.006033378342328942,0.018861796728852596,-0.00394050124247926,-0.0173216478210209,-0.006268607244739162,-0.009313368644941027,-0.0019923591476087897,0.011875220891157005,0.0008484805328999026,-0.002037603335779782,-0.014939635789897423,0.006341127881365271
2023-11-06,-0.0015272238767591912,0.0054522665989820964,-0.0015058748529074995,-0.003895256179010869,0.001738426564691756,-0.0010582591068140183,0.026090012385409922,0.028573825542174087,0.019987832359133925,-0.0028517141629570714,0.010361566912458759,-0.003866435051073049,-0.004195313989875199,-0.0036408891310489378,-0.013923890357769166
2023-11-07,0.0023300575121108437,-0.006701364370563605,0.0025223387649623416,0.007366449914065846,0.01058418968081616,-0.006829029645161472,-0.011901389642519581,-0.003120477714798075,-0.021193740743341252,0.00756924411131414,-0.005586497682385446,0.013678926078054227,0.0012245872186505205,-0.0027670920756123728,-0.0008200997279519069
2023-11-08,-0.007629890259801824,-0.010047102989834814,-0.009091215824464054,-0.007775721663487034,0.008592147555173239,0.004185004606690012,-0.006079338427056808,0.01384295608017251,-0.0006223535736756096,-0.008206790288597688,-0.02031174214925906,-0.020838368338969945,0.0025588634654950685,-0.0012260694378793402,-0.005472138789719999
2023-11-09,-0.004260009462239022,0.001809418374673066,0.019561964481204033,0.011375787353293188,0.0063442370903472895,-0.0005807737153765629,0.003245140811889405,-0.005247897704029475,0.006185197549539954,0.014001328706049913,0.003406057990284265,0.005881396672339152,0.0014508190178550311,-0.001065231215576232,0.007561138643318846
2023-11-10,0.00012495625427716385,-0.0030056010151047557,0.015683668342469977,-0.007689162970291267,0.0015036854536628487,0.03215325539794174,0.009353829074120239,0.011763466296378589,0.016276620830833213,-0.005761777217036613,-0.004670195599321744,-0.006483407740032715,-0.012089274925765094,-0.005224492057925437,-0.0044599672848276385
2023-11-13,-0.006974281602546136,-0.004081825584199474,-0.007170608066425003,-0.0028262744034508324,-0.003184919805056541,0.014501935445429498,0.009875756777950847,-0.004480254529541155,0.02912955007104586,-0.0017747493251588958,0.002846464734695728,0.006521137733874509,0.0007690767183961816,-0.0006672001498491805,-0.0037782152595776364
2023-11-14,0.010106919906539412,0.007315054218627524,0.014439600158832798,0.010406151475688154,0.005729409247798717,0.02232325602761274,-0.005161683267673313,-0.00598155116565588,-0.016371453127791556,0.0013069031836264295,0.008044019579643803,0.006612333119556439,0.00864532320102979,0.021001885977091593,0.021342997730529757
2023-11-15,-0.0047536273167401695,0.01133941962421125,-0.005394227888635501,0.0023176317452860635,-0.006794035394634317,0.011073700257147316,0.012033369455675647,0.01851753572947954,0.00024072762521745554,0.009236096757886343,0.0026677932585927014,0.002422400418928318,-0.01180890977751911,-0.013275329932784371,-0.017612301102561886
2023-11-16,-0.007671771724180734,-0.013172907975603075,-0.015130602373205983,-0.005084684720625107,-0.014802321088062294,-0.03295660780806689,-0.013249135444261463,-0.009471451512456666,-0.017590927222174816,-0.004409168257365319,0.0032366842033464444,-0.002727110179390176,-0.0031321879827743314,-0.010553390751446092,-0.01593043253758739
2023-11-17,-0.006563743595443564,-0.010794582910546751,-0.005042099237061897,-0.007396755831180397,-0.020959175551367296,0.006952231404655475,0.03859572543576467,0.01583971583297508,0.024196320692494465,-0.016926785849376548,-0.0034995022009785843,-0.008275727054752562,0.002097389102329433,0.0037383257829372387,-0.002985774080548958
2023-11-20,-0.016081925746195366,-0.00025784189325047703,0.014658927728567077,-0.01821230120544055,0.0038458047955970756,-0.026564372504535614,-0.012944637197061452,0.0011483554961825198,-0.01870502538860225,0.0041354179372665775,0.011904089048895613,0.008394502533035211,0.007324195846454343,0.011324908908803725,-0.002572270082834626
2023-11-21,0.01105047030927252,0.01899784282331729,0.010619462835747868,0.007381398899744568,0.005398664303989995,-1.3361259943809461e-05,0.006417480495605041,0.012692644828123215,-0.00894313478625603,0.004089054047003214,0.0034131118489612146,-0.0012443074130627225,0.004852942870190862,0.0069136177104335145,-0.0031960893770074
2023-11-22,-0.013807224769688056,-0.009091572034497291,-0.013189419603201137,0.00973484954804649,-0.0054880570868982795,0.02135368075637178,-0.008532745347847185,0.011491310882134944,-0.0010047405380322926,-0.009724020804422709,0.004810477989402061,-0.004605709800511921,-0.015893983330626534,-0.016190617330313323,-0.01051599894562185
2023-11-23,0.0012407255312972703,-0.0051861546205169175,-0.001343027260171394,-0.005355698332623162,0.0032116451053031446,-0.02454609143556845,0.0030220370536870583,-0.016068414413745617,0.004942554660040893,0.009382323286052615,0.009295183367948334,0.009787006944209652,0.012758351517266078,0.010499715548563722,0.018892299202333932
2023-11-24,-0.011887096076516408,-0.009061321791305692,-0.012289688937104687,-0.01130531963053523,-0.012914419246337306,-0.004387473764571625,-0.007274784939754298,-0.001363446422254627,-0.01228029088590148,-0.017330352685874434,-0.010614848652267462,-0.011497860037739767,-0.004251565771498119,-0.0040552311048514455,0.003921316038765311
2023-11-27,-0.005384741896713171,0.009463693300563318,0.012694309187325541,0.006131225757481713,0.002290744410299292,-0.0018628837298749609,0.009123349952950461,0.0065516545220389265,0.00880888317429105,-0.00766887239948426,-0.0042633571943419685,-0.008854886707508787,0.006423293681188582,0.0017817054324138124,0.01084490666023141
2023-11-28,-0.007371018520471744,-0.0006881485184027684,-0.001336352903819374,-0.008163864388767867,-0.002381181747498207,-0.0018732097203056058,-0.009347246444099944,-0.015623257704247709,-0.008175430129677487,0.004490287287704834,0.011573356663141434,0.004872658279529802,-0.015197339226341037,-0.016500247174341093,-0.004475652759061117
2023-11-29,-0.011276200520187274,-0.0041409073487699045,-0.013871553395850143,-0.006397560442751532,-0.014108833563382914,-0.005147908902382071,0.0005633891938500194,0.008374515972031822,-0.01388468886638678,-0.0084352665967643,-0.014317887344929236,-0.01365410223162285,-0.008621324745938823,-0.0074519940258410775,-0.0126515250172893
2023-11-30,-0.0077358552446226275,-0.02209412504074065,-0.018243844629226205,-0.005498132870973712,-0.0020130573215053384,-0.0031092078812414528,0.00896865584123809,-0.015191482874475982,0.0005370961475309501,-0.002373089476804503,-0.0032155442628484473,-0.003085529596122512,-0.004650868130987841,-0.00046089210304204936,0.00018716857903290112
2023-12-01,0.0077239084848017454,-0.005772409125916072,-0.004247330421459955,-0.0017638216587818128,-0.00915675390193759,-0.003659040706036739,-0.0006467791856733327,-0.020439026441910722,-0.0046700558918043485,0.00974134584194058,0.010223950642842615,0.021584599286828158,0.006601589989923423,0.011943940097113508,0.0038317482801458053
2023-12-04,0.005208432837278013,-0.009682668413534852,-0.0033296277938329455,-0.00039908602710914034,0.0036487897842890017,0.002750286080603582,0.00617780550756002,-0.014739320509421174,0.0011946992870511333,0.016978167165249688,0.007600808082573116,-0.00262088589294883,0.0009540006326136524,0.008258244331483571,0.008507516904384841
2023-12-05,0.002797772546499322,-0.0026486106460766306,-0.011757922084221087,-0.00033316962825325185,0.013140835366036604,0.001449798355738228,0.001350292338095401,-0.007041646457151374,-0.00708597557145398,0.020755779049667782,0.016303122607679302,0.01656401050379041,0.013322157075162403,0.03141747065301602,0.017824654230445835
2023-12-06,0.002508054190307648,0.00568703853222678,0.0023205371377766843,0.006410493726582748,-0.004520019156840715,-0.02195827081588919,0.0015325393461069325,-0.00698189792915317,-0.024609470890596112,0.01757829105229231,0.011712742358775901,0.01702907675730521,-0.0036400216143855804,-0.0030747835361906984,-0.004219861913576424
2023-12-07,0.00038661117200082876,0.00851654936521044,0.005866600743187134,0.010803968698480569,0.004403911082419225,0.008454683221245292,-0.005379871241123661,0.01582200734507253,0.014581219596599646,0.016327579602465277,0.0038327024311588668,0.004169842264181728,0.001181622199125129,0.015634539903676286,0.0026932891863866645
2023-12-08,0.006358439784991624,-0.007485386120585165,0.002897913572994312,-0.019185282765329187,0.017422286542872523,-0.011075619447225012,0.0016998556125339525,-0.01896890644693497,-0.0062282758815447835,0.0031235931885483176,0.004821656628646465,0.014017813101808435,-0.0005009029467276972,-0.00469399868326624,-0.008113129363756449
2023-12-11,0.008099131597230528,-0.00563610819266182,0.0012215177507019458,-0.0009402386126230819,0.008369655608958353,0.015718288075290566,0.007730758485212166,0.02028222793219289,-0.00734202626143117,0.001113759657446939,0.012819637966014642,0.003394572751076898,0.0010642660448628985,-0.003573104725217028,-0.0017346419019723476
2023-12-12,0.0022938588931264168,0.006007153475102448,0.00029646561968922993,0.008232543454242075,-0.0020627054857426585,-0.004377745408539312,-0.02158733858188741,-0.02579586711641623,-0.01659001249362463,0.0017211525160872828,-0.00524719169883308,0.005982228596387612,-0.008922444724738065,-0.0031941408540393764,-0.0061443636897705114
2023-12-13,0.006773717575081247,0.007504555031621786,-0.0013935601857451704,0.0043879278187509895,-0.011184961304208454,0.009752414869638123,-0.0005980998287200504,0.03679573951282736,0.00756578188311298,0.005446148181366531,0.006713520315816354,0.008411634402171492,0.00769058483953528,0.017500205582897152,0.012209421321442357
2023-12-14,-0.00549005548191251,0.003484435301072001,0.006764242146177987,0.0023653345548409845,-0.0017479671783135718,-0.00190917852938189,0.00012294536610335527,0.00235923407254398,0.019370110497842086,-0.0048110138615116175,-0.007108670230879464,0.013408738401979021,-0.003762563184663819,0.007223032798327861,-0.0020224557762287113
2023-12-15,0.013761085167917244,0.0002105192722847869,0.0056169229795400115,0.008656801141333131,-0.009090244614897049,0.009010933028385197,0.010081478589883109,-0.010510035782096855,-0.0034277263874352426,0.01581943016950812,0.010581553680352844,0.02077890754080467,0.0021316372066897075,0.004037019305899083,0.0011123483980260674
2023-12-18,0.00771347321501744,0.001083852229358453,0.011157526555940994,0.012504208042554931,0.0008189396268023148,0.0019325703977603327,-0.011616603192937787,0.0067450867377811564,0.007844671184099102,0.0033240921351472704,0.012627197515406348,0.005834344857132459,0.011733168541434939,-0.004610291502910854,0.010637032773974778
2023-12-19,-0.0024372569751322315,-0.005579673514154726,0.0009055729302339163,-0.009265818384868174,0.002362187314440163,-0.02322422492263202,-0.002787282200737683,-0.01904992902020409,-0.01909050073901962,0.006827680282283344,0.003003065671207196,0.01616738020020008,-0.007629886511385848,-0.014714514483922594,-0.012897253689832335
2023-12-20,-0.010053302235241458,-0.004687532893338352,-0.008560886077435569,0.0006698777257631008,-0.01434917453701771,-0.011245751608817103,0.0013299958079187675,0.019672458321556216,0.0070317137212065044,0.003541325343295939,0.003020865618679984,0.00429964623622044,0.0012453035887623138,0.01189356804023738,0.003530301496294962
2023-12-21,-0.007456697701980689,-0.003540559193498737,-0.0024118685243102005,0.000997992496394548,0.007286139867434606,0.0029129795681399014,-0.00018493939364987687,-0.001174689593606097,-0.009995017001369982,-0.006176672963840597,-0.005177985825274014,0.006674990344379092,0.009114752271710281,0.01387444847064609,0.017066863800315663
2023-12-22,0.013785347832805012,0.010242874542977542,0.012195996576717152,0.01427422847665096,-0.0026586506609964887,0.009883145417141151,0.011158129668599049,-0.002484850646891669,0.0036540479757782044,0.01992687348857268,0.00997720532727308,0.01408321773494312,0.0030819371478767255,-0.00647100651678691,0.0012253889109121422
2023-12-25,0.02031277354000121,0.009159100445349828,0.011668475633499398,0.0025987691150892826,-0.007390349125402021,0.022462577766626624,0.011811996595879637,-0.004248223670125234,0.010597601889875963,0.0004015169882785137,0.0029428330501885362,0.007747343529864454,0.01372399382866183,0.01826289029621944,0.010045039163105944
2023-12-26,-0.006403778287356747,-0.0032135086819681273,-0.0051150711325798695,-0.0008012828391524124,-0.024491264667922934,0.0011639054300705664,-0.0030567676893029235,0.0047162057923992706,-0.0056977087440116415,0.00849729398532237,-0.005723829800592315,0.005204652689460704,-0.02192892366635836,0.0019497012199222105,-0.012049220265578527
2023-12-27,-0.00990564756043921,-0.008205352698916932,-0.012607757982128123,-0.0158599073834876,0.00015129283269263005,0.01134406641026315,0.027078536121019035,0.010046867112829067,0.016751576686145218,-0.000602071047156615,-0.0051638262659247074,-0.007428613184418245,-0.006357411843135999,-0.01344618402007331,0.0033676571865884565
2023-12-28,-0.0020766195881736964,0.0021438313897183215,0.00040872446146717563,-0.006492756439531093,-0.0013209942105286833,-0.01572344237983306,0.006762611037332786,-0.03393213541773617,-0.005503357220146041,0.007337221524463988,0.004429941308918034,0.005742267296486899,0.009545299523007865,0.011759893631806738,-0.0066633535069288
2023-12-29,0.008398461188598163,0.007235688073999983,0.00690015790480937,0.008216739359963553,-0.0030670625196709293,0.004272202590665474,-0.005080763603874695,0.0036376971749200954,-0.006738764274649812,0.01570229799088572,0.015037864511778586,0.008283072577679653,0.007195784127460773,0.004772858822232858,0.0058109393289578065
2024-01-01,-0.0010285182733352962,-0.0010627890267971589,0.005804979218331354,0.018538315231411067,-0.010621675911724724,-0.020917573175988642,-0.0015755276019548525,-0.038248710434468064,-0.011519313921928063,0.00673743740184286,-0.007023579957719065,-0.0009129143609688858,-0.0033896505636321385,-0.02753468766528662,-0.01490639627125956
2024-01-02,0.00069793730694681,0.0006125138672703652,-0.001276097525149439,-0.0009634473811884875,0.004628078113948919,0.0004424612822195998,0.0034601520226506706,-0.007515250078473704,0.006562589561625211,-0.00431977591456688,-0.009598283648455476,-0.007069990960090571,-0.01343602331512301,-0.000708228317443836,-0.00866584219248687
2024-01-03,0.0005542008980321698,0.009423682301776398,0.012209397183552639,0.01206925524720025,0.015549825564059223,-0.0006390531648957148,0.0013116420724144165,-0.008161312213784749,-0.0003576991755189574,0.004581752218541285,-0.002790764134612584,-0.005040485508459874,-0.006974660002569862,-0.0010726962311021805,-0.014263990203666407
2024-01-04,0.001938366339271495,-0.0005842104244070155,-0.01270005746085772,-0.0017067646294145868,0.001610353294629733,-0.003736751343551289,0.02253743915060365,0.00980815280970013,0.006033944169975995,0.0005348887482363681,-0.00633440561563907,0.004336581418323489,0.013745129465539626,0.007232653617085659,0.015535130177173662
2024-01-05,-0.011904847915470565,0.00326540956814614,-0.013586840935589758,-0.001695501914226957,0.008395540167983976,-0.007636039520657816,-0.00044056954592615154,0.002528856907498324,0.009604165391547587,-0.006957792578114144,-0.0066536719590509635,0.00048642465546778774,0.0029654441223781907,0.002525017909770509,-0.00012004402984764836
2024-01-08,0.010537644912468582,0.0084111422813458,0.0110671924221904,0.007082331856285928,-0.01076671098147576,0.026449404141324878,0.009471190027538802,0.010915593755333132,0.016858236959050747,0.0036049998332002347,-0.01147426534383595,0.0038662998678131505,-0.007489691106158806,-0.01494815174345953,-0.008177095059595924
2024-01-09,-0.001506760124143418,-0.00015565986028022883,0.0033829448828281575,-0.003004337815207008,-0.001109705037909294,0.02028896745199203,0.007529335406146951,0.011582750299939024,-0.005053713148093112,0.01154580942921312,0.005424645870349799,0.004539021668263191,7.15224458900307e-05,0.0037624821481031514,0.013711193209314437
2024-01-10,-0.0010165554164291598,-0.0012847528611981307,-0.0058666568163164646,-0.015280284011324878,-0.010471126088704059,0.002248317747581427,-0.010050937432563977,0.015866975847624462,-0.011771201345792848,-0.007060142599339135,-0.006680270537596655,-0.007429817437998777,-0.020392258707178867,-0.026204564239614293,-0.02854256296931463
2024-01-11,0.005178687793566678,0.005090736378765162,-0.002178375140103249,0.013738290090964105,0.004924322202302775,0.02503915849195274,0.004081779599518825,0.0037697908375928513,0.009909455964448878,0.01466537877340807,0.009935998913669718,0.006156664041863547,-0.006998731048394841,-0.01618624747351319,-0.01145027476481405
2024-01-12,0.005085575250375534,0.0050583414734377986,0.0006162218773010349,-0.0022290676157898336,-0.012852480212372494,0.019322042645188862,0.023047593004218686,0.015860161088213403,0.02670448047055832,-0.009213266352471917,-0.0030329011105975053,-0.003721165606469754,0.003758924376869102,0.0028784442257659085,0.0007814709140776825
2024-01-15,-0.0014271827783604966,0.005519003205370802,0.008141783306332766,0.009130334012981547,-0.0018852177318211313,0.021489010895503792,0.0008354133088558169,0.009754603075959871,0.005453653506102426,0.011243183668669023,-0.0006786489971464795,0.003817937986988612,0.002047832301001015,-0.0009274528074703198,-0.013129163965590322
2024-01-16,0.007040755922382368,-0.006756772286178282,-0.002534727300883936,-0.002323854202715284,0.005872074463565106,0.001978719808616102,0.013833909410281413,0.007221793881260877,0.021807256481608445,0.011754249730251382,0.0037474479828215994,0.005709944726248562,0.011419472228272394,-0.0009479947502774679,-0.004505191423586869
2024-01-17,-0.02185026370888189,-0.011708723063758829,-0.018106760865239453,-0.016603093643844723,-0.014259858603330434,0.008013943731702122,-0.004581520445508324,0.011612609526142775,0.010285323928332153,-0.0010134205975643115,-0.01173575986393802,-0.015200178632631706,-0.00503279651292202,-0.013797364185968376,-0.0018623205908319196
2024-01-18,0.0011813280256302303,-0.005542035499891309,-0.015446420718920193,-0.011910598563616709,0.002851525146762209,-0.008531129334733828,0.0002544241295786504,0.0013425694441916818,0.0030374389927953467,-0.0014008714740951968,0.0009266286470408763,-0.011314277449960934,-0.010380672057399216,-0.016079485784687656,-0.0028067384877024978
2024-01-19,-0.014570798612496457,-0.0019370405478518987,-0.002501028985161821,-0.006414427631312586,-0.0029021555541430687,-0.019091357971695914,-0.016512199350364735,-0.0016726129041324629,-0.005303265935778926,-0.0070831329812557995,-0.016298650612938708,-0.016379996323815618,0.007238163314980606,-0.01638064980449889,-0.013093451407130884
2024-01-22,0.005921319557677786,0.0015709411816640377,0.006071747972806532,-0.0034854710631641297,0.00902339587380506,-0.005599248842193586,-0.0050088231909975614,-0.004653145869461824,0.009903006078569969,0.003136910105625539,0.0025907400007894846,-0.007983383986366901,0.009822332444365096,0.0025299437403156783,0.005042827614277453
2024-01-23,-0.005797023071860039,-0.005662344407908825,0.009822518062642886,0.006417745159749306,0.008602153904832252,0.014070615303346867,0.016745295764731973,-0.0009995801533709695,0.01155494292082276,0.008491850492501346,0.007651964122183275,0.009925013045899262,-0.011894566206130358,0.0008456280992605383,-0.008620507080417786
2024-01-24,0.0014842717798180607,-0.000511425236953978,0.004140857950035584,0.005148474104546219,-0.0030336853103986356,-0.003850045364141326,0.003427931096998037,0.001959069454534632,0.0164312865994326,-0.0007998338976540728,-0.004016929346191108,-0.009939565769967691,0.014970596584803996,0.01198172642673601,0.010887026340522517
2024-01-25,-0.010058403568743057,-0.001880025503616399,-0.008702251462674532,-0.008525694756474786,0.016367852506223017,0.024117521799261913,0.018548313557957326,0.03309200092130554,0.02101871569483537,0.004573139112874753,0.0006666162440929334,0.0003105906250937462,-1.6950046975487036e-05,-0.005300587306422447,0.00434269368702354
2024-01-26,-0.01409260670408387,-0.002434032974429381,-0.01919334807652448,0.0016347017564208267,-0.003222176950229145,-0.039790666934779555,-0.013580096900896673,-0.014022204032127429,-0.010170828641547006,-0.0024565653638431786,-0.0020071709059066643,-0.007549458689581086,0.0015941354791046934,-0.005878012685874562,-0.003529589050204077
2024-01-29,-0.0012126774436950032,0.00159081883983997,0.003770597276118223,0.003507674169821634,-0.007260352497208351,0.0012693344410400122,0.008704150078103552,0.017282194669952948,0.011277003726705426,-0.0074361160313108614,-0.01168156431061605,-0.012794551175201173,0.0023072621061989746,-0.00757668547567099,0.0021322573419083847
2024-01-30,0.0033429726016628194,0.019188843103572602,0.013388014336509515,0.005219197593375927,-0.005647089617287184,0.010124498128271665,0.012903335283641385,0.021105186357838496,0.012656207092233564,-0.015429320801949272,-0.0027551941660226772,-0.00585336585066532,0.003480990476133051,-0.0021225938938212,0.0032057406257978444
2024-01-31,-0.010952706032303885,-0.0007293636313955806,-0.005199989442637167,-0.006484616504849499,-0.00771776012133283,-0.02474150996718383,-0.005733383262283408,-0.026542379449185825,-0.015084786873454235,0.0013014751487484425,0.003314001568311759,-0.005486654162838766,-0.0019620800276847735,-0.004612149993479095,-0.005410905222469065
2024-02-01,0.002613365768254613,-0.003552574840570555,0.0023028800345566347,0.004370714687142295,-0.01170091784048341,0.023905202654816715,0.024017800854091734,0.009883726635055426,0.022009144635933217,-0.0021908716736754362,0.001217722421910942,0.005743329756249355,-0.003558773545000285,-0.006921100252797987,-0.0013247597415315697
2024-02-02,0.0019574799029652198,-0.0008239199511792484,-0.002529344907871098,0.008670153308326763,-0.007078490345017749,0.01251667133586968,0.008010293070223452,-0.007533176192942925,0.010616902942807474,-0.0032635228501740584,-0.008449263134466232,-0.006949436167996873,-0.006784170345133072,-0.004058336264581532,-0.0018357470148878826
2024-02-05,0.005097347416459539,0.000506117429704126,0.02128107123984383,0.011520380713933,0.005702895456368157,0.00637162308249695,0.005000171236206876,0.01862566979253871,0.014239721666723184,0.0062536595033617975,0.003162187617050543,0.007595133815075244,0.0018782359540483124,0.014434781418157249,0.014066933587298432
2024-02-06,-0.003794423510162198,-0.005155101569070363,-0.009355390947005975,-0.014727582952655223,0.014231718257137217,-0.02217578337075193,-0.002097455354451711,0.0019526901835727698,-0.013459716210611287,0.00733417130266518,-0.007135143648863536,-0.005166972897063465,0.0060646315421241485,-0.0035364120543724654,0.006230761783031419
2024-02-07,-0.013731412899856209,-0.007799491104536341,-0.014013579229204279,-0.0007724489325978143,-0.008912891486658268,0.01829131155846843,-0.019941213991007387,0.011871666874329497,-0.02439837842673924,-0.018887040353482376,-0.010215511268300174,-0.02372305456226867,-0.010796401902994378,-0.005783165640788179,-0.004098143049650848
2024-02-08,0.004956726444701019,0.0096202724476856,0.006295749627334597,0.013961589047735302,0.007557203919282993,0.0035469663497739497,0.008281999817566553,0.014859806348987304,0.014676597394676166,0.007156202240817117,0.0071938145471677805,-0.004842050812841581,0.00513647822736339,0.0015046106694347715,-0.004096694817528543
2024-02-09,0.004654793813144686,0.0045869889145924376,-0.004580729062273684,0.002254024198013441,0.0004506721431259955,0.010720975985796983,0.008984609223807678,0.019748544534833275,-0.0035888154165107534,-0.016973910557473215,-0.0017169849306184935,0.004984886678248404,0.0016473977268637728,0.0163109420129598,0.0034989221499154
2024-02-12,0.0003649586787228482,-0.0044020479608950815,-0.013461300417918282,0.0019313322259694532,0.005642730098695593,0.005046100760354748,-0.028348212928285377,0.007074035715142335,-0.018101668005110403,-0.007123977385092364,-0.007042279675174102,0.0014451094184103098,0.0013828625848360167,-0.002859410930440667,-0.00037502671122217283
2024-02-13,0.0033254412525606427,-0.002133176325853098,-0.0017898178613568344,-0.010338426099015688,0.007624385353202685,-0.0040185774603425884,-0.005175563692264275,-0.010652200245682475,-0.004930873670388251,-0.006744917156645129,-0.00779046810287083,-0.006132883560830772,0.011738497398469721,0.008908313963870512,0.012804336255822321
2024-02-14,-0.0064608574857047164,-0.006879242340555327,0.0027582447068469178,-0.0061127252126444535,-0.011022175294857136,0.019948553991018553,0.02160861133313441,0.008168231581389447,0.0060883822050742725,0.0024617966454484053,0.002387570437080617,0.015065789679974772,-0.007127912082410811,-0.008268151048774904,-0.0016807030385600523
2024-02-15,-0.01042749443205506,-0.002411840145555618,-0.015110367779741299,-0.009251141476842478,0.00014117762397294203,0.009342449859703842,-0.012514428433297283,0.0006046588952184177,-0.003061883684026349,-0.012153183490178857,-0.018073424368865564,-0.0023933759171724843,-0.0029536015157607485,0.0006446501812178691,-0.0012217281352107073
2024-02-16,0.005654232695780937,0.007064578109025561,0.00048542685572020494,0.01280500259269639,-0.009143034818125322,0.004822718405316763,-0.008166631574200351,0.0025619357572596252,0.012471999782378292,0.005660067048694246,0.0027079168478926123,-0.001596924747227389,-0.01212779812748967,-0.008385957967398171,-0.00567543791034769
2024-02-19,-0.010180492381241834,-0.012453393907715595,-0.022120235643232747,-0.009805615479343145,0.008082021714108985,-0.012296640102296294,-0.005271745685344112,-0.020200311719175572,-0.009935640805529588,0.004475716938040488,0.0021437240787072188,0.009695202314482197,0.006226061496665372,-0.002855855017711596,-0.007373882127059096
2024-02-20,-0.011192017870678554,0.0024766524940152052,0.005581562141167642,-0.005542180661695305,0.004033549174532568,-0.020211516336454162,-0.0051723077682987294,-0.011439991895822572,-0.023511504293522736,-0.004116000820991711,-0.006296521061532889,-0.005849210325249807,0.016885826055610485,0.021460582454170343,0.009952775637755724
2024-02-21,-0.01122112826640412,-0.011030104591036873,-0.006477417549468555,-0.013298820666856453,-0.00976671203321698,0.03145603926037517,0.031451537375029114,0.03421212141315583,0.015920044305638134,-0.00237862583756074,0.006404164101102072,-0.0017256240432542026,0.0003676657688958529,0.007920490528132073,-0.014391538356302334
2024-02-22,0.002090657117447611,0.007182331556678663,-0.003245021686849058,-0.002698668549765905,0.008826030609007274,0.014855698459156323,0.017217595957272378,0.006308938777670563,0.0012318468999709276,-0.01436252503491797,-0.01230637557385613,-0.005330364265033163,0.0083742297390056,0.008077358107509923,0.005734039823462891
2024-02-23,-0.005788865753899238,-0.012304761722807249,0.005737017840814072,0.0015490048361088144,-0.0038536833676475874,0.016487103743883614,0.029672087823270413,0.041146448459598334,0.026452592959673636,0.00567316668782617,-0.0016287658590407126,-0.0007777295354680519,0.0015418182942675625,-0.0027090163871879964,3.731701435882883e-05
2024-02-26,-0.002740249506416943,0.005056945125871648,-0.007606507858716421,0.006775223834174065,-0.0013428090035592425,-0.0012995677967142056,0.003634315076521684,0.0048958972883297,0.00921804321085865,-0.0054424168866761555,-0.014112624374630843,-0.0033116936231003015,0.017948299399786167,0.008345925473617113,0.0229833813321247
2024-02-27,-0.00968925188996637,-0.007072595909628303,0.002356573586410674,-0.007473477746655149,0.008312383646783678,-0.0017112016579352157,-0.011314537065105771,-0.0017895156139538446,0.007247889123862348,0.011384975052752804,0.0011585202852788632,0.005962422650880893,0.015560371555820051,0.011953700200941317,0.0015609293108855612
2024-02-28,-0.005133544977622173,0.008830402993911218,-0.005695565690343228,-0.007423140223686669,-0.008411240353996674,0.025658882577229748,-0.006367388013773331,0.015245852129293755,0.007755089779625955,-0.01115814299940225,-0.016157307160551228,-0.022094975430382403,0.01475677242561007,0.007241057473963809,-0.0018435453216087872
2024-02-29,-0.0023909825677020675,-0.0005770006853632894,0.0036771235067884493,0.010899743646503968,-0.0015523411133738924,-0.001716122018764801,-0.011329478850131216,0.003549815793890734,-0.010988685398009733,-0.000594434736600485,0.004238116416805058,-0.002412122722325278,-0.006816333978430345,-0.016669267128507137,0.0007936985116754579
2024-03-01,0.001511598721920325,-0.0022735046885319354,-0.012413692276266139,-0.0009574920693370794,0.0015647267515451371,-0.006928278107865565,-0.013738672363336802,-0.015646614307898453,-0.0007016624412295317,0.012738678482395247,0.006495809390536084,-0.004814511730701021,-0.01145175623342721,-0.015221010412929569,-0.002848004135719252
2024-03-04,0.0005439706378716682,-0.009765971231678779,-0.008155781562616142,-0.0031608148552401284,-0.021079926814009876,0.0165669300266476,0.0007086521378260168,0.0006653868178220492,-0.011992535433437979,0.003608746541381965,-0.000966043113415172,0.002626943989873806,-0.007568220456447982,0.0010729246319482397,-0.0010045007217564079
2024-03-05,0.013871081315662366,0.0036838924709531127,0.010147584004633194,0.005777982649324194,0.010526765727324807,-0.008887230025408355,-0.01230969739798625,-0.012467176566675791,-0.0018550247778134155,0.00010789798964473338,0.0015921562431708914,-0.002135646951313983,0.01310526646596696,-0.000375961330070203,0.0014469202735013567
2024-03-06,-0.0024147248166563216,0.008405145566179035,0.00538939173482076,0.008982986533713558,-0.010819645241386983,-0.012895674255067848,-0.004741513005524585,-0.01629635414154359,0.019340090416827025,0.008900105614885422,-0.0035341722912274266,-0.004901886947279102,-0.0056890074557280155,-0.007494833116088588,0.004389862490772141
2024-03-07,0.009693988906137815,-0.0034437482094826946,0.0037166090070644667,-0.007246760104996775,-0.008607530442923615,-0.00781598921909891,0.005986442943865586,-0.0007433718159993265,0.00561997204338662,-0.001074554422035372,0.00013943840419144808,-0.007671941828932318,-0.002872921990937104,-0.0053969441105972595,-0.00819090484259601
2024-03-08,0.005878488137593048,0.0021250788300799716,-0.0017909325041185662,-9.158429592643074e-05,0.0050642774397676275,0.011892415902429895,0.007898235909186375,0.008150553487405008,-0.0009574997616294119,-0.0014961783411755903,-0.017505902471472164,-0.012748329589740742,-0.007071962789384073,-0.0059542471670476806,-0.00524697279438857
2024-03-11,-0.016037813295946824,0.005434792502707059,-0.010862872531658107,-0.010416702248942308,0.005988080455551507,-0.008677078857305842,-0.00943042309340736,0.014030698621093404,-0.006785018489860236,0.002107548246879371,0.0034415777915905647,0.009044190890888048,-0.004695066324946665,0.003327492719780564,-0.0028076439504507588
2024-03-12,-0.004183293170262142,-0.00875232570913699,-0.0003262417045634459,-0.010436194414674835,0.01249633360762964,0.010000442773578377,0.0030149305409953083,0.015335361793836016,0.01830591442564854,0.005988340977098373,0.002695993338674393,0.0005547952730959168,0.011369923675519212,0.011826387443862888,0.009105756964033018
2024-03-13,0.008469002986451934,-0.002313366793785678,-0.0047386825590266255,-0.004783934466361023,-0.008120069104833464,-0.0019826955035666155,0.004363150696424076,0.00120538526844175,0.003945670886195424,-0.017068800172488366,-0.015027198727192218,0.0014752131924241647,-0.012350758709350564,-0.0035494336941127567,-0.0038735241319147163
2024-03-14,-0.009445394680800996,-0.009432551709119667,-0.008840828668233228,-0.006894244428037169,0.002406175993359389,0.00048264211405045997,-0.004514800715279857,0.003829160473268146,0.006005307373274034,-0.007945141051575334,-0.005522452546033749,0.007646541746062811,0.003479345807510065,0.004495722854029131,0.01003258760407143
2024-03-15,0.0012091308315070048,0.004920489302750197,0.003971061692443951,0.00866620862511803,-0.012701824193752041,-0.01123565970311416,0.012222144678243507,0.0044396091849563295,-0.011594316930581097,0.003184182310284464,0.00391862741115183,0.0015347917317433991,-0.008936661264013775,-0.005956171617419147,-0.007772534095998169
2024-03-18,-0.016554672731410095,-0.0078790072110152,-0.009815546958928332,-0.011795719179013672,-0.004739874254958413,0.0008146656486810733,-0.016994659456098942,-0.017417203922606615,0.004732374839431237,-0.010036847665723173,0.00010023705358599803,-0.009417062683539121,0.0023731459539499573,-0.005368134244966472,-0.006207288773183643
2024-03-19,-0.0010434231050288857,-0.0035157933183028204,-0.0030515961691552997,0.00022055993041721734,0.00785196655495991,-0.0025593500281078283,-0.009963614581211085,0.007261760965081064,-0.008980291417523014,0.0012716009241566777,-0.00036570076541685734,-0.0032871592860873075,0.005777079479913018,-0.0036128459903760446,0.004319260582145681
2024-03-20,0.01002571428210296,0.003333792296803648,-0.0002113692692689794,0.005941526813725562,0.002460047128709266,0.017431993206033343,0.020008089969651074,0.02475307470326424,0.060907009624673554,0.010658379884545967,0.013974693087509524,0.006264922252292797,0.027372419074305973,0.017597325976454192,0.021832554874527853
2024-03-21,-0.002438542822618214,-0.005653786478513166,-0.0013374515918403405,0.004544413997399956,0.01096326359996333,-0.014762996108180094,-0.00718123468578612,-0.0013874846961884763,-0.0032103367858872904,-0.0011034391357508787,0.007957467718790641,-0.009972170769334855,0.01322235102632556,0.024006114490365556,0.022834115383508873
2024-03-22,-0.0023947130773007037,-0.0015968809896711273,-0.012094113087590064,0.002854293609564317,0.0006575884060743464,0.018951738738976723,0.0053018295883092755,0.008157567157640822,0.021472683379240364,0.0031049184454807663,0.007007954184960279,0.006788698150865462,-0.015181994358225608,-0.010591402539659598,-0.0035813301714652454
2024-03-25,0.0037366177905715932,0.0031114342870937842,-0.006690235931951531,0.0020105554165658988,0.00024278401124247902,-0.01941454185352907,-0.04169016455980458,0.003941577340475982,-0.008119635060402338,-0.006945389420465098,-0.004061316532144483,0.005028511079459792,-0.007300327707767064,0.0006717380049155893,0.010899302718964835
2024-03-26,-0.0006353983590693797,-0.00202778181878759,-0.0030893845586224904,0.0025586343472736995,-0.009404254985563281,0.0004999602341191761,-0.01737222548424727,0.0004568150957900023,-0.005908315205533515,-0.0015526625255499393,0.00626733323632305,0.011536227994758135,-0.0008896123752819062,-0.004157316698239485,-0.010428164636967246
2024-03-27,0.0012842987515252861,-0.005531901486706822,0.0007727141099106744,6.718352654058038e-05,0.006361721877940183,0.01522640389758535,-0.008150802357952736,-0.000954561794342904,-0.009866439226435727,-0.011283909481317479,-0.0068944204921627785,-0.007471710899751955,0.003108413700369167,0.009420096225912129,-0.002776402359553733
2024-03-28,0.002021527606408513,0.010440997618286308,0.0010749583981228385,0.0025522368677744836,-0.005635492444371927,0.010457525003794488,0.0005118652220277298,-0.006818507704597852,0.00011761761518731557,-0.0017607074679957813,-0.0003402459541566394,-0.002750369556490088,0.0008219980324221797,-0.008719815842695816,0.008293779655622752
2024-03-29,0.0017676772362245612,0.011783017682218138,0.008891728541087073,0.003360769254148071,-0.002873952163015109,-0.01911123107613161,0.009497938786412361,-0.006484333095805349,-0.006895725896871188,0.007413964888650681,0.009857554746105349,-0.003277216463073531,-0.002821225772027508,-0.007093565566031308,0.0033086739164384367
2024-04-01,0.002186106567364112,0.0020228993681676993,-0.010112885222839367,0.003926118559316599,-0.0037951639419512933,0.002403833445695937,0.022817400863085167,-0.0012876170235846221,0.010495739918342316,-0.018542645831435643,-0.022395682683596197,-0.021867967965616485,-0.0049621929071620415,0.0012806680075422303,0.004772003788258289
2024-04-02,0.003259787457244834,0.006568843134870145,0.0077086908731213155,0.002940739067040733,0.013141817992336036,-0.011137823258269917,-0.00097858694952146,0.01658714976579949,2.7896747154411384e-05,-0.007714103553085129,-0.005995441822716763,0.006676758151281777,0.004388138551765427,0.012298110523449922,0.011027626901922036
2024-04-03,-0.0017905123800442775,-0.007923848869830382,-0.01630524161254291,-0.01425309240018327,-0.011512671204505172,-0.022774135709022314,-0.011911242873756299,-0.037872528671524186,-0.011770018361168689,-0.011635064883812298,0.00038836799457746523,-0.005778136914950738,-0.019076602720729002,-0.015334780464765073,-0.007264639276528269
2024-04-04,-0.010533899506233726,-0.005089111154988704,0.0015113999186356702,-0.0012845690133259954,0.0008978084222467484,0.00043538319368402034,-0.010827968292590747,0.00369283393032473,0.001897069477403258,0.012563455189399683,0.006016795969111483,0.011451347647551811,-0.015698479212285735,-0.009855042198390689,-0.005532931418042312
2024-04-05,-0.013878997790370539,-0.006753708017470039,-0.004398718262028759,-0.0053507647672566905,0.012086173212312612,0.015776664892761628,0.01677205567125513,0.007943611577238767,0.0262579021048715,0.007087769977026268,0.007113111986214803,0.0063653427148597196,0.0012919540022792763,0.013733871764902119,0.00483759610026853
2024-04-08,0.00589896979003813,0.0018375203942566252,-0.008136946238592117,0.01155961824487966,0.0014225817477948929,-0.0016704916608265086,-0.010664213972233164,-0.006071498783279047,0.01838044262465054,-0.003417276556621383,0.005994685476917532,0.008909035920308138,0.011494344796144803,0.0036897892641060705,0.003969451465919504
2024-04-09,-0.0005786026166010195,-0.009043585144369828,-0.007110763335043483,-0.004941400569602774,-0.0005565361067641737,0.02786514462195542,0.024545644880501608,0.01261185845845683,0.02423898519531207,-0.012379023749952273,-0.010047887574238027,-0.000757312863754218,-0.006497079991273467,-0.012465883762480333,-0.0007875730426952494
2024-04-10,-0.004687203489615509,0.014052998267192298,0.006071774150850054,0.004686543318457293,-0.015050951338771379,-0.00891585779206764,-0.007667207020005624,-0.0053744863323977625,-0.021372590632365473,-0.014877775755988075,-0.01764241452285468,-0.012858772955196825,-0.008174911648930725,0.0011704298859910969,0.0033403387233003888
2024-04-11,-0.010559185959415594,-0.011251109369369686,-0.008229845345361678,-5.3689356635903095e-05,0.007334504375233045,0.007215526278198044,-0.008237399750324512,-0.0082188416734135,0.0031475938397820258,-0.016978206958333884,-0.010444729489794087,-0.02125120434491974,-0.004631701327788885,0.003915761559146967,0.007717615214041678
2024-04-12,-0.010528922230861344,-0.000892727529457028,-0.0007186537825517427,-0.009288981327149505,0.000965779189401157,-0.0025534556438353414,-0.012025154273074747,-0.0010329759492007668,-0.028745713614866292,0.0047354352115490375,-0.0023810574858985495,-0.00274766135709601,-0.010543674587633611,-0.00498960786119684,-0.012638431651864184
2024-04-15,0.009831314738114699,0.0071934156229440036,0.002099784155210518,0.010260027292550327,0.020618408358613845,-0.005492891312084993,0.0064345252920537535,0.01560816083149423,-0.005793172480828905,-0.0025431958996450406,0.0008722087150457008,-0.0031091776019831,0.00719533630133541,0.01673388515114141,-0.000612283023336436
2024-04-16,-0.011167256632224573,-0.014863086302368534,-0.011100341829197537,-0.017036746045790432,0.007190614337439883,-0.004488332971293087,-0.007859649830235758,0.006970767235546979,-0.001861256123164303,-0.015807075578480965,-0.020907022083662193,-0.023440646938788758,0.004774262746488761,0.012469740907555153,0.01617491008906951
2024-04-17,0.000506226650404379,-0.00746536437884701,-0.022173986137055905,-0.0077859681820232635,-0.009637118222164212,-0.014797868919548684,-0.0007097810216333787,-0.023440591695663194,-0.027180585447206376,0.0014284629439700416,0.0041632549835597605,-0.003540225410744286,-0.00919599174954013,-0.010868220598506962,-0.006431861245203992
2024-04-18,0.0035094511945407175,0.009533446736121276,0.00735030394040354,1.9974214627060775e-05,0.00863548796314233,0.0030155691126842717,0.008899693627925,0.03205661645049665,0.009390047511164614,0.013698181789381727,0.0074125050573925055,0.015608945453252906,0.016041444677988854,0.0166636527870767,0.013571433124807152
2024-04-19,0.0016207423341960134,0.012795853828139366,-0.008093641974711496,0.003715723387015596,-0.0036541782942269745,-0.00942493955875289,0.012418425989071865,0.0029193424154419436,-0.004230485045020976,0.0025434591627994762,0.0005476474760139289,0.0028855143990072474,0.0027789899048533,0.0052139882206233105,0.015931303165573167
2024-04-22,0.0022579227209726955,-0.0007706872409789494,0.0012606893056303775,-0.0034813757731042005,0.012376140448343755,-0.0009146707715692176,-0.005897328533619688,-0.01587883716219509,0.00584028427397203,-0.0030093388688688686,0.0032061294710170806,-0.006106052255701792,-0.006295064063945061,-0.002012161653199643,0.01036073468303225
2024-04-23,-0.00359986315003098,0.014099362021254919,-0.0018717431451410764,0.011268968894198796,-0.024862314302323878,-0.017043193052787953,-0.014296330777569852,0.005016413737934726,-0.02236150002136862,-0.004011576900402622,0.0013545578316623468,-0.004768128148103246,-0.009551328977739432,-0.00279714452260817,0.0021504500033904523
2024-04-24,0.0038788692273937645,0.005645333417011504,0.00765049207129811,0.004845758037103813,0.008680822094057156,-0.013703426948442374,0.011615724706861997,0.016506010670966135,0.010179620554858044,-0.000705274672531109,0.00500393001936573,0.001963382491052579,-0.0007815158533041634,-0.0027661494330903404,-0.006082443828620454
2024-04-25,0.0010226643284039164,0.0028490118792305645,0.0025190540193113812,-0.006740821886856992,-0.007484242792870504,-0.012574626496773777,0.012386557137079177,-0.00656571587430318,0.012129535817002686,-0.012844709077937066,-0.0035699504323856114,-0.010797719220072098,-0.007260124677613946,-0.005507066884927086,0.001882100222030132
2024-04-26,-0.005953764044843854,0.009273647475596149,0.0027931841920917364,0.004160315414632543,0.000523695563856005,0.006586234684414645,-0.0007162303522722201,0.003975389747198655,0.005739277922437379,-0.013804215025399752,0.013806339862332711,-0.00010056945752487335,0.011043577263027012,0.005860732595995549,-0.0031717738064191967
2024-04-29,0.007860654214220792,0.01169876557585289,0.003851507487191319,0.01360278141498783,0.006613166934301111,0.0006326656736561464,0.0067713690280539,-0.01613309283300382,0.00832796074047266,0.004355584024704383,0.0018562408130095736,-0.008660569353933516,-0.0019900185167023654,-0.003587971206166941,-0.0005200101376014333
2024-04-30,-0.00044638120550962584,-0.0019143896396424864,0.011891539137869474,-0.00044300410487286635,-0.012659181718154,0.012875749935491933,0.012556154384533736,0.00378202156988578,-0.009152589804560752,-0.011874135052494189,-0.008360840709848306,-0.003421559723115479,-0.005623538887828427,-0.008967102637988496,0.001457063487513522
2024-05-01,-0.006982788183284495,0.009264677092345986,-0.014819243714912913,-0.004207956938007423,0.005781921967245489,0.02060355800198459,0.006613087710459209,0.016779021727332,0.011407321817042767,0.014429763899183188,0.012629257710246259,0.01305504198895898,0.002862883673465904,-0.0041539505893852914,0.00600233035214946
2024-05-02,-0.003665278826621986,-7.870117266215214e-05,0.013359538853775305,-0.0003455273873761305,-0.014048883268866314,-0.014432922684855251,-0.017008580821964943,-0.01770526006098065,0.011225974243296065,0.018095806608281827,0.009100156105751968,0.006719822565653523,-0.015114982638606982,-0.017497296088389652,-0.020157884872157514
2024-05-03,-0.006518668644665793,0.004954014340727821,-0.0011917257193966285,-0.005995902137650239,-0.01225335841207108,0.018100678698027506,0.02297515030093876,0.007110960588305703,0.02086606980369866,0.0008446268521215081,-0.009272776455446611,-0.008693350007618852,-0.006219654180467193,-0.0004444923594870776,-0.002812236560129679
2024-05-06,-0.0018839880541204404,-0.0005713984766561617,0.00375576486487052,0.0037254128355024684,0.0037562525059826953,-0.010240128137733392,-0.0026128346401751283,-0.01659036502060162,0.013748172446491074,-0.007356432216573512,0.005941826422780983,-0.012646737604392168,-0.010893242290711147,-0.01684702675332807,-0.015234392110847112
2024-05-07,-0.00871151773779686,-0.011253698454247025,-0.005723292885976273,-0.012051499113736286,-0.0010417739399863255,-0.007491222370321126,0.0033162972537769367,-0.00969221827824937,0.0018397447939925379,-0.02815239919018967,-0.011610587311608344,-0.024606897125567215,-0.0028290762100756156,-0.0025936880373604553,-0.014577998384014858
2024-05-08,0.002075791825866746,0.0022614877858813647,-0.007377922430191549,-0.007096488563679078,0.006867659377104493,0.016358448299790017,0.004317475548214669,-0.018944898146154784,0.003368746843546375,-0.002143308217219716,0.0028930560878123604,0.011496830408642838,-0.00255828462025391,0.0005233444726586919,0.0004449580333001443
2024-05-09,-0.01115694278156393,-0.010964822458325186,-0.015342388950387165,-0.014813249776035896,-0.00042848070969281685,-0.01070055249009673,0.007367026146858014,0.006174475283660006,-0.0014300874916062252,-0.021916809428440574,-0.013290043409789589,-0.0163297845787221,0.0009961626578787975,0.012569540520723453,-0.006608267800657657
2024-05-10,-0.002593120616768161,0.01891704940644519,-0.0005503605099116686,0.01304057242258255,0.007400320823169757,0.014562398367597465,-0.006429149131912924,-0.005969277498444738,-0.010576944615566243,0.010864826328484855,-0.0003068321294262161,0.004643097883976717,-0.0014590765689431722,-0.00869761471710832,-0.013255563721463345
2024-05-13,0.0009309592186766674,0.01596297829955602,0.01240168252244074,0.005468815848887714,0.007637909568635281,0.003816902002944723,0.008336750702545732,-4.0332290471431324e-05,-0.019440988929579815,0.01232208477328683,0.00612525773772937,0.00043494459638279345,-0.006500623449947195,-0.0034973620988246385,-0.0028442624468557223
2024-05-14,0.0010729928109554643,0.002625419972782873,0.006336127103787137,0.0008496283166536086,0.012370309570757798,0.007299626222321897,0.005363402734132203,0.008308178813930908,0.010981110454030722,0.014387020561725547,0.0015749623961401364,0.01712564076361853,-0.001624429322732831,0.009826053829901274,-0.0014971586819681965
2024-05-15,-0.004882543835848313,0.0022914989834620465,-0.007285431084073274,-0.011100426954020151,0.0012348013836397929,0.0008765508979986184,0.01086022047767732,0.0074175565938590935,0.010211208791904047,-0.01348951162098527,-0.0153125379573174,-0.013396656813434951,0.004802124961619102,0.002591440187726701,-0.0020458081916969774
2024-05-16,0.008109387382078134,0.009099239101339245,0.003940047951057004,-0.0016113619062386776,-0.009394761561240255,0.015296951023418208,0.009190942776447724,0.013502335210176106,0.00958689591991649,-0.004793827445640799,-0.004094226824090243,-0.004692946250923273,-0.0019171148232494668,0.0024072324583552865,0.007510816262030098
2024-05-17,-0.002672986469536589,0.007933053936914795,0.008517037559404004,-0.00040709706953368256,-0.009904071418063523,0.007321545404126939,0.011990620794405965,0.007606361989991558,0.009767228140207238,-0.008548185437634762,-0.00579252586924265,-0.0034042658959620867,0.0038571364141173495,0.007863764328205023,0.010799493051010484
2024-05-20,0.004346318561510986,0.00642937136087726,-0.00040232052067919405,-0.005279938912243628,-0.005212869888747172,0.007010639069661987,-6.485587500671026e-05,-0.007325431164181397,0.017546144315471156,-0.024503581269740393,-0.011676480303012087,-0.01742025196486696,-0.008416340707543222,-0.005840101997735027,-0.0014245618558567956
2024-05-21,-0.001633380892351161,0.0006788197370271457,0.014971210000841506,0.010195539616232917,0.020450040295129663,0.004983552593188579,-0.0018259419609316934,-0.0031598036309155803,0.009587383597595051,-0.002592604586478948,-0.007320984249225037,-0.01227151613339492,-0.0049888841334229704,-0.0035800994338507164,0.012486074517142856
2024-05-22,0.0008233954105038052,-0.004603149583469469,-0.0010316539039055843,-0.007038398779478572,0.0005209163131866565,-0.007280135542810493,-0.021358958224403986,0.003615407493338562,-0.02256314277665073,-0.004588084068491155,-0.007915549950500637,-0.0009422969973823772,0.005790389282091869,0.008443235996959439,0.006231491269343395
2024-05-23,-0.003648530873890719,-0.0074721203614976864,-0.00866917568761839,0.002026533700477679,-0.007287744883862267,0.007610705856986023,-0.012520332686958208,0.0034598611842010553,0.0014384580193815078,-0.0006780068333759682,0.003521488159750698,0.01083524524828907,-0.010263935588840983,-0.016917445850652822,-0.01473178478996604
2024-05-24,0.011066786951897209,0.01097360154208676,0.008155418299344257,0.007543444865949784,0.004402556397835995,-0.01439076540862081,-0.00415770034205931,-0.011321964264622356,-0.02172334908798576,-0.004118123677898799,-0.0023401434101180075,-0.006460824772554312,-0.005214667422839653,0.0036143643454143743,0.0022112868716809737
2024-05-27,-0.011976619100346813,-0.01716708387795415,-0.022105452184768358,-0.019374542149804733,0.002241651376185734,0.008938268656974425,-0.0027636966353675445,0.01709348825189172,-0.014523628390337277,-0.005192226542943596,-0.006732334210990353,-0.005285409887475722,0.0029989019586255513,0.0010759790139121084,-9.779531187709101e-05
2024-05-28,0.006409748727593256,-0.001053689706448239,-0.000846515710954746,-0.004877487101408033,0.007845680756718713,-0.03184947256323947,-0.032611397560547914,-0.043577707544162736,-0.0330366799397349,0.0006739596199648833,-0.004824958923300403,-0.005550272073704514,-0.0008733158239237855,0.005262821244401436,-0.013992833134918344
2024-05-29,-0.006002928347146057,-0.001288546630700626,0.002624407793557627,-0.0077334820910987655,-0.015855028214514007,-0.014313241357420948,-0.011877421818553446,-0.0075369169567522185,0.006318867175159126,0.0050990289144606715,0.006781977071613491,-0.003986207290577142,0.006157909962944995,0.018889374599136755,0.012531854559392097
2024-05-30,0.005596381946158595,0.015494519075287845,0.004835234123319417,0.0029283865623542277,-0.007930340922278751,0.008153027244833435,0.013143277707436736,0.010112278393143201,4.558022988198924e-05,-0.009860207738568787,0.00020424954126164107,-0.004404242416530566,0.0009571392622988832,0.0005741227241595811,0.001081791494707212
2024-05-31,0.012717739223285927,0.0014122383524811325,0.005173584774790896,0.0040176389447499905,-0.012716431702963417,0.010157861997150842,0.0017514614955659773,0.014101928969788265,0.004662966450394912,0.00720907674769745,-0.004649797655975934,-0.0007989734745790836,0.02241758930058519,0.01543831913070197,0.005906388933664203
2024-06-03,0.0029368647275534194,-0.004653703222553716,-0.007142802977612305,-0.005841254995087239,0.021120190875317992,0.018814232662629864,-0.011571012685534126,0.016037057120500863,0.008694466454238681,0.003598278008920583,0.005699831436040181,0.0037864920242812973,-0.007362189779996487,-0.013447945941474262,-0.004840729189544856
2024-06-04,0.007361788455374857,0.0032174902522684925,-0.006007146392215282,0.007096057444156446,0.0012220609203255314,-0.02599593302267162,-0.000407316378069485,-0.0041145198238252715,0.010848696864035414,-0.006757512234791995,0.01644378536214894,0.0031302929182650575,0.003191166845648883,-0.017692028914048512,-0.010990096968987662
2024-06-05,0.0011627052755659516,-0.0021091623120134944,-0.008199315636559342,-0.0042044402990561135,0.0021935208202655235,-0.025191517824979436,4.5758693131302264e-05,-0.010342031726272093,0.0065557595798218776,0.0017636115554536466,-0.003333664393326977,0.008427943424083744,0.002423393914459372,-0.0007844800346581329,0.0005342286544834825
2024-06-06,-0.006108566858570586,0.0008917139498890682,0.009704569352029162,-0.00646006025248929,0.012828422239865038,0.026378934809152356,0.03239955758598942,0.023279649637557805,0.006265537339777787,0.010426565039185924,0.01401009755945632,0.004000599841210167,0.00038003614426797066,-0.0016765375663349955,-0.009169764945950554
2024-06-07,-0.009769641663409058,0.0009143168477717045,-0.007336057016965331,0.005051076650140141,-0.00010861362990379191,0.006233063065703965,0.0032174429179008803,-0.0004973310095405361,0.010424958104855763,-0.02109921188669284,-0.01450277712506672,-0.004932735249857411,0.014224517931394027,0.019902594755044592,0.007303477124601809
2024-06-10,-0.0049200778159140725,-0.011009632566150469,-0.0045140808752485995,0.009110051808688282,0.012532089339683125,0.0219197632640589,0.013689295858112092,-0.002661899328214026,0.0029261390744546277,0.010252531265958854,0.009764657560334896,0.0049365416783471935,0.003752241556431008,-0.00775825530588038,0.0012951597072112801
2024-06-11,-0.003316753479367701,-0.004297802620975816,-0.0004107644419242026,0.007836413649102765,0.0012059902014854062,-0.004644207841576141,0.0014754239594731839,0.018211301824777818,-0.004172830334078514,0.0006812334315038089,0.00386955882854207,0.00044105034527556065,-0.019148177549810318,-0.015357079344185823,-0.01422554032591714
2024-06-12,-0.0017856225728004388,0.007078103851090048,-0.0008619181741098027,0.004816774160453801,-0.0021185325979172715,-0.0010639214178964195,0.004298200032533641,-0.02116378983169705,-0.0065886319400285005,-0.01282230484617981,-0.004040871170732888,-0.014037062483553922,0.0065451945932189235,-0.0040219993519028455,-0.005737825970735055
2024-06-13,-0.002633369034781398,0.00837383061539168,-0.005640479283069098,0.004859079642536263,-0.003431166760672985,0.019507747662522168,-0.0017995850615812959,0.0043713369508921775,0.004805724993690797,-0.009333222365165334,-0.001018744360114756,0.011686745833881209,-0.007524798769970899,-0.012035973616993514,-0.018301207998687206
2024-06-14,-0.0018910358379320184,0.0013133273894783675,0.0036388615567988893,0.001150570677677109,0.0036650618329822082,-0.02925900658819051,-0.006245015662464663,-0.012188996002506992,-0.01476117166160586,0.011389853772588516,-0.0027602003131027633,0.004954015929242715,0.003613591220461831,-0.006065454148442234,-0.0013897444990164532
2024-06-17,0.002580114431858706,-0.005773492746207601,-0.009734765851847732,-0.0045111547814944905,-0.000493886537669996,-0.024483009433859004,-0.021032535546242466,-0.012106010651430734,-0.014921555043498121,0.006045115759809628,-0.010406390220244885,0.005419200332576237,-0.0062984644288083405,-0.0069590624626621606,-0.006345892311589906
2024-06-18,-0.005314887325310505,-0.011491094785502873,-0.010930949604565017,-0.0006606333303332962,-0.0068000797059016346,-0.02684733989854929,-0.033501598971186715,-0.037455779710999726,0.0007266309354895563,-0.0052980459859532005,-0.013616924547180767,-0.0072638972834248704,0.007494272391422859,0.0013469583605557377,0.008206311153405364
2024-06-19,0.009410371195351673,0.002087649180577675,0.00807222606997662,0.004388122954717199,-0.0076596001850246,-0.000695264593040883,-0.026991110165871014,0.004137480054440373,-0.00255702139754812,-0.027527635540008023,-0.01959751080443188,-0.023005377670459924,0.00021138893739562062,0.009374961132810795,0.018295904560612343
2024-06-20,-0.009479099284706716,-0.0061624317629668714,-0.015387106801470481,-0.008412805660956174,0.00546596061521448,0.0038105721997216844,-0.01846108818526413,0.0009455109142535112,0.013372901499999064,0.02473776882474642,0.01736679038172829,0.007491026908107342,-0.011451630985043596,-0.014548652639054959,-0.018983596194833193
2024-06-21,-0.01685812764001747,-0.005618950850973467,0.0009337410910901164,-0.008214227751952848,0.010405652900188973,-0.006323473484296618,-0.02300010304543302,-0.025650298181129315,-0.0033684482045598235,-0.015597969679992527,-0.0038888900024095377,-0.010955135592815135,-0.0011293517297882964,7.338457976620102e-05,0.0026871934057927055
2024-06-24,-0.005299605469787109,-6.513508252065092e-05,-0.010195732188710567,-0.014210648033018383,-0.0074363020072296,-0.017173540778022016,-0.019720765127606562,-0.011327400791302431,-0.0036105615472548647,0.0019246814854708783,-0.0026563823806080903,0.004666364019271596,-0.005257900569440363,-0.01932140291053864,-0.012327756040129385
2024-06-25,-0.01328519931683818,-0.015079230757734916,-0.027316051866772776,-0.007692975410467944,-0.01674964747677682,-0.012835411088540999,-0.029227288596497664,-0.009114563040292411,-0.024614288460748732,0.0005243019758088933,-0.00883272225491624,-0.02343610134712009,-0.009383623541715763,-0.005589133643080301,0.0011053575563528869
2024-06-26,0.010039375126686196,-0.0006340723362775287,0.009594170009864155,-0.006714921143080064,0.004738059747517322,0.011703871361536496,0.017861492150558256,0.004344595239879674,0.0011622036071543915,0.01890139742170584,-0.0022390188316214685,0.015141148009704758,0.005028678928719826,-0.008028239631442289,0.0011957628591074414
2024-06-27,0.010941912033776148,0.0008119223566368638,-0.015361038743174042,-0.009118639963892707,-0.004000130526361575,-0.00503706995616527,-0.0010646678846843315,-0.012461805548318754,-0.003055628906852599,-0.005824144659057943,-0.008908168062629344,-0.009384144910912037,0.003957714147570526,-0.001287106567424626,0.008406093957950611
2024-06-28,-0.00483429372734464,-0.00846277225526365,0.004255643563090365,-0.010009592342143414,-0.01622875951082103,-0.0070855499909461845,0.010707310538595994,-0.0020542779034238134,0.012320646469200574,-0.0064501717519703195,-0.004859396713068263,0.0008726682044365025,-0.030578950856471665,-0.012495651105014088,-0.018512324059482246
2024-07-01,0.006257588760995865,0.0035921054067276272,0.013138068111118225,0.012499185695244651,0.004358445093587826,-0.012719354111557793,-0.009446146532486219,-0.024871659327567866,0.004029023684980924,0.005645714699688927,-0.00027706956178810585,-0.0041086545518166295,-0.00931730503548182,0.010856679347441897,0.0067648549654467285
2024-07-02,0.002514484581285205,-0.008938617261808874,0.0024096229427825206,0.010837255614859972,0.008212532982563933,0.004848964392832735,-0.006918089555167369,-0.00618931802964049,0.0064867869960550766,-0.0031344324804266108,-0.010218384745562609,-0.003453475112185516,0.017679330184293438,0.01869282076433685,0.022367995555891113
2024-07-03,0.004098392758659116,-0.0087833512769409,-0.002147112293380715,0.0018423544800944653,-0.007232174840411504,-0.0003778957532773585,0.009877970332933236,0.006354214426078008,0.01994787064734063,-0.01104525577271089,-0.010654607190578473,-0.00513838515439414,0.012760844940773852,0.02104116216314427,0.022016845522967055
2024-07-04,0.0010378504593613956,0.013085586303754403,0.0034065873259817585,0.0014768629124095227,0.010229983617598103,0.0013054255551599933,-0.015476283612967979,-0.007295849430087036,-0.006874698946227479,-0.009659066907355806,0.0027550987764166437,-0.000914314831489146,-0.007577917583031513,-0.01787738866149394,-0.005388562909603517
2024-07-05,-0.002372471174478759,-0.010862810349458733,-0.016923581391935123,-0.01701676759713115,0.0049355564901065775,0.0034053306944550306,-0.008393699715661923,-0.004836082916436487,0.010073438504294745,-0.012090222024760773,0.0012713244970434076,0.0005578817205696678,-0.00474746114847635,-0.016646494272423824,-0.0019384499924168228
2024-07-08,-0.008233268932163945,-0.014506458645024279,0.0031871386638505873,0.00846678732825858,-0.004904142334502679,-0.015284775819441765,-0.000389467715005724,0.005743596595644983,-0.006456880620847316,-0.008675864397152486,0.0015685101651423746,-0.0069708554625151475,-0.017661571934235384,-0.019560951970634607,-0.009278458550938421
2024-07-09,0.005254325922321669,0.00636248625644084,-0.005666365102471323,-0.00024592157734570734,-0.0003735575374962316,-0.004840108317716511,0.016305157964043394,0.016154774097554093,-0.007222705944110747,-0.008537219430512093,0.0031190685256034046,-0.01630333475556273,0.012178738263290863,-0.010839460913604711,0.0008680468229663942
2024-07-10,-0.003122427913982626,-0.004982642205681716,-0.004356258908921822,0.0029823480226805438,-0.002994024993935975,0.015993204466637045,-0.007385681791534407,-0.007748874583190868,-0.020522445605148827,0.003478920765508049,0.0010576348127101188,-0.0011224223474845581,0.011848296472625613,0.016486809600077826,0.006410277008680888
2024-07-11,0.002019525433200337,-0.006487118426050795,-0.012341953033442514,0.007736867533764829,-0.0043023391497604615,-0.03243888479987485,-0.03116015039024366,-0.013518238430852451,-0.030113499144166035,-0.0067715126883526235,-0.012702140160515657,-0.012597738817862783,0.00695059274391161,0.013278948642897193,0.001833309195695105
2024-07-12,-0.004522325721578827,0.006235649796408916,-0.008111971597595125,-0.008732935079375538,-0.015803816258661847,-0.0018193785119034458,-0.0032527969168518914,-0.0064949857359583646,-0.011360211309133924,0.02212345600121344,-0.0004752349632964666,-0.0029681847142929126,-0.015710325320115442,-0.0023351744613535758,-0.004017508681371865
2024-07-15,-0.006514158996500609,-0.011120753137353268,-0.01123098098785846,-0.012968654358513805,0.0003009921625140169,0.015902177595118746,0.01880435848633293,-0.004269390434248068,0.0032901666481430286,0.0007331014622371744,-0.006232227770726126,0.010864234914788641,-0.0002833950023579893,-5.890722884495728e-05,-0.008240340648134274
2024-07-16,-0.0015254492116137397,5.996850427307456e-05,-0.009731133559028058,0.01360238518342778,4.1463716408968654e-05,0.01523752955425693,0.027544565223318294,0.007167710720900772,0.017489832454129207,0.01801964886085172,0.0053709229254022845,0.010919318576115094,-0.004600533724646159,-0.010894232639797951,-0.01371804072591433
2024-07-17,-0.00723311543418083,-0.009794271885560236,-0.0052938622139749566,-0.004290099535526589,0.017430335572344934,0.009391734475591756,-0.012709655547759467,-0.018292063545005947,-0.02103294164250214,-0.014106414535813771,0.001083128650431294,-0.007657444864030897,-0.0005685258495406915,-0.00599336083531458,0.007061030271305561
2024-07-18,0.01771390001420098,0.009237685613479754,0.0002993932166277125,0.009244249312262469,-0.00035202687303708953,-0.029966499850939934,-0.006127479267519368,-0.003502290387205648,-0.012049319370887795,0.0051426071975557396,0.014890735673032165,-0.011166987658800597,0.00814656083669024,0.008956077122855654,-0.00020264290591102616
2024-07-19,0.0074517067991653144,0.006917788365228999,0.005775860782762479,-0.0009512939070398449,-0.0004610500674496745,-0.018629561194751995,-0.02354219713151348,0.00928653125130141,-0.01368838423559617,-0.006517804863657009,-0.0014454229452720386,0.009665318985761935,0.009190788343775565,0.008488524598857605,-0.005500158003407252
2024-07-22,0.00529046834599149,-0.0026769103255345466,0.00651305890363163,0.001957139175812639,-0.01455880816216578,-0.014381570929614744,0.01133031961785767,0.0015968663046252423,-0.01931886305489096,-0.00015349146739240295,-0.007881114010207567,0.0054242464041355356,-0.00653612823003468,0.0006140762252656827,0.009054689991077187
2024-07-23,0.004500082995759769,-0.005124720877094518,-0.005665966454412224,-0.010349099617240658,-0.012023129892671163,0.011747355475486543,-0.013906774343473665,-0.00010032086576784315,-0.008866637450530067,0.000851251490581432,-0.008481756754622906,-0.001632024031769522,0.010208618606289056,0.0017169304569439794,2.803171778716692e-05
2024-07-24,-0.005630736789415076,-0.006192780869637108,0.0018970173154119942,0.0028555521396277208,-0.0026607215911565734,0.007382181851953532,-0.0032910311987204063,-0.007571859315436694,0.005193796325642042,0.004206647828155547,-0.005063539113312855,0.0014956210074665555,0.002086480992454413,0.005283327000833028,0.0009915405118063282
2024-07-25,0.01499878417002954,0.005593758774737255,0.0033839621862945908,0.009756736484548974,-0.004339482805598072,0.009922043239617777,0.01874494286624694,0.02629867946822091,0.014248157435925059,-0.004113313251951203,-0.005610181030562309,-0.005537762966720097,0.0068595483705590895,0.01917686266369347,0.01634803513394937
2024-07-26,0.00028369768599873814,-0.009124137463660711,-0.007381970825672572,-0.008679015466966105,-0.004112501765236923,-0.015482840728571166,0.00580521066923402,-0.023044318020974255,0.011385636845019507,0.0024505845122370835,-3.372697047732565e-05,0.0004126494161602423,-0.005151256806734902,-0.021140947344313973,-0.007294062308160239
2024-07-29,0.01178226341309396,0.005009023741681205,0.0028281944416362337,0.005897972051904474,0.013593079616359992,0.024952924028216694,0.01019381879315513,0.02384208944436238,0.03346956519324522,0.004349994969654802,0.013377203117938385,0.007996454209443903,0.0095931446111978,0.003421391524175659,0.00818596067353664
2024-07-30,0.008580747120291754,-0.0032293207612694597,0.0020622395496166937,-0.00041077268042540764,-0.005631757278543507,0.007725408907482567,0.00010777065551816588,0.005232820964621198,0.010315018657441256,0.006996371686719675,-0.00556910071683398,-7.551680035369269e-05,-0.00714660049678305,-0.01702473344127639,-0.020626738674778596
2024-07-31,-0.0002640224819564535,-0.0061727900499522455,0.007360994591085725,0.002710212563907348,-0.0013751339183910782,0.0020306337610710005,-0.0013067565267905557,-0.011281967893378951,0.009562274921734136,-0.001944640801421182,-0.013418288774274256,-0.013773470330164312,-0.021273835563035647,-0.011241798930455639,-0.020603788787976203
2024-08-01,-0.008448262502948913,-0.0007944418568609966,1.056440297500039e-05,2.4574722830115288e-05,0.0002356656002790162,0.0021773029424944513,-0.01678820886836711,-0.0112462172859583,-0.018140133675045036,0.017240718264747774,0.007743478616957851,0.006016665674851987,-0.01549092997768185,-0.021044009931074234,-0.017463773150708177
2024-08-02,0.0002696774482831843,-0.0031114775126824448,-0.013757541825984942,-0.0036255279734579192,0.010493626656458303,-0.007988824354549184,-0.02015814494289732,0.0001616351528070459,0.0009536715524579209,-0.010519195258845766,-0.001755654816223277,-0.010646394338071966,0.002596438671274936,-0.003514662553208164,-0.010446341047555626
2024-08-05,-0.018120403557558028,-0.001647822591824351,0.0008879092965892533,-0.00030485891322501457,0.009026346488216232,0.011168854159535092,0.025756061240791526,0.010535632125790492,0.02338426745000515,-0.008781576236167609,-0.017037012939191812,-0.008700792016439671,0.005169565401259497,-0.001349868768797109,0.013428200747368044
2024-08-06,-0.004046893153222217,-0.013919936969078645,0.0014515601783284399,-0.0038403740338575597,0.0009596783396983574,0.0027560944342292144,0.015795884007139303,-0.008905972413535518,6.735042652053762e-05,-0.008831315330424624,0.005238334818978209,0.0016885297708271686,0.000638807123208354,0.004303762843852146,0.0047393635726904314
2024-08-07,0.010492406917258569,0.006903096766881673,0.00356765704249288,0.0006096914456289464,0.002621153725150137,0.016975086828448182,0.03757595551032025,0.019534141775590458,0.03457741736807182,0.011726988215672706,-0.0036940130466590997,0.00917402246967489,-0.004159420911478559,-0.014474383972772207,-0.010471780449594119
2024-08-08,-0.0009437260843726449,0.010834945520326716,0.011927183009306161,0.004080394955174781,0.00827941526143016,-0.010382679354175745,0.000386613109122024,-0.017933519867115083,0.005855558968069447,0.011151199728868109,0.0031898291453471457,0.01216219360786343,-0.0028232061919228326,0.003357027378702029,0.006860417664398934
2024-08-09,0.002414334990906988,0.010652907032717101,0.015175600111165113,4.239036932457245e-05,-0.005158483213492637,0.007895753245281549,0.035961064015232164,0.024702797505105924,-0.0012236704288817804,-0.009394211744354609,-0.011953518300846606,-0.006635066094486394,0.023147043269916144,0.006936930539744918,0.005547318101374431
2024-08-12,0.0010559674530064146,0.001527132884215878,0.0015132609562535518,-0.0024520458629334,0.006362324971490573,-0.011922347963663753,-0.007806248009733995,-0.007072576498596495,0.0036418265478400094,0.0025664486489364127,0.006170551915549471,0.006491100664392065,0.006525893014404542,0.011210535032946159,0.0034077382593245983
2024-08-13,0.00546236195536891,-0.006802054177739481,-0.010560902473960054,-0.0030390162817331237,0.01306791177758423,-0.008708171245246341,-0.015815871395349762,-0.009643707842339144,-0.016019368294633796,0.0032466327163239296,0.013236974536174638,0.006534487120205256,-0.012915887693204023,0.006879885205711971,-0.003949453468012651
2024-08-14,0.0089454423599921,-0.002339562392906392,0.016163048396672253,0.008982671167265529,0.0022925858052972605,-0.011972639237835309,0.018073348221063747,-0.01859510635759038,-0.006596991383174913,0.010203805387582957,0.010161436777080826,0.012205703003277842,0.003700946357021246,0.006601474369433413,-0.00707949449518195
2024-08-15,-0.0006839645204875207,0.006065066217175539,0.021218998657690873,0.003761155178916963,-0.005777946963973659,-0.029292016416187932,0.0011663541455283269,-0.0021502899774327104,-0.0012758479804285015,-0.0006006344924559334,0.011367748066224068,-0.006680071566279724,-0.006706867428838114,-0.010280187297717609,-0.005603235706740633
2024-08-16,0.014134338053451299,0.008754425311738654,-0.0015345201890683158,-0.00656110809748683,0.0006985954749122074,0.015277649783266548,-0.0060764604287352475,-0.015180383523303784,0.009186749489309866,-0.004212010813887397,-0.0024935893627418713,-0.0037022628625757808,-0.008530222284154268,0.0058653947273365785,0.005611112529129911
2024-08-19,0.004324997413873837,0.008913860465507819,-0.0027311395645073823,-0.005815490312569994,0.0002998223224712107,-0.01499873648963266,0.004129130168197983,0.006646432876247806,0.015663619618392438,0.00012053426596963948,0.001416046192242233,0.003817758341801431,0.0009579217178346975,0.006595935498437826,0.011571324874702084
2024-08-20,-0.007690977561827874,0.003926116259580004,0.001911764046301584,-0.009998215962141848,-0.014542304749552266,-0.02911362244944797,-0.029955826760430286,-0.026513900623350423,-0.0316900381406872,0.006735066967909604,-0.0052623036339673815,-0.004504768117432668,0.004870285105497255,0.0031234002199397263,0.002572612047795595
2024-08-21,0.004452769772632504,-0.0065007205721561495,-0.0038923208729594577,-0.0022187424685268186,-0.0007103398040238876,0.028398367796234572,0.01840740367890537,0.015014766623950888,0.01368572169912467,0.0012877899474732241,0.007848335116969887,0.009906070421780844,-0.002712556234881007,-0.0035243372099480136,-0.015133430097418889
2024-08-22,-0.014716955994049853,-0.008061808573465,0.00044417861399121,0.0007115860033859496,-0.018787333584911248,0.0020579135972312347,0.021440387469860687,0.0026726695463403964,-0.003939526386180732,0.0066981871857342765,-0.004213137667468805,-0.004498670499293471,0.009057581499970942,0.008843815854542227,0.006100218287704441
2024-08-23,0.0046644200899747905,0.0038668519553609467,0.0037983480948033414,0.0012094004738655286,0.00323076849138023,-0.010729351026704227,0.0052951606730176765,-0.011079229010519458,-0.014345446038103579,-0.004054401078508756,0.0010378484403666633,-0.0005269869489318176,0.02116852530801072,0.01241423181812919,0.017724998966072117
2024-08-26,-0.014306111596513784,-0.004143625619762656,-0.004043994761418189,-0.011069158250413758,-0.016381329669855175,-0.0019505317606769244,-0.004657456107580231,-0.006900612561087639,-0.012548547674099669,-0.0014629160251611057,0.010481318659035128,0.0025139636901003078,-0.01150925439547855,-0.01971112322020179,-0.017585451045815294
2024-08-27,-0.004894708055124671,-0.005354735368980449,-0.0018640260532482968,-0.009404610424495745,-0.006869296506238543,0.0029012987296089705,0.014843585896888067,0.004133105913999109,0.014746308792289588,0.005689358133156096,-0.0032201213226261843,-0.004173972628124711,-0.0035999330842144493,-0.004479352292147951,-0.004316153536222412
2024-08-28,0.007040549157854018,0.005390516290141732,-0.0009617068588695698,0.008688623447281975,-0.012240552344945707,0.0007898398283864086,-0.021484224541158954,-0.01861858948970658,-0.012673801699866202,-0.006387441292224653,-0.011581979959400347,-0.012173021803199607,0.012029762364210172,0.01179728869020544,0.01787086009413949
2024-08-29,0.005005946291901292,-0.005990143420922365,0.0009599695101189746,-0.011731051185866842,-0.00572427849733881,0.01916019636819409,0.014066306013264392,0.01753070997063509,0.020633055069692294,0.012288786056062106,0.014231892214669885,0.008487185310715656,0.0008457067730188311,0.009214950120808578,0.013648652953658268
2024-08-30,0.000819697297498141,-0.013144273556662625,0.0028353474778188784,0.0005007506745849724,0.002290368617087851,0.00854329289091425,0.013816898544436518,0.007609683971802693,0.016389908568226023,0.005103766578462033,0.0027810059878008546,-0.003948754705312701,0.012031021275822416,0.01489240461095803,0.013026158403339509
2024-09-02,9.995424931508309e-05,-0.008228587905286824,0.005089898387072808,0.003140732327931317,0.009610596086943174,0.001363512089140385,0.014784916295781103,0.03334322561358675,0.017175842415228786,0.020655571999408602,0.021942955714799733,0.014574206867951196,-0.005174766182648239,0.004091550833504367,-0.0055328550723059275
2024-09-03,-0.006889899252417205,-0.0021502983840168636,0.003073148148165192,-0.0047300440212548495,-0.0032789577023101674,-0.013938295281414154,0.005765941903412935,0.015781873447118917,-0.0035179852425171383,0.026621616212954186,0.014264430821479563,0.01976645916408151,-0.003699690589162575,0.010734364746786856,0.009052530522385985
2024-09-04,-0.009819844828142002,-0.010957757940085178,-0.002740855504443874,-0.0014708844639907221,-0.0029308480526897005,-0.005520578253758143,0.0023087755645556114,0.006693336171200522,-0.0006931109229224167,0.006216119203780396,0.01530530496459085,0.017903524230075615,0.019545412396603158,0.011249686364916089,0.00649225779671327
2024-09-05,0.0005922425393248432,-0.007802950889777619,-0.00966168431292719,0.0011190584130299289,-0.011619001216267254,0.009156731215192193,0.00011001315412110775,0.012170385358610482,-0.008527213228199652,0.006946303727453662,0.014470181088806697,0.018977073306113895,0.004677568209881658,0.0022403567258132075,-0.0026271990406757334
2024-09-06,0.004316407693165805,0.004060958605348631,0.0004805569159097914,-0.01123032052506661,-0.007491440852239637,0.004374337529338178,0.021237537877385592,0.0030445880200473847,0.022196392673098087,-3.9258006765490426e-05,0.0032860207857405613,-0.002585944652615014,0.008851526010103828,0.020024337214810364,0.010438693343122439
2024-09-09,0.006710714451435636,0.006349864736836113,-0.004720943401495746,-0.0028407264969656214,-0.0043907755335785975,-0.0011892857463160463,-0.00967212281827187,-0.010075460627944817,-0.003436130784630409,-0.010941496592288689,-0.011017570806635103,-0.014841764788673606,0.004892862750099286,0.010171392874148885,-0.0056151609257528365
2024-09-10,0.007203873776411341,-0.004886096331938869,0.014492398581726393,0.00845496618801329,-0.0004474326187174759,0.025837482922530994,0.02740814170060972,0.007802634277294943,-0.004484113473642724,-0.0007256780520709495,-0.0005251594041711235,0.000841229962623315,0.009015451609917827,0.0021411195666664372,0.0032888334160123467
2024-09-11,-0.005901213885136435,-0.0013568873759660458,-0.007662205566522482,0.007320483486402466,-0.006297968521696869,0.0005824312077357162,-0.014326210769435486,0.00018303379017763164,0.001731259985106223,-0.013445165795126068,-0.008871107324632052,-0.004862897839411441,0.011500758284794306,0.007273586320449983,0.008967236300806543
2024-09-12,-0.00033350159790743856,-0.001030858850040796,0.0008412178464380737,-0.011468192642476996,0.008251510106238001,0.006965448713835056,0.0045006676043015635,0.005848864733353046,-0.0010887577077462675,-0.008630431495013172,0.0004541205416132132,-0.0011389917807196172,0.0081296879252226,0.0036895571257216314,0.00832732682194562
2024-09-13,-0.0005465026673455186,0.011796056759045045,-0.00320031866248569,0.003677951236290483,-0.00323588765690534,0.013725383137452196,0.023697677935523926,0.0056582713990107805,0.02368154089414017,0.008003497913890005,0.01254817352797027,0.014524478293683567,0.021270623073369625,0.003920293103633479,0.012308002027611634
2024-09-16,-0.00841255546540941,0.00021302439677196774,0.005997120423414977,0.0007675725221975905,0.0021821587853016917,0.025779684624941526,0.012366291895725148,0.009009482948677141,0.002342467944351119,0.0043056774613329995,0.00521190249814903,0.002050534706397656,-0.0032247815015204644,0.008252623105346791,-0.005769719805566345
2024-09-17,0.0006658352145378554,-0.01864229187379062,-0.007929943673181082,-0.001009339566008017,-0.007090471826168594,-0.008502133656781818,-0.016529519369244558,0.003221122219561913,0.005506387882817789,0.006557795060118657,0.0054094407867805215,0.0011267394857863607,0.005368124618181227,-0.0012491253067993518,0.017016063595619246
2024-09-18,0.0019237269397065545,-0.004980865328336232,0.018407226423270025,0.004828103027940644,-0.01378027272697344,-0.010236502724860878,0.0014170686698347455,-0.03763931902604378,-0.004054198532172622,-0.0025890119465204467,0.0008949626943395271,0.008229615157600196,0.018190688022948077,0.023184377186534086,0.008021471300093602
2024-09-19,0.0043829673430083645,0.01415895217920832,0.009557058008132422,0.006584084615232209,0.0007968051182170883,-0.01424123912139997,-0.019544156751877567,-0.013578842860394989,-0.005520810793363531,0.0009304832807257167,0.006190984716180854,0.00624747175070941,-0.002975205092394755,0.013968438272274097,0.011408814078818285
2024-09-20,5.758383703947153e-05,-0.01335845191395399,-0.001975509076375263,-0.0007025239021169844,0.014185750561150057,-0.004368739690189801,0.012507323863639097,-0.002483279162066414,-0.012771270945073947,0.0011214726258415037,0.011955724170027713,0.012833808393600191,0.0036985469831907454,0.013060476871143478,0.00196944669083056
2024-09-23,0.00270623528791053,0.0057619480956307735,0.001756299265252859,0.005313593833167807,-0.00980097703022776,-0.011493945690880913,0.0228850314900636,0.006929139091335992,-0.009050002560728927,-0.005945493052397284,-0.003171480001992306,-0.013482496579393863,-0.0100769838128674,-0.007629806281756839,-0.011743215411323952
2024-09-24,-0.01208262773362262,-0.014908832059095937,-0.015962224848136072,-0.0014445922367174128,-0.011053909489044566,0.002647321583897354,0.0008065142239272267,0.004664530181940061,-0.002556226546337226,0.0006696913992082364,-0.003813536920096382,0.002318384044767386,0.002037738788151344,-0.0014842438152339083,0.0037499988821562925
2024-09-25,0.0076068879669967514,-0.008858624571190854,-0.009139514596575523,-0.0027368608270265794,-0.007433968586458586,0.029817659926684274,0.030181758330662497,0.012244629602870516,0.026108199418190918,0.0024711923081377103,-0.0037241063818502706,-0.001952814920617353,0.012191214879292206,0.005040826272655123,0.01407463874308174
2024-09-26,-0.006671794016194941,-0.014291248282973588,-0.0043101334317049945,-0.009395967625474585,-0.004292631710836327,0.006386114504279378,-4.7384245579902475e-05,0.01369870269177401,0.013876583850437954,-0.014444922983539207,-0.007545045226672024,-0.00660688858896772,-0.003663518499937825,-0.007079406887441422,-0.00578293560465829
2024-09-27,0.00020324840319193866,-0.0010321309948841647,-0.011978759499020226,-0.0024068852622901025,0.005995649901139342,0.005633630401408837,-0.008702425221851658,0.010534984868641215,0.00277404719146863,-0.0056201429114801004,-0.00256786738697412,-0.006659127052546675,0.0004280861698688304,0.00049167694179118,0.006511312735304246
2024-09-30,-0.021999276990506956,-0.012915497241741887,-0.002992932464738357,0.006844833258280233,-0.007402861479636561,-0.010671732444727772,-0.006183897332498594,-0.008429324815996437,-0.001095539901968091,0.0030687927525641506,0.004390105915792988,0.005093450782365273,0.0005015326106420474,-0.0018450503317663123,-0.0004124410478176251
2024-10-01,0.008923327048213307,0.02027426785671555,0.0049211990154116505,0.004878040119378171,0.008862196895537792,0.005383972771405836,0.004240382857077013,0.0013690573498132044,0.010860352639194494,0.004385772676412483,0.017245663300220194,0.0043640076492521265,-0.007402327292777512,-0.004359262221799323,-0.005756052779381982
2024-10-02,-0.003462444045978714,-0.016053603791503515,-0.006046199345851151,-0.0004847911501099471,-0.010354311235205475,-0.007711934512676184,-0.03140040061889171,-0.02354545484164617,-0.013637449625065074,-0.009225655419988987,0.0045832674342062285,-0.0035964224010755605,-0.012368899214593318,-0.007168118306182824,-0.002722775313474933
2024-10-03,-0.005701068295286125,-0.0014972777895835652,-0.010511999316562177,-0.0008724524040748523,0.0027029017894955533,-0.0004118412024989213,0.015482520639130713,0.008917259991348635,0.0030287668486105417,0.0016147607182035372,0.003050497971369052,0.009604006418690601,-0.0030984747889096992,0.0019672000811443687,0.010044945044155266
2024-10-04,0.006230637732897878,6.000035220307936e-06,-0.002891640511579418,0.0014707735458282796,0.01364447940573022,-0.008585045565251788,0.011072743065120226,-0.016912726289177983,0.008907714184522502,-0.0027940267749063264,-0.0017270535293562907,0.003067087778357864,0.0019909479663322016,0.01633644315236861,-0.0032044638456861334
2024-10-07,-0.009459207996951356,-0.0071312191522400255,-0.011075625911810338,-0.010931882333212887,-0.0036031447195556702,-0.006037045285226096,-0.012860122862059137,0.012926707484254918,-0.005076914976871969,-0.009587574527790299,-0.006908770322605386,-0.003043490499439844,0.0019054525049618126,0.011815215006334888,-0.00816114417369162
2024-10-08,0.000259610679717903,-0.012007209160508086,-0.0036996579259659518,-0.004827262218256892,-0.006587448881040231,0.0030698651324626448,-0.0038332763007482037,-0.014300983856423432,-0.010813317525139409,0.0012736660403827834,0.0013855834082674248,0.005456128885128014,0.0029891112330623897,0.009621639986839205,0.007284664172866235
2024-10-09,-0.007724570151503243,0.000358146623415689,-0.010237657450571607,-0.000823783350432164,-0.015872841644543778,0.005270905748777069,-0.009102695859628477,-0.00767696958703368,-0.004365945308594729,-0.01130564259011298,-0.009272798399003083,-0.002779843688736826,0.006749692579648858,0.002862112186129519,0.006094270053557428
2024-10-10,-0.005674170873672207,0.0023446225766669514,-0.0029137591817421237,0.0030825019816714296,-0.007787322744239529,-0.004202977427505009,-0.02429634945473544,-0.01468819111071409,-0.012355987742702895,-0.0008162559697081819,-0.008524827389244954,0.0021663468997004456,0.0009473217071051178,0.015529535808110293,0.001193131119518355
2024-10-11,0.0035368217226729977,-0.0036470598311931896,-0.0004354013361252051,0.015166551745461393,0.0028205694475782177,0.01521653480900542,0.01943475228186688,0.007196585105139988,0.012653113903547598,0.006458173328959682,0.020925717568467728,0.004613344886698057,0.0035393296624677867,0.007685754876757975,0.0024454771587472425
2024-10-14,-0.0006389583285537276,0.007106134912239789,0.004111077677273945,-0.0004077865041202883,0.003930950884615619,0.0029897716813567857,-0.01413331566453444,-0.0002604767311093197,0.01609042110312325,-0.01296005661238656,-0.018420114016035827,-0.010616213932747788,-0.007624536205572021,0.004070597795101482,-0.016449902584514307
2024-10-15,0.011268098560084658,0.0007607686423842736,-0.002457150677089877,-0.002183227889047838,-0.016222514095902654,0.013610122453739184,-0.00505588007897546,-0.00551725279818322,-0.00580512382411034,-0.029001070441506488,-0.019272452739376233,-0.009019563588812179,-0.006573040293724994,0.0056457261365528595,0.0003047686813737938
2024-10-16,-0.012480354164279572,-0.011166054762798848,-0.015390186394068067,-0.006426401522545195,0.00896402410811823,0.0038248928721439993,0.016028173829016577,0.016407567637271143,-0.001435668056374675,-0.015001735165767796,0.004807163817723163,-0.013105025121077892,-0.002326975515907819,-0.013594729326475279,0.002167896940140408
2024-10-17,0.019061320947626,0.005087565084698397,-0.006248574556676739,0.0033161798347468028,0.017636504567279956,0.013971904034517826,-0.0005582064621274564,-0.008305216756924354,0.0006309358204614323,4.314745809703979e-05,-0.006106018481438349,-0.011608546684527175,-0.00831254598115751,-0.007437987913855893,-0.008190952758655997
2024-10-18,-0.008838208668693868,0.006200297293348299,0.006492044484209519,0.0008974211462293882,-0.008807774564454286,-0.024016236865296907,-0.017252474869499088,-0.007856939655266196,-0.010613767138420872,0.01355180078234856,0.0065066342225360025,0.00264056776606407,-0.006569403125344558,0.0008165901469890302,0.0006638415182174478
2024-10-21,0.00517000874888062,0.001764434149254434,0.013027956492829479,0.006803200014620446,0.0033056279802348753,-0.010834337789727254,-0.018078918603955194,-0.01664033623750504,-0.01110539377303438,0.011145017633809155,0.006602876248686581,0.011103120435049001,0.01012640817037872,0.0023396166915894837,-0.006614871777975727
2024-10-22,-0.014300591293830198,0.010080524644675267,0.0011935628522389105,-0.006667353558452327,-0.013015681896566527,0.0038633029849808906,-0.001471777911298898,0.0015972922851038543,0.001520111034404505,-0.014382155345646125,-0.0015897239276982597,0.004686783474006882,-0.0015221969909831965,-0.0028864047045417205,-0.00595897626527924
2024-10-23,0.005894793940753701,0.0002876640210866155,0.003642787859418718,0.001751339531784218,0.009858937434533427,-0.041978417278831406,-0.01017112361892606,-0.009276436878241106,-0.02095866564907003,-0.00830545471304197,-0.011750884781364495,0.0029887693544345213,-0.016601161880177843,-0.006757241749666673,-0.0009924374127555846
2024-10-24,-0.0064247809598106465,0.0007451199148719285,0.003516396000835045,-0.0020421284508757897,0.018401516718884226,0.027415542785195403,-0.0008976383180123977,0.016603043601284288,0.020275867435424776,-0.006327646067624607,-0.004272044982990857,0.0019264924384774745,0.006671256235027353,0.001896778960749538,0.007645106363608581
2024-10-25,0.016701611719132127,-0.0013265293206661134,0.015467055991362139,0.016327109040029583,0.010464010750731938,0.007947583853089838,0.004954427824547043,0.017941178387026302,0.0011965244746983228,-0.00875509363809358,-0.008880835773047352,-0.011444560459773852,0.00865709559851308,0.00392009646103099,-0.004323604913859165
2024-10-28,-0.0062237453947417585,-0.003908343190580473,-0.008695482517730752,-0.012541782409048984,-0.004206360843200345,0.007828001810829804,-0.024219290481283504,-0.002214424547825673,0.01876885475232834,-0.0005080700770699976,0.0013112838888898017,0.0010820753302325191,-0.0052974621312441095,-0.0008771994971081385,0.0064612126871470745
2024-10-29,-0.006371831779026533,-0.00026982574745288345,-0.00569887511599006,0.00030568433269978056,0.008442137244622915,-0.020624221143674088,0.0008300383490738566,0.006394517023566851,-0.0035265031922264625,-0.003686273508788464,-0.010524309758383806,-0.0011074689631488934,-0.007395172595984689,-0.0064555673598563675,-0.005116119894051413
2024-10-30,0.003184491463017516,0.003101849821577171,-0.004575539094770639,-0.0025779259668892345,-0.013186677257716706,0.0036782971218165027,0.006652913262519253,-0.006898213412020862,-0.0070769141193421665,0.005391961904337435,0.008381010764427134,0.003227794398960127,0.004051934853171331,-0.0009992913702818462,-0.011042592774417416
2024-10-31,0.005842351313707637,0.005872800238883806,0.011468155366649139,0.0021943611238017507,-0.004244191733497271,-0.0036918327201243208,0.0037272589030366444,-0.021928185290246392,-0.005988400733813937,0.012974413133389399,0.012574154366642772,0.0031107914519400526,-0.013623166488015148,-0.011707077375759982,-0.008958853046165881
2024-11-01,-0.008273402286895264,0.002480695328924521,0.0042101928818684565,-0.005926517482469169,-0.0008704346610503731,0.00016763998299215612,0.0009966037248724283,-0.0012640367823662146,-0.004203656436223323,0.0058098047467664195,0.00033005310670121456,-0.003045911856149758,-0.0014973551861009746,-0.0014135724285229772,-0.0025356826372231155
2024-11-04,0.001418285771567667,-0.016198848444389638,0.0008361572452809949,-0.004357154226926525,0.005240089353055664,0.022131187264908165,0.02747005715663679,-0.014451591684050679,-0.007402619813379991,0.010227090111905193,0.016109269061439016,0.009147460031344019,-0.013983866464666997,-0.007024238384946346,-0.019370808802162867
2024-11-05,0.01690259386583606,0.0027748560638973423,0.0073666192224754925,0.001306641166611373,0.014364233761954871,0.008821741397133626,-0.008353833282747792,-0.004655959157243981,-0.026240926271586265,0.006980778247288515,-0.005093510953683924,-0.006580619038033428,0.0012083818995583494,0.006069950721056792,0.009711551105666268
2024-11-06,-0.009369369532792934,0.0054318235655343005,0.013556531241591105,0.004807511286267685,-0.00017021672345333277,0.02933390988363897,0.020503214999658622,0.02342232267793491,0.015513478725747182,-0.00015845024076929174,0.003431572438261696,-0.0019863925105103077,-0.005273599333832463,0.005250392928126257,0.0044801933092685625
2024-11-07,-0.0016597462629113684,0.006558917913807881,-0.011843099531309593,0.0034245875839348378,-0.005866822363783925,0.0017633193035875667,0.006264384109685609,-0.0019720068118701957,-0.0017491527821160858,0.006885071495597753,0.011590710295717972,0.010981199827337047,-0.005078878551995982,-0.003802160397514324,-0.0025327773307715082
2024-11-08,0.014783964464005973,0.010680828083754208,0.0013930357391248836,0.005370530512561959,0.007336271087461129,-0.007542097333407274,0.0083785065261475,-0.015053187431406033,0.02066790706091921,-0.006106252092847372,0.0063615095885584845,-0.005624367058222249,0.002362732359197691,0.004221097990263296,-0.0010786386714971557
2024-11-11,0.018466791095271454,0.022728569804815194,0.01579283698231476,0.00750407288740061,0.01866416667418496,0.01665905244329848,-0.014306341722488656,0.008862896113740575,0.020893254019213638,0.015553928599349752,0.004274806011331473,0.011465235745717553,-0.002569739686949301,0.008726004616188977,0.0036395652734675086
2024-11-12,-0.008187141138507003,0.0023049112950893867,0.00593279777957006,-0.004866410291162564,0.010231248255893667,0.009164785913685521,0.007480393651561345,0.004071895857254677,0.010257271903872746,-0.00622180622093815,-0.0027031712470439615,-0.0015232846430804604,0.004517695348719944,0.02043835156487457,-0.006994246211346364
2024-11-13,-9.967945016707764e-05,-0.0037587536736559696,0.00016500655227424748,-0.008403043258012976,0.001972169644818144,-0.0026018073330639144,-0.028600374753720802,-0.024014382433374313,0.0074504028065767855,-0.012008488119873376,0.0020025078421490507,-0.01305935289671407,0.01068254387164696,-0.00787712046697258,0.0014845191415849294
2024-11-14,-0.0006718157704290809,-0.02332591830870948,-0.005502008056327239,-0.0028128456358978717,-0.010314738935819827,0.013143422795222138,0.005735605744623281,-0.007524037745470282,-0.002508399424652453,-0.005584347185273483,-0.013238460001627369,-0.016200132334830048,0.014740451618820333,0.012602884044088164,-0.004288006554561584
2024-11-15,-0.0052944913524789385,0.00506018015442186,0.0008961569488001867,0.0022261598533127,-0.00901721750150252,-0.025309422225456825,-0.027943937372563045,-0.008949655795890753,-0.004907515228266768,-0.010733242699083071,-0.0071779272616674964,-0.004158408316197061,-0.01596329178079596,-0.00465639962049273,-0.011198928879118032
2024-11-18,-0.007700216317086292,0.009856817729379764,0.004188357740551258,0.0010892622004297402,-0.007199246533476878,-0.011630359869998387,-0.0038403684396163436,-0.005468062665672487,-0.002286544726896834,0.006322618212624344,-0.008717925968841696,0.0010072459620333503,0.008776662378522055,0.013389793605577138,0.018235432409936386
2024-11-19,0.0014250893794331802,0.01380011322631493,0.014953614453585357,0.011482193554375074,0.019978715006675515,0.020493490177555578,0.01791249748369636,0.0029998939954831005,0.02123933331110921,0.007863312798376676,0.005990771178215995,0.0054428539789167125,0.02051844039897571,0.012909515054662823,0.022017160426755972
2024-11-20,-0.002144680761827303,0.0042759731746191566,0.0091290528425461,0.002292031295020715,-0.012167479724971841,0.0070625596929918925,0.021494293471505277,0.02107010229642513,-0.007524347973838336,0.007969794672870779,0.009612970775046747,0.012373041576380115,-0.0021582002073725574,-0.011648860910833905,-0.005217613176080911
2024-11-21,0.004687411330172325,0.003904088252725887,0.00946575216328805,-0.0003714866994469893,0.00030499584905014504,0.01774991975101016,0.011827855518837888,-0.01772826970077478,0.005260821476878782,-0.007856490997499202,0.0016266699613497288,-0.002085650454345376,0.0021780669976695457,0.005294691217893782,0.001230287542778442
2024-11-22,-0.004317101456528376,0.001942403426971092,0.0035008049500050748,-0.0006619326204115633,0.0001421823624696936,0.009647991652245645,0.00474088656170752,-0.0009967286100542698,0.01505544845014443,0.0028284972313092314,0.004488999842864563,-0.004433688016763842,-0.010995286023180761,-0.01430923209036807,0.004593008856447997
2024-11-25,0.0046526727390769265,0.00299721095484613,0.010292037577569815,0.009656892468739192,-0.0021902069000033306,0.006214993145079265,0.007397676159984795,-0.017242474207858238,-0.024069686365744913,0.00905817817651873,-0.0011502207349530415,0.013276795344949518,-0.02156903098871121,-0.018719809890618697,-0.020488905958072713
2024-11-26,0.0092551201979677,0.004411133312159436,0.0026078203349288983,0.006038166208775998,0.01846849392894105,-0.0034123112279199385,-0.007499178229325844,0.015732608158373237,0.0013015713212675287,-0.003444145376261868,-0.006562349598011483,-0.0032368495031924746,0.002969948845878094,0.004900059002334423,0.0038200368770313054
2024-11-27,-0.021123256429160867,-0.008946405178560289,-0.007179781963614585,-0.00626077365595706,0.0017227322130711968,-0.026206978653104996,-0.031812738047802665,-0.021622467653294997,-0.020761674287058548,-0.010731875310526023,-0.006571608655945007,0.0032993782131484064,-0.0006168547077901212,-0.013262358616822878,-0.0019692428410774867
2024-11-28,-0.011276389935575067,-0.010593359941320431,-0.014703919292306623,-0.01689500785297016,-0.008348183108122301,-0.026136500975740412,-0.004959992098876114,-0.007685871906078124,0.0011906980515915613,-0.008519489018921612,-0.0016054370256347841,-0.005035050669891011,0.0015599103531664462,-0.0178521941395881,-0.007878406129193497
2024-11-29,-0.00654402785351609,-0.01624594684565758,-0.00020846911798488854,-0.008679930014676592,0.009773918230058012,0.008209794071263508,0.00879285124616809,-0.0029294530275649766,-0.009589402282695794,-0.011202297893229804,-0.008299657941375887,-0.00857856121457958,-0.008394606358942144,-0.004898310243786061,-0.010224427302013284
2024-12-02,-0.009375289828858031,-0.008914132490707312,-0.0005329833953563578,-0.009691441907657012,0.002449625903439683,0.0011615655952993322,-0.004802888378560924,0.005437773277668159,-0.007852163476367488,-0.0009548351195062107,-0.010445925186973308,-0.01408921513193005,0.014352594008862895,8.010443433132926e-05,0.0031216520854233177
2024-12-03,-0.0014258909799028535,-0.003262226485430667,0.004296891220382413,-0.01002119333528344,-0.002233301469093441,0.004391471107808206,-0.0009978312857655738,-0.015417190702625119,-0.00017806160231083508,0.0047487568139007105,0.0025504770005434036,-0.001685176492522135,-0.006023592726873635,-0.0158194730723217,-0.015384647381163864
2024-12-04,-0.013921171197041591,-0.004579475286825743,-0.007692501920496721,-0.00720709475872449,0.009075680094314703,0.022327304145898636,0.01691607837023949,0.0030411291484608895,0.02412330545351281,-0.01842740466824955,-0.008142519741627906,-0.011784143872907013,-0.011826924447591524,-0.0077135988457202,-0.011491889456008795
2024-12-05,0.003386215607001573,0.019840091271252996,0.002496062794655778,0.021469260464699894,0.016732791466978893,0.0005573018877129965,-0.01362547991537637,-0.03696588894803239,0.001782274723298307,0.01428620997681501,0.002722029876423334,0.02275717906192015,0.014908423748619346,0.01083324724524359,0.01317470392109399
2024-12-06,-0.007789234381151239,-0.021918705972039355,-0.008782817540648103,-0.006172960980000796,-0.007664105496593713,0.006656451184260254,0.022999473838547585,-0.003580134828235078,0.007700569634074964,-0.005255504123414771,-0.0034785891327572768,-0.00792003614296168,-0.014164220184519336,-0.015376410991159217,-0.011356938332313667
2024-12-09,-0.0003221308655153932,0.01047515560380748,0.008762617767777727,0.00544825211224469,0.011314026004149776,-0.0075881844872167405,-0.012998302094635492,-0.0034105809229269413,-0.01523158032832723,0.001233315359260882,0.007014317540861704,0.00903705950037432,0.00935901943134947,-0.004668968401707148,-0.0003085762758676183
2024-12-10,0.015247261836236398,0.002880000189558923,0.009087190144268923,0.010977292835796005,-0.0009343878091893337,0.01714329343950747,0.014026795845946374,0.025779771262955227,0.03426269077492375,-0.004107598713254861,0.00468553852509406,0.00238999656033698,-0.00822464516249627,-0.007194247162595599,-0.008011828623444198
2024-12-11,0.009750564099304602,-0.0025710988040213534,-0.004241365887693346,0.007104849556348716,0.01405841792481355,0.007733187227671378,0.007036974868234512,0.011328450391690932,0.0077476474968106055,-0.014936498932046944,0.002551081669144255,0.0009681035989429772,0.0017275282501441674,-0.0026571500900213893,0.0018692913239018467
2024-12-12,0.006344012443433524,-0.0018582679903527588,-0.0011121226174249312,0.010713374546668694,-0.01570889843086812,0.008527414320550746,-0.018013914088744136,-0.02782808963396861,-0.0028873692512494985,0.0009745655875022215,0.00846086907569082,0.010672825809347114,-0.005375648254108482,-0.013894735339535776,-0.009508384906370324
2024-12-13,-0.007190585227354406,-0.004881927841185714,-0.020155168277548256,-0.0015080996851992204,0.006801989178018918,-0.0009051232679243518,-0.006326852059439348,-0.003949932267377837,0.02377135171536713,0.01861457062482074,0.006564969785934221,0.009665523413037624,-0.009921660158281085,-0.003782698083791179,-0.008232352052625643
2024-12-16,-0.017066040857091194,-0.013440947065733464,-0.013724288135832374,-0.013665788730640574,0.01135535656079379,-0.01044861892408045,0.001494400558956218,-0.02029722776616015,-0.01291104981718707,0.015296047939345952,-0.0018242471423230884,-0.005510767496560274,-0.01490341600731492,-0.017782688235892703,-0.02391947416008707
2024-12-17,2.550979624534218e-05,0.009676756252685811,-0.0017575794420109253,-0.003956837017351051,-0.00667861272905886,0.0071789498512644994,0.0014602709111948189,0.003488979665045038,-0.01770677884210277,-0.007392115217032763,0.004787597948117775,-0.0030749967588787055,-0.005768231096272499,0.0005961857715370346,-0.011152541858299114
2024-12-18,0.0011640732348732778,-0.0030409173964638546,-0.006114587556624142,-0.000578494150174731,-0.01546620179029657,-0.02402715891311601,0.0015610515244851905,-0.00680336134417504,0.0008847799293073928,0.01940330514916855,0.01562936680930984,0.01668323734600399,-0.006676824555682629,-0.015690974073195342,-0.01952371153934316
2024-12-19,-0.021211152979853994,-0.02138946402580103,-0.013663711689333126,-0.016017368702853505,-0.005006787999207616,0.0018897494666091823,-0.010257060567684995,0.008155061485392573,-0.015249500034608617,-0.00266125579995691,0.01161212070278991,-0.0068667278438825745,-0.01311310757564941,-0.013917849492992313,-0.013300644844680146
2024-12-20,0.0036982345594040234,-0.009678847227867233,-0.0030617021360280225,0.012932212885372496,0.0011321021850268127,0.01992969052336512,-0.010242132361374896,-0.011751754055475488,0.007987906959567272,-0.015087673990100709,-0.005450872188730935,-0.008247170459264399,-0.0023771482497960427,0.0027715469252153828,-0.0021816103421264826
2024-12-23,0.004815612945202217,-0.0027153056366137646,-0.0019955011138527204,0.004347478184266016,-0.004352577048078633,0.003179993661424566,0.0038298396154681225,0.007691958811818084,0.003954193693842907,-0.005430014652601449,0.003482793000655659,0.005468642046715804,-0.010979986275687224,-0.021950495783425655,-0.012387377361605272
2024-12-24,0.002272208758688853,0.0006783084884671292,0.008202650205761467,0.0024244990095770034,-0.009894743961189738,0.005189264887639347,0.0012847128350156382,0.011483299647870546,0.003700558934798665,-0.004349088980287092,-0.0018487875319265596,-0.016619157204885094,-0.007812762906950144,-0.0027940252231094614,0.0002508713023783426
2024-12-25,-0.0053442568649156325,-0.012887123440520714,0.004641640637688733,-0.0018418373096458181,-0.0007467710856008357,0.019366725415057528,0.008045018199227556,0.005456970393706362,-0.00573401792592625,-0.0013873387429586695,0.004061332313351668,-0.0018562647901364895,-0.002998183047918425,-0.014025103489533937,0.004105360368564623
2024-12-26,-0.006740131148373494,-0.007080060391626418,-0.007587139669896469,0.00798909222364278,-0.006361966360613267,0.004694626758105815,0.011589609508614648,0.00931768553137143,-0.006019034185104545,0.006149238173885617,-0.0009983168976275521,0.006733049883987264,-0.0029397879168125618,0.011552906840430009,0.0035126286610195514
2024-12-27,-0.0025912204901979343,-2.8793927110998046e-05,-0.0024858485453429398,0.0038123596946006357,0.005522701440608259,0.008767191671037245,0.01780868770159657,-0.01562405071055403,0.006964259668266194,0.00834921873478908,-0.0022159349363714805,0.0016806021633686318,0.007533738138893968,-0.0032792375251866767,-0.0003644210361966058
2024-12-30,-0.007522890339516166,-0.009126748209073367,0.0007097217692693231,-0.00941493676458546,0.004183638096414129,0.017292049337878604,0.026156208939626426,0.008460072409888254,0.004999359919579,0.002069843723721777,0.012938752836092951,0.014672772108144015,0.019050793527811687,0.02720586803578378,0.015989963617605775
2024-12-31,-0.002382030685144567,0.011650179423774797,0.01264927422646125,0.014177881111771035,0.003663540213341356,-0.004591189232643826,0.019496317268652287,0.014694742577297337,-0.012727824505485126,-0.006175011737554192,-0.0032957673733515795,-0.0035902451188278926,0.008566564387318282,0.011624889406340058,0.0006091338994497456
