date,gold,silver,platinum,palladium,copper,wti_crude,brent_crude,natural_gas,heating_oil,wheat,corn,soybeans,coffee,sugar,cotton
2020-01-02,1903.537617401656,24.02882435095019,946.9409474602509,1796.4521843435014,3.793777586738789,62.63367749244151,67.2183209405214,3.2265715723237713,2.1083881916507767,6.022872676349003,4.755806394166416,12.39509923837343,1.5099207311473457,0.1603908761216539,0.7862571616423221
2020-01-03,1903.8397499193898,23.666799867610916,952.4043527473787,1783.689404093565,3.814622725176726,61.943847064445315,65.16449127104555,3.200863100113866,2.0635753883582484,5.984896974486627,4.711825474531387,12.399055983973092,1.5136911961756803,0.1596716264112937,0.7825716770449882
2020-01-06,1895.724925680616,23.622505315124396,945.5250039379694,1774.7111343713073,3.7604052956573386,62.26028954585801,64.54399809508041,3.1591912780198523,2.0828775370798587,5.961655888065253,4.678686128849803,12.343141200304832,1.507962231710231,0.16147384398526538,0.7745200411579
2020-01-07,1907.0610044632788,23.74713879900994,943.3429750682538,1773.8503417675176,3.755549115677432,62.947943571069274,65.32953122957812,3.1884856812745763,2.102910303557879,5.92119262958901,4.671888768115949,12.358291153628647,1.5212257713548647,0.16487571125926956,0.7845414677947624
2020-01-08,1915.938469805803,23.61927401505149,942.7742338190316,1793.875317824832,3.8091630523983033,61.38477533579035,63.14590661472972,3.055391998708231,2.0490826053101845,5.889608385476442,4.718559442170984,12.357256173575637,1.5325750740380655,0.16601166681838986,0.7875989787234841
2020-01-09,1898.0811787422147,23.304225134897962,934.3153024825806,1779.62329850248,3.805912647098526,61.16196335715095,62.197419581239494,3.0772756726063397,2.0352982933406336,5.894485903080219,4.73654852838447,12.371619009816461,1.540415102904881,0.16776406775898214,0.7884097369199594
2020-01-10,1886.881800684082,23.21197591596719,932.8911367528128,1754.2024679976987,3.8373658886875153,60.88318035866307,61.033941396838806,3.0592954504316054,2.0139721802141004,5.918597580869056,4.826699448162775,12.36157202930561,1.5415671873222982,0.16769474670948914,0.7856751485814737
2020-01-13,1880.7550573071685,23.276204057984486,943.8596548319157,1747.8728868153264,3.8000416974815896,64.98363675017681,62.70330804816455,3.203339325524811,2.098229971444841,5.963949948907947,4.873924570743179,12.27522319572378,1.5314748804882112,0.16633093468500615,0.7892949708240724
2020-01-14,1877.5197191833856,23.44330289496007,948.127163920784,1750.1235008203744,3.7743631867609237,64.8781896341853,61.78847566135835,3.224591875872337,2.1012974297058276,6.025682756814518,4.864607928799325,12.247280223259871,1.5437531423256885,0.16629345489053005,0.7805694651320435
2020-01-15,1883.15582839886,23.581243887442334,948.8803200465395,1753.021400409733,3.8163066963427585,64.0167307330473,61.46688117139299,3.2023811032140324,2.114233233591482,6.073741360780154,4.849504273233038,12.39036356576635,1.5506542626555473,0.16816541868909324,0.792195038716966
2020-01-16,1889.375404367311,23.785519504284515,947.6605720050293,1739.1068082312004,3.8137111889169835,64.34138556069375,62.33291099932434,3.2491565619822875,2.1194346017595236,6.029222400018706,4.814737584829826,12.192043877666563,1.548495736502445,0.1689537590980215,0.796235636085259
2020-01-17,1903.4874329172349,23.932730678182434,946.2201307037271,1740.2653046496766,3.819275464980438,64.3036713575091,61.764481884530305,3.177860015807815,2.073901228445064,6.052793336143168,4.773443813411731,12.231527241206862,1.5625832980183627,0.16961554786489338,0.8082901403283396
2020-01-20,1918.2491510985203,24.124740493307304,959.5256337201595,1748.7070364785088,3.813407786726485,64.27472488705783,60.6247058719988,3.105392576169686,2.089322003835001,6.021076703500681,4.793693010012557,12.366397360919201,1.569078708464048,0.16928018984432758,0.8136442007870845
2020-01-21,1944.246726158546,24.15154239801344,969.7917017511127,1775.2429566069084,3.807487981889187,65.01860031208955,61.20343277144766,3.195552302607834,2.0957183860316824,6.114125139528779,4.824474806734675,12.39683621132001,1.5893839722105552,0.1685852474929137,0.8208968767004957
2020-01-22,1958.999583696237,24.122936651950837,976.1003981877798,1788.14026695207,3.8190116582493294,64.25724041238226,62.006891923263794,3.199691494535877,2.120474101521746,6.107156212106025,4.801564690638783,12.361352389951861,1.5864122637894644,0.16759485535807858,0.8143571648007362
2020-01-23,1943.2444336033773,24.19749166067701,979.1064127907305,1783.4754312083433,3.8197027289573495,64.48695168488767,61.79619619599683,3.1945178515937633,2.1268063282666274,5.997614563937998,4.806691757449738,12.174986017178163,1.5637309374491615,0.16496212121225953,0.8042920518280906
2020-01-24,1953.3800548101683,24.29305318473009,972.4511705997489,1761.155427247816,3.8490938837713644,65.54508876366799,63.25776442528458,3.2400036875845863,2.185754378096714,5.97905776962369,4.776725748639868,12.133335263452054,1.5239639277960015,0.1596495419841893,0.7864410362141865
2020-01-27,1977.9610590754385,24.245721336840518,986.3142345435786,1773.6150731184055,3.8682810397259018,67.5132476515594,64.43932873506117,3.352250033421036,2.268757812046497,5.895062568799723,4.73348055177219,12.034478228072457,1.522296481092852,0.15950676496968014,0.7925518372286267
2020-01-28,2004.8161536750154,24.588570668113782,997.9732781363311,1797.723223089698,3.845523438633854,67.082635630988,65.34664957777014,3.361945341587142,2.294469963825561,5.878162415994275,4.743768667609001,12.079012298018128,1.5185530254938664,0.15822808640385433,0.7880604668778255
2020-01-29,2003.4477019526016,24.47913886772568,988.7173209478764,1789.6073226562212,3.796090578839935,66.44533104328394,63.3227786666793,3.2870755828884803,2.2567133413969436,5.852082812411101,4.760922171903165,12.076603101980682,1.4888552631016885,0.1567547607703039,0.7795692759216467
2020-01-30,1987.4841427470053,24.289356881353505,974.2253901550968,1780.9679765859898,3.7729349408785877,66.69362222786013,63.61181948033327,3.2540018252001546,2.232698321990338,5.79969076769479,4.7527338417592695,11.861057089321928,1.4887024059954013,0.1567616876878963,0.7717973708199867
2020-01-31,1984.8717833425274,24.348537400842496,980.8127109207687,1788.5485478678215,3.7635281797996,66.94044520000058,64.28460300198986,3.309504133103726,2.2026172381982922,5.741542713653691,4.773425005065149,11.803059299655564,1.4873946337649961,0.15588267824166627,0.7724501417815129
2020-02-03,1962.6311746933197,24.145983351558392,983.7720611256406,1766.5173949896193,3.808886610910617,65.85101713705498,62.85907615351256,3.299332124119293,2.18317921265437,5.784947640987969,4.843411975339387,11.911071486704829,1.4938817711227341,0.15696726714301576,0.7727704954898251
2020-02-04,1965.2317946727621,24.04251234666052,981.7853290014623,1738.067607018006,3.836895108416576,67.98888061220076,64.70792318704217,3.310724071666647,2.189590506776792,5.770429809273804,4.833812229107933,11.95573821514047,1.5070833586260037,0.1592532428749042,0.7795621142377274
2020-02-05,1992.0944228474978,24.46597034600493,1004.5075048944144,1755.4417815402933,3.844935314156431,68.16453982004865,63.41441222904189,3.341292181973593,2.199725509508613,5.867188437303873,4.892264476561163,12.218296731340585,1.5211338487973731,0.1613097205520288,0.7845250687540453
2020-02-06,2025.844254660931,24.775125617030348,1013.6205869921583,1763.8621755308457,3.8235181814027346,71.23243964171593,65.90524502503513,3.483265715846868,2.2584474807797887,5.81254174930552,4.86879294329766,12.256997536891422,1.5269282974056118,0.16211397190414226,0.7951463267786913
2020-02-07,2024.3817490973113,24.479830979841424,1006.8098654992317,1761.7812154083265,3.7835435268129185,71.44370096674916,65.92403158458393,3.49650689797451,2.2717340082634947,5.912491672937901,4.8783694679301535,12.325297504573902,1.4994703288577529,0.15937482491385102,0.7815281014529478
2020-02-10,2073.6904766204248,25.00706526132587,1020.9748814000925,1799.8634923839334,3.7901567310349247,69.62233318152646,64.50377216221628,3.3884325466629734,2.1988118641140826,5.932595516732584,4.919444332132486,12.60302116848067,1.4939371634989072,0.15907981102169175,0.781987797863402
2020-02-11,2070.8910932875037,25.012337561424033,1012.9853264660458,1808.1049913464,3.7247558461726507,68.8701253806134,63.93563836567851,3.322072816332738,2.1962695990834966,5.818516039225119,4.866312547414372,12.340153363255986,1.4626982481063193,0.15735622124144294,0.7746671879154353
2020-02-12,2085.0440572731113,24.79249399898983,1007.9901001516461,1795.9387312137947,3.63158477672282,71.07962745982171,64.44238210535974,3.375528410013885,2.2347712439518133,5.898899864274046,4.921434020886787,12.454216313501396,1.4522136603372693,0.15537165347594337,0.7729602695693825
2020-02-13,2088.282707304296,24.755721808356583,1005.9044673943596,1805.8100100477564,3.6013307606088216,70.37683788792363,65.45838525367769,3.395770808212873,2.220743745873964,5.92772739174449,4.946230023257601,12.623630548622206,1.4381680561200239,0.15408285713153203,0.7706560450691695
2020-02-14,2113.359180775233,25.01037136190007,995.9621860238944,1812.9973017725306,3.6771447411905283,71.82867054535527,68.0397334203792,3.451532696322422,2.3058190266733565,6.014549988719901,5.041685664307676,12.829194261940625,1.4562739512008163,0.15763881130684473,0.7854006898305567
2020-02-17,2137.4397136492526,25.18083193011153,995.3262757206666,1810.5751405590242,3.702800125572609,70.75950137383963,67.791876998304,3.369926417886541,2.2547718590631076,6.0667441150069585,5.069818518280411,12.925597011268803,1.476639618826633,0.1600060401139944,0.8025715030087102
2020-02-18,2168.715812744582,25.600911803451584,1002.6952082644029,1843.6231444473813,3.722659257458525,70.52787586712756,65.7631258651482,3.319057729785302,2.2133388881263825,6.084699418022122,5.112469147238445,12.942021363137753,1.5156697434746864,0.1633599748368844,0.8216419314346803
2020-02-19,2131.319592943115,25.01599029436148,994.6245449902857,1829.595592697997,3.6538582353663953,69.8803583792212,66.15010998253467,3.277459348858863,2.2137102333257173,5.9881399192457945,5.0037030771636575,12.594850680512875,1.5014991434625329,0.1629589231720419,0.8152688434134533
2020-02-20,2167.754667948009,25.661441445248805,1009.8903805658531,1871.630562338644,3.6147092736889133,70.00477201585062,66.05942623996162,3.2481055602096043,2.2012012855646215,5.955494453103411,4.969115621464283,12.487453638393548,1.4935226279535407,0.16181174739743598,0.8156603819815341
2020-02-21,2189.5395347280387,25.68196471890643,1023.9971743559233,1873.2926273059456,3.6423797346521014,68.18901256834147,65.99992193318667,3.225054204285175,2.165089694844104,5.936747795634759,4.98653397940921,12.35308204249813,1.4834683403204174,0.16059837404933341,0.8130184962908708
2020-02-24,2202.623035030545,25.99765547276887,1037.7843611598541,1880.4919008579727,3.6580352451178415,68.90454514411401,66.331094477664,3.285818965767929,2.1646140499278337,5.944925752793533,4.974003205957903,12.351774015441286,1.4664959831034827,0.16089695825531153,0.8099012556381651
2020-02-25,2204.2652695373727,26.15193071866031,1041.057984077797,1911.9928962191768,3.6460905024649364,67.9045828149692,63.73358925522389,3.240712344347923,2.1473843903733973,5.915568241031558,4.94034721703382,12.377577427672987,1.4964520101830403,0.16218977343131052,0.8087964695502096
2020-02-26,2245.4769849313775,26.604225208247954,1065.7945921684397,1933.5044076698164,3.7520725909184427,66.32177300118619,61.06355187762131,3.17070391358267,2.1106665102773254,6.095034333946973,5.024007239034489,12.630018142499452,1.5213581933159621,0.16490316390239249,0.8242415289600213
2020-02-27,2238.248709814848,26.93476082159024,1055.4638823519647,1944.9809325943659,3.748783440825682,64.29446760316517,58.645353790798374,3.110280255092412,2.0788331151786292,6.014421377245624,4.960925542877069,12.520281580593368,1.5173836850511888,0.16208375056739144,0.8227163146683003
2020-02-28,2230.1056588083406,27.07218508118429,1059.017384178947,1968.7207859486816,3.699647212677358,63.81863694480479,58.95092875618234,3.154592672940952,2.070924882280108,5.902590455911774,4.8887315881761575,12.22954159137664,1.5172240205108911,0.15884289514289454,0.8092289441903293
2020-03-02,2249.9227536796634,27.363723255605805,1068.2399437525105,1977.8947649800925,3.6823165280677714,61.975800675156535,56.80638623517615,3.152306408540232,2.0356107310095517,5.909275981184729,4.846404476142845,12.009110581619947,1.517955485113944,0.15743908921909,0.8047475583721684
2020-03-03,2307.1035342456903,28.0875465159705,1099.3603628583708,2015.0970994982351,3.7405984801855636,61.21401230662771,55.62766431917953,3.0938586627305664,1.9855209777206348,5.994290687337366,4.865347434287367,11.898896656871484,1.5509314421230713,0.15973213836977895,0.8213498655563093
2020-03-04,2368.262603623012,28.831686267883754,1127.219772633126,2046.5843585036075,3.7965547981291694,58.82581428508516,53.58809829327474,2.952107743506949,1.8882683255788946,6.071437522668576,4.855137033789913,11.935100969418277,1.5528179304346386,0.15690230036591937,0.8160233241576926
2020-03-05,2421.1027990465277,29.239540669784024,1149.504588008455,2107.1900373128206,3.767463697026464,58.387415514280875,54.09626244048377,3.0035484020279393,1.9134296161567068,6.069496922139505,4.861282415360319,12.008899345526066,1.5694977164701645,0.15773017117069552,0.823454576541111
2020-03-06,2464.9381812071365,29.740113652350452,1170.4562188951893,2178.383173198714,3.7550644862480076,57.73700551540844,53.843512331253976,2.9721797891637505,1.8656689513792848,6.100244887933101,4.932902018853043,12.007859515036913,1.5640573523333625,0.156000887174399,0.818710460642163
2020-03-09,2506.0659600522245,30.108588672119986,1174.685120193749,2197.1059856867987,3.718775118832042,58.07171759798535,53.594674679879056,2.9932770640963344,1.8206963317343794,5.8927354190900205,4.853340554788317,11.80800965184705,1.5563397066592382,0.15528041223723885,0.8210188408766195
2020-03-10,2576.7747349428228,30.84361670134834,1211.5103512884152,2268.1250426325737,3.7744132329453524,57.23580849674742,53.145356943798475,2.9359243954948067,1.7956348720717108,6.024928534053046,4.914820433637011,12.043464118874816,1.5759926713985402,0.15605551072723187,0.836130407436327
2020-03-11,2687.8243290501414,32.17194135656314,1252.0981037475185,2356.685269420545,3.8260158603575825,57.79497817453269,53.908713378056454,2.9745486574816917,1.7997071499694952,6.2706901019730505,5.141408518347576,12.46338471230721,1.6052043328227805,0.16019637272975273,0.8540649569599952
2020-03-12,2742.436131099697,33.05985223535052,1289.3502439709157,2432.014300346631,3.8168549360554755,56.99831849455964,52.98219334514624,2.92179167552844,1.7484147847712617,6.230382327286437,5.126116945798354,12.446188772788611,1.636451351840459,0.16310512104276398,0.8605585656071759
2020-03-13,2751.0665982492696,33.36687220585024,1307.1326351421342,2459.3606149844263,3.7873070603327084,56.4263914720307,52.883007545460494,2.875809198966551,1.7358800569202137,6.070967153426981,5.012944735616798,12.189550020665838,1.6205443848191865,0.1639872299128846,0.8632005703240753
2020-03-16,2782.016928862333,33.664962641995956,1313.9245393011997,2476.423256763622,3.7507966171651934,54.10581100272449,50.25746166517535,2.742074754561575,1.6435854883427712,5.864137700079093,4.832856019369115,11.796566367275101,1.6169345667378232,0.16657282335423598,0.8612922453342013
2020-03-17,2844.375538624422,34.81816043570301,1354.2401424794139,2561.0386234687585,3.7309952311352137,52.00026124134676,48.905024724126,2.637214020795862,1.592162908039147,5.820571471154539,4.775853285350437,11.752720035867338,1.6105817173421193,0.1668168072322645,0.8591220232582528
2020-03-18,2872.12994564255,35.33118076393274,1355.503735110833,2591.591828931594,3.6728613354366253,50.53383048347224,48.45809473948778,2.61917104241524,1.580964259941066,5.776908142413586,4.739267407285673,11.719672774164689,1.5833713136064484,0.16350905640168237,0.8449070192941055
2020-03-19,2937.6774220554785,35.85697211925998,1392.0186198181523,2633.0129369434108,3.5566819912404037,51.98990582334379,50.01463527122353,2.609191045597733,1.6016337935001907,5.641359232325309,4.694523203771755,11.498804802051085,1.5621601902078017,0.16365784921430057,0.8504637151021561
2020-03-20,2963.715727945825,36.266730689899376,1416.5501984334087,2670.686282584377,3.510765096239856,51.29458941288114,49.83752507548394,2.5790661053409423,1.6180026780323538,5.547518044951795,4.59179104285084,11.289034656422386,1.5497583179059098,0.16244012085314552,0.8436586011813417
2020-03-23,2953.584531732005,35.99565925041084,1406.6482655644165,2650.478149706254,3.4678153658401705,50.431973661874494,49.27599490445294,2.52481694940694,1.5693829752430157,5.486764659190719,4.544850420431672,11.171545078122987,1.58081444105905,0.1651819428224112,0.8515169017597128
2020-03-24,3013.113191109393,36.44766414702543,1432.0494557112552,2664.6697080655777,3.4126910198897007,49.07364827697888,48.63357905246366,2.4500353826373784,1.5513405463816274,5.599018534266164,4.611306336937887,11.381384221460678,1.608791173001388,0.16597498270591285,0.856375916765199
2020-03-25,3025.4198316761835,36.51484568668649,1439.1251253357814,2672.036279269356,3.401553094313301,48.337666587266845,48.53493891304059,2.4148333027652007,1.5339021925040546,5.4202516218789825,4.477044953003574,11.181675348570387,1.6185984440341872,0.1659324574501111,0.8606552155904963
2020-03-26,3026.027546690691,36.293943100862194,1449.9253702621563,2678.487797685898,3.3670139423373286,46.63296395602636,46.734851878956086,2.329992767636885,1.478190460141996,5.3158467766316875,4.3604663807368,10.920623441707713,1.596298221068097,0.16346196282279674,0.8548149236477605
2020-03-27,3054.032741793535,36.049256907792106,1455.1456574940141,2699.145952766659,3.3584122228353293,46.916996962917764,46.357844591136725,2.3175253049477997,1.5038413309944128,5.334014071287699,4.33429542306756,10.885358258852435,1.5935472746231978,0.16570444295578102,0.8469544999787086
2020-03-30,3036.353420128619,36.162605549811246,1472.1159372283842,2691.0972463657813,3.2814051360889684,49.22724853899032,47.954979840470294,2.3641082504302107,1.525749855359094,5.282173584545936,4.3290895051778815,10.88088566631601,1.5633485899513304,0.16464403467359584,0.8353226083435668
2020-03-31,3035.4551377806124,36.55704655074424,1458.720602278219,2707.6760957456872,3.216728128319225,47.71230678370277,47.17774102214968,2.3144626907573764,1.4933054255583331,5.17691201160689,4.264472369924246,10.745698447733533,1.5571687308981335,0.16366030418948632,0.8311440423170883
2020-04-01,3034.1220380563595,36.84278781942689,1465.095180899404,2666.443594587207,3.1515094477344636,44.84137889244268,43.94467195700617,2.1812443709522835,1.4213093585390117,5.125312310089826,4.203924107643988,10.653401407281736,1.5322045960538309,0.16194441515502184,0.8114904515470489
2020-04-02,3058.974433981611,36.967575646222414,1461.2665376589116,2667.605457994747,3.238130693430929,44.48032977471445,43.124702257538125,2.133744283179218,1.423741473985881,5.214980402110321,4.3075835783270024,10.940176633359115,1.536194670360762,0.16300244471974246,0.8197388256784768
2020-04-03,3117.037544753402,38.49355626958619,1492.5225430267858,2716.0247034934864,3.18576537952986,44.14500517645346,43.13495232572299,2.1598530980637296,1.4090343898492999,5.233880090751054,4.2889712678630145,10.945817530374729,1.4888697895415046,0.15868393051308297,0.7942317046713415
2020-04-06,3160.2010380357065,39.03818911571368,1518.6653421012006,2784.7242253497625,3.200249287352553,43.56145765902665,43.16355820681622,2.1699742875314354,1.3705317057336777,5.201827399988099,4.2526407684170495,10.774645191889212,1.4975349111451361,0.160419368370948,0.8055382048361306
2020-04-07,3189.1792781338845,39.150625008102594,1529.7217619601336,2783.697499958689,3.161824677011764,44.1070000971477,43.898387193494585,2.21051089631118,1.3914303516583846,5.1140007505429725,4.191151966333372,10.530794565816825,1.4975603852216592,0.15951745495020034,0.8075377971424992
2020-04-08,3223.0961401180653,39.33909781030404,1537.9313945719507,2814.189953159075,3.1591626979951277,45.510872114928254,44.43409593333933,2.2517024505015546,1.411011128453357,5.07808651353616,4.1651242944013775,10.50111155525379,1.497818581311856,0.16041412469930935,0.808385936070746
2020-04-09,3179.3312633139217,39.035378836978055,1529.8064413557015,2833.97780442312,3.1264970102759326,45.454277361180814,43.00231651163273,2.1813807878814884,1.3747893457833797,4.968920276386658,4.035961600936615,10.386248082019696,1.4962700340556374,0.15899869873468828,0.8008413176485488
2020-04-10,3210.0546390595737,40.24079320445848,1573.183080248374,2887.815121280088,3.102829994464922,46.249119909649856,43.27516157404609,2.2102383201752205,1.378120512323652,4.924987558884487,3.981566644707448,10.276658151451592,1.4764308752121853,0.15786967944154467,0.8011217692022615
2020-04-13,3259.396258470364,40.50704466674762,1604.2706403226518,2911.0461206692353,3.108110279132655,48.01825873777398,44.60730124221996,2.2631731300989424,1.4460001308052666,4.9817379477390205,4.052251591870389,10.491976697488942,1.4727404503914447,0.15614055449771783,0.795907057455286
2020-04-14,3304.333410829826,41.091738941486,1638.038602980446,2937.9859133964314,3.1415882508833874,47.074817207286955,43.03090039647777,2.2096989530957574,1.4118570180900298,4.852996621982355,3.9947737917491555,10.294601135655068,1.4430381296671,0.1534791113500185,0.7832487561101094
2020-04-15,3318.730158049989,42.182111662915474,1654.1018235273402,2982.1189799786966,3.1606672827264886,47.49956346864557,43.06312738412422,2.206799124692329,1.392378672999763,4.958052916656756,4.0288267947378165,10.40606068018904,1.4361068503656438,0.155483533393147,0.7828251787281362
2020-04-16,3301.057368416842,41.70688421290306,1655.4568657432683,2965.33761111997,3.135131810565429,47.464619029426565,42.9667709809863,2.192178309270222,1.4072235648352163,5.005735227880261,4.092834735821751,10.522689792365627,1.4446695478290108,0.15770975146625638,0.7938930428006133
2020-04-17,3249.830344511158,41.74840341423334,1636.369887308997,2951.1434069440465,3.103852445991556,48.988732003283474,43.95654339408449,2.258987439538131,1.4465205625912017,5.02796517848552,4.121644041453429,10.513659935327754,1.4652298603581304,0.1590986971066719,0.8027757003472132
2020-04-20,3247.3860302771773,41.60789541791828,1629.4599877242536,2943.931349947299,3.076466706155288,48.03348786802189,42.33481288716763,2.218971043807486,1.4199785417919506,5.070563385223838,4.13378640243683,10.461120583129462,1.4682740091831088,0.1594445927076848,0.8245409934026724
2020-04-21,3274.172499335518,42.028706690932914,1624.7542981391373,2949.8472573267427,3.0976515702346012,49.107676137032186,41.92359970465643,2.245858929712255,1.41586957963881,5.1427436393220844,4.147746683492167,10.596886017268725,1.4738926219121185,0.16109914943563433,0.8195142613584836
2020-04-22,3241.5588676294165,41.30099348568726,1614.0912657250326,2942.1349869948367,3.0740366346875305,48.424917243206,41.35426562139705,2.2428721589678102,1.3903460201819948,5.09825970388874,4.087602091508838,10.596645773886063,1.462941638063549,0.16214612036765924,0.817255193277853
2020-04-23,3301.4984477477324,42.22693559034807,1638.060054785495,2990.1642436495476,3.0762360400381517,47.601466556692266,40.985645646497176,2.230206530046423,1.39977927010038,5.020750558583889,4.068498858503614,10.496960128282204,1.4636822742825275,0.1591344683190389,0.8154204944850524
2020-04-24,3319.027738030008,41.78216648680956,1623.384647807029,2986.786069418765,3.052601465620341,46.64303587439461,40.20938221715841,2.2229255361830678,1.3852220454839272,4.881881702322839,3.97986287584218,10.145383552284603,1.4475961953642114,0.15535522774594798,0.8067623023513618
2020-04-27,3333.094775994152,42.262466647440206,1641.2889019944223,3040.7119236286403,3.0614669849121507,46.6585938907526,40.455137393904025,2.2189978228334115,1.4012229844676487,4.850342166240013,3.9764041870719193,10.055675620989742,1.4428222894708087,0.15376148680661117,0.8015838451763555
2020-04-28,3325.710104218379,42.46081664245442,1648.3440239817603,3060.050523641192,3.1308803182884946,47.34617911284341,40.74998728291964,2.2486694832192007,1.3807607157171904,4.821617130770847,3.95481253848204,10.07762194698453,1.427105761862674,0.15213823573918714,0.8007196657576127
2020-04-29,3365.9870229814846,42.52447863780874,1651.8381567395838,3072.478958523432,3.109901928724131,47.85796837609749,41.92205121948472,2.2879697421586207,1.3998416409030778,4.75848350036334,4.007688146510883,10.201590518610496,1.4172345140096967,0.1499667993859957,0.8003057629770031
2020-04-30,3314.8900903354715,42.6516822397077,1627.9740918817367,3055.0313618338137,3.063543230370147,47.75282319014454,40.92039835802441,2.2963004648622385,1.385882100653452,4.736395958926997,4.013215736415831,10.19333892863347,1.4177976303890898,0.149955141958264,0.8046757324427128
2020-05-01,3257.2275352824663,42.078023716070156,1621.714891721428,3044.7966855709033,3.082218661846399,48.22886697224555,41.21767071640302,2.2979542780396445,1.38710856327268,4.711175185480549,4.003409278654261,10.16019677103175,1.4209066240945076,0.1533088788444125,0.8029234715991541
2020-05-04,3273.848874390345,41.547255553950414,1626.2503251916705,3035.985055266619,3.092962364066161,48.61079242246077,41.45020349146439,2.3161492491270077,1.3758125329409452,4.716783856842996,3.9988003988371186,10.218914491189981,1.3944354682474391,0.1516378820242219,0.7962310413856177
2020-05-05,3264.715029347529,41.291947071135375,1617.4401074022844,3049.0636901377347,3.111500717312496,49.00123544721452,42.74292134686157,2.3345057005636196,1.411918008290581,4.661408042916936,3.975442839944276,10.123208009192847,1.4061284407419359,0.15407669595911305,0.7946994018058916
2020-05-06,3299.5501287987795,41.76549328805293,1658.2611397400606,3138.9150293086473,3.1117182816916955,48.85376342367617,42.7480461973159,2.361890120207874,1.3975581704859978,4.6853565332984,3.995667512221736,10.032932326036581,1.3896185938235903,0.1506634464834484,0.7919164441950259
2020-05-07,3276.428375797899,41.36826759925663,1636.5716005326167,3126.3300657757245,3.095483399508883,49.305594470234304,43.00708825915243,2.3781567657147327,1.3874134926967907,4.670200794777331,3.9855279034756457,9.96970189207573,1.3953833980021286,0.15290454227090464,0.7937693048746828
2020-05-08,3234.125829312286,41.029142661407825,1622.910552859128,3115.6855820722203,3.0623799833427996,47.329023109930574,42.17475123174017,2.3370529139380367,1.3631868102651266,4.6761485946392645,3.9670008040796962,9.941236255150367,1.4003315385428583,0.15132387962942476,0.7821850726492939
2020-05-11,3197.6360198598572,40.584455172404425,1611.5936508919717,3095.931107107575,3.0159035644674987,47.97944407813072,41.69892026506037,2.354181041036026,1.3705922814131335,4.606004921597059,3.889597795202402,9.620464379415422,1.383665363866869,0.14899093097719346,0.7639464603211047
2020-05-12,3165.288299847273,40.13363580391511,1580.8307897248544,3048.380972604623,2.9834836645192797,46.24162212045125,41.49120448850146,2.29572674409772,1.3312548203703805,4.663638318460189,3.8991563990586577,9.805206286067651,1.398361107951602,0.14982870514562105,0.7635676409801081
2020-05-13,3134.1929136414674,39.909287363508966,1577.071077287981,3052.409784548582,3.0057198441803963,45.88487572042706,41.262987785385356,2.280526077698731,1.294495301906514,4.620268822591932,3.908703547771644,9.791139643312572,1.4020487645027195,0.14834392520073006,0.7537527127737039
2020-05-14,3102.2501932449327,40.09987185329632,1587.09168160285,3056.3388716519457,3.046953732668032,45.84204850675766,41.058581972838276,2.2985581172258596,1.3097588224898993,4.619232531442503,3.9572768974764903,9.831151374133333,1.405573319328246,0.15117179907219888,0.7594080292203401
2020-05-15,3067.6653092332604,40.11165771981349,1606.1177832627438,3049.037234813132,3.0538208584413447,44.919120592188094,40.71863721637216,2.2420406494357676,1.2975361300759196,4.59438532919562,3.9918289143060854,9.978505208531004,1.3981048109428658,0.15229638312437516,0.7679591774533875
2020-05-18,3081.592884840935,39.937254548367726,1601.50966238854,3038.4886994840917,2.9898101054511157,44.744829346865934,40.69085850342544,2.2506342184773263,1.309893682660464,4.5996250297081955,3.9754765717293563,9.992322549676265,1.4057556076341475,0.15298670561988867,0.7753820368217004
2020-05-19,3058.715588051697,39.6093010382588,1598.1392214177504,3008.5505128060217,2.9682943745135524,43.697802806845885,40.81942995311622,2.20584695653557,1.301571296480206,4.555947164263749,3.922273578151454,9.878405139362197,1.4051471833623506,0.15313130280562937,0.7750709479385656
2020-05-20,3010.20160430567,38.82697000484464,1565.496112122913,2980.97712901064,2.9348865579181007,42.06121714245062,38.88169005720613,2.143304959976896,1.2828229150644672,4.56940189631268,3.9126856610632808,9.856845434926125,1.405163814814333,0.15242823815593487,0.7648141034974157
2020-05-21,2925.233560834693,38.41590268446234,1543.0474064901957,2962.849701057551,2.909431104348503,41.46137962507782,38.275127611706004,2.167135569671932,1.2450246658174635,4.5659807896620555,3.898305526308464,9.751780235614412,1.4115067974969835,0.1525437223484821,0.7670610523032158
2020-05-22,2914.4590487678015,38.696578136865696,1555.2637198785912,2977.717394267975,2.9331569805007516,42.38972360873453,38.49864578031328,2.1836531134442647,1.2635657044690192,4.5256079916986165,3.8925652377933453,9.802215577129102,1.397988547109636,0.15063922763742474,0.7537609152716805
2020-05-25,2938.4980246439186,38.66252886429025,1571.0963003255179,2976.7298674823523,2.9039341437203317,42.84643516183539,38.97519515298982,2.1859153508779148,1.288342140280195,4.568936821663829,3.8718870309650093,9.830013338107394,1.4056236202087538,0.15266299212394158,0.7608367211057847
2020-05-26,2897.8796557354203,37.994942248463616,1526.7583189360143,2929.3035415682875,2.919054175388654,43.32159179711441,38.76932246312788,2.2100408632942528,1.3161811396484204,4.540852964998294,3.830106694350088,9.796818456050312,1.4182246514048247,0.15414122748447384,0.7670121554659531
2020-05-27,2927.9080556937993,38.60318598412056,1522.9027072693013,3002.530068874494,2.95110620640968,41.64687618246505,38.19877555416059,2.173632680605086,1.2788488207120685,4.636853859037705,3.9017473631255317,9.927099326484095,1.45561810451647,0.1589061360289836,0.7775885588345475
2020-05-28,2927.915204064296,38.3811712691011,1541.7423326016003,2990.856051747002,2.941659957170274,41.01325184332624,37.79873961707259,2.174542791428232,1.2539908367217205,4.600276243912415,3.884311594296392,9.90278591936796,1.4764318099819442,0.16099639940989335,0.789344897459339
2020-05-29,2900.4842036028344,38.18161449210538,1541.0708287916113,2970.680278253833,2.9253715569287997,41.02856940775739,38.237676144840236,2.19198202194237,1.2648342494297578,4.57164513449973,3.931885690002515,9.80030467717903,1.4661734820794927,0.1594299398576968,0.772205743154927
2020-06-01,2961.0683645288527,38.1995120868065,1551.4061084453176,3004.4361036438218,2.9039514738861656,41.427927037664965,38.83669964811989,2.1924498458432393,1.25612584903104,4.651562704012763,3.97865162447825,9.938649149660238,1.4699222445349118,0.1607221476080822,0.7762887077270805
2020-06-02,2971.8460663956407,38.37695000297862,1565.2191651950943,3024.505926319131,2.9438234676718014,41.97040838131134,39.67785316555966,2.184023284149639,1.2749263378340534,4.71452412450709,3.962819146176478,10.050976147551475,1.4790373117104205,0.16343303645995183,0.783916574680407
2020-06-03,2956.1699752837153,37.585829191671394,1541.0210646885957,3012.1245048413048,2.9469267988193293,42.25913571899851,40.478980529561916,2.1923901422616905,1.3061794366338033,4.773754673603797,3.9881134271545418,10.152609468881005,1.4915313943744848,0.1649066077671148,0.7958421410259305
2020-06-04,2966.1844286299247,38.00228236903881,1548.3984528496565,2991.9006045732694,2.9707433444341698,41.5485686399306,40.15186550078433,2.1783108708438266,1.2899872554946639,4.736205899770653,3.956745088041872,10.09285024874916,1.506552277970456,0.16654107102270133,0.8104217618219832
2020-06-05,2964.1845509832724,36.99798844600643,1518.394354983991,2971.45543029507,2.940140140847763,42.02952338895215,40.217552098401995,2.218010444132007,1.2856087787690924,4.719615705467477,3.9236968624490305,10.07895902964613,1.4975425493141532,0.16646775819894014,0.8104779999149534
2020-06-08,2950.1101988801997,37.10224880216302,1504.3790202674818,2986.746759843664,2.9515031230660185,41.65217870853892,41.28216670413197,2.2123330510857984,1.2868417499880154,4.736695715188693,3.9327701197917424,10.149471973582585,1.49736729188231,0.1661294213348494,0.8094236413582796
2020-06-09,2925.979542059045,36.565977599005286,1504.7542119625948,2995.3102239487403,2.948779196803453,41.56619155191477,42.33526553039184,2.225568050075589,1.2875748862415868,4.745155395164518,3.8842014635569666,10.119402903164692,1.4927069722789215,0.16711717316549163,0.7996140693346078
2020-06-10,2930.6800472144587,36.73768792650265,1508.6683199043393,2980.4063205736456,2.965944888862431,41.8561732538013,43.092356559734824,2.2287848531948073,1.3074041989972758,4.690505284472135,3.8684152341666405,10.065159686698486,1.4975775602226966,0.170381367292137,0.8080448607506274
2020-06-11,2973.3919393105866,37.28187161638251,1541.3116402076419,3027.5186669014092,2.989715662289725,41.916539153269596,42.596686109788735,2.226154771892357,1.2852750961579422,4.786646745496319,3.929571813581825,10.194976139131274,1.488897513192994,0.17070554914455177,0.8075317963622379
2020-06-12,2976.1383852974654,36.90774160370553,1525.6418502452505,3023.5791938817492,2.9879210286706863,41.773329678248004,42.3578122117549,2.204649130704398,1.2847632465135255,4.745173718345152,3.907378497724994,10.143395155967125,1.4935720881582257,0.17021175324515486,0.8153286335271065
2020-06-15,2981.1900992522988,37.059771897328254,1530.6997381394417,3050.562120280306,2.971563593490735,41.61283841856542,43.459511810026264,2.2495584428349913,1.2940843551603556,4.750734337418063,3.9453273714377213,10.240754590540178,1.508543947381846,0.16980313176882722,0.8035910014472962
2020-06-16,3026.84782212629,37.40802192312761,1540.4656367283592,3092.722674295072,3.008067089007462,40.431714747286435,42.33448468122096,2.270460890453012,1.2746006286444418,4.763970471650753,3.9731466290485695,10.301562161798344,1.5019799022810953,0.16853809105874612,0.7951559880170888
2020-06-17,3000.524545030347,37.46376271125909,1553.3864958886986,3105.436086538188,2.9975581831995215,40.231191319102216,41.67383699589962,2.290069837476233,1.2927355973578494,4.823949121748958,4.0058431114616475,10.346516705608117,1.5245956769662277,0.16951113879168964,0.8063397497295158
2020-06-18,3022.5308887836522,37.22875754766822,1553.7795027482382,3119.5085251386863,2.949471491923755,39.911859210566696,42.040602058012084,2.2636053703106893,1.270522931360711,4.852077782755993,4.030913295849342,10.44804637791244,1.505583335747359,0.16867719186927357,0.798173539369721
2020-06-19,3044.9734741631537,36.78843639894872,1568.5570496912103,3132.021040726152,2.940372868817587,40.919026635507336,42.47885414794815,2.2829859704352473,1.284948557083319,4.7923963053578635,4.006674195693923,10.4674990950357,1.5311388851722794,0.17110216485657,0.8205246070314612
2020-06-22,3061.8481463365247,36.94563521478797,1554.7970603880701,3111.660556945432,2.9238159617251105,40.21393513031128,41.86771340544629,2.2567079928239258,1.2714343653599713,4.851560849188703,4.025245812300307,10.538955608580377,1.5176712576674614,0.17026254060476131,0.8061002207371096
2020-06-23,3066.346613560881,37.335055179018426,1558.031655081709,3140.293221934018,2.9521587002313754,40.28400852945116,42.35530629806228,2.3172878761912297,1.2841910988685583,4.788527551400104,4.051702362913656,10.447453462412124,1.5278958852951248,0.1722949458591861,0.8187459344875183
2020-06-24,3057.5454516256596,37.753789150258456,1555.288646523903,3148.2132028099963,2.96105116725139,40.47982878068663,41.80687038032696,2.3069037176348894,1.302990586901795,4.787191048506061,4.058967277114868,10.484757877487832,1.5420541675854318,0.17171533497927827,0.8149293166523978
2020-06-25,3113.754819453234,38.68314653327066,1574.2108142004774,3154.526838466472,2.9871061866997084,40.689783511936696,42.86608263776014,2.3357923398096783,1.3562002555333421,4.753469585653638,4.045206769389379,10.476828591345976,1.5322957376067061,0.1715552438745361,0.8077790874432338
2020-06-26,3096.689592849884,38.661706202812226,1581.525739948741,3162.188639935869,2.9730192667824613,41.23869546433908,42.55359126713768,2.3175492468511254,1.3707605070072588,4.798857524721317,4.052403553251983,10.638160398364745,1.5366254861200948,0.17148977968346743,0.8109450403876279
2020-06-29,3070.338094718186,38.60314616744675,1574.693889461781,3190.721936904825,3.033500278843341,41.0798489182273,42.183692313235355,2.2923747036996778,1.3629074162985693,4.811805606559554,4.074661791230252,10.752364237341817,1.5366107688182593,0.1701048434158087,0.8049148607757738
2020-06-30,3033.136415897999,37.94252944297503,1553.7838193397836,3153.7907632405195,3.0712178239536714,41.098277534249654,42.01585350075457,2.3125608262180797,1.354591935272825,4.850893908995347,4.080454211577206,10.842140119230386,1.5343037316423647,0.16870296504581428,0.8111817213282568
2020-07-01,3036.581421490577,38.20717266741154,1562.149520383542,3147.668300154504,3.01361347897792,40.97912159253381,42.35701653605967,2.3693602742920805,1.3927777315176495,4.855098887258232,4.097131174508062,10.898953188078583,1.5376942926078716,0.16997069200032755,0.8154635436509621
2020-07-02,3059.9615894617136,38.05414168812746,1574.8969527797917,3149.913319888221,3.020799671410597,40.27677484642404,43.130664946947114,2.393658238478959,1.4032887163293042,4.833735454473375,4.097889223712548,10.955761606499992,1.5201175982679644,0.16763095592736807,0.8086643961204044
2020-07-03,3014.6562192943893,37.328830914052546,1540.3658214239558,3123.3128253961245,3.0552529761472793,40.715754272410756,44.112563361019475,2.39737803812598,1.3942327784188575,4.78888203912262,4.093810013356656,10.791469782247413,1.5525582176419388,0.16912813878713934,0.8192376283293611
2020-07-06,3047.103795801234,37.291061736141685,1542.864425170528,3134.6629606324977,3.0861194693291414,40.2032073413553,43.00358446528448,2.3505675427643737,1.3504176175260283,4.782550796323254,4.121922455155648,10.777149341367927,1.5552867330947229,0.17057668941208604,0.8422644457896261
2020-07-07,3014.383793903409,37.08294030858045,1527.5250095048589,3154.06816296715,3.0296573421655744,40.362609064248076,43.795026726922025,2.3904603118113106,1.3635373617583038,4.692288081512391,4.051364928922958,10.711138899632566,1.5499768975844646,0.16752596230791789,0.833609753196381
2020-07-08,3009.964170223935,37.09366801965667,1523.6010124744496,3143.960132377453,3.0234875101218175,40.32259193172767,44.99751362328007,2.422023670289361,1.3553495477579662,4.656917249166436,4.050704012751429,10.734013183165942,1.5671143270224794,0.17041345391586885,0.8487791752855489
2020-07-09,3028.5155843080934,37.41026741225915,1530.4693644189783,3198.304086358363,3.0624480933979115,40.31993234831118,44.994256506601076,2.4200916795979315,1.3917242020315408,4.681182791874866,4.108125923972296,10.922334686117182,1.611921840916014,0.1726602508313523,0.8675063516513096
2020-07-10,3037.7707958047286,37.35490553534466,1531.0967073377512,3183.8172981282514,3.077814393070057,41.10374988660977,44.68519533683648,2.4896792102859258,1.4484448060838246,4.743875776025589,4.147894616679519,10.916986724177972,1.5998772580679381,0.17050022980413904,0.8585713879947754
2020-07-13,3053.4629087710346,37.667498127000954,1555.2415551264269,3189.689299194832,3.108160245894891,41.504568043949725,45.71408760629849,2.5445899013745708,1.4866374893198921,4.73935174261055,4.186036379563769,11.006967550791275,1.619962822633574,0.17175706094537038,0.860975554272554
2020-07-14,3049.505684309903,37.59878866057325,1557.4373417589456,3196.877780165289,3.097576218023299,41.159454315093384,45.110672749341674,2.527221596132435,1.4925209858830089,4.75012503942194,4.121903222749519,11.016795510906034,1.6580923994264687,0.17276046966443967,0.8741085169070894
2020-07-15,2993.446311521434,37.2157297291191,1530.3786354606113,3154.6930538911383,3.1089758361389936,39.66572517057052,43.76429897761499,2.4576883066600828,1.4745633646796152,4.800544396386752,4.127993608650048,11.02621883151802,1.6361990146558367,0.16959213080927033,0.8638569553682091
2020-07-16,3015.7128687864883,37.15695482834871,1529.5292579026348,3184.8987601516646,3.116300547382319,40.37012452035022,44.48369313454878,2.4945097864553656,1.505828538651558,4.818587559663268,4.210433398368292,11.165936416397164,1.6350010388371565,0.17010136907115267,0.8590573225049716
2020-07-17,2982.086299756665,37.10484514760231,1544.7771753722552,3179.7017946419955,3.100877259139363,39.45840978463714,44.205727815195274,2.4809496322494584,1.4714773775966734,4.811707178776993,4.192031790903711,10.956985844794922,1.6158666897723442,0.16831276331704434,0.8596274594335634
2020-07-20,2987.0505534186864,37.096403987329964,1521.0625356195062,3168.9312151765907,3.072937416566753,39.64417046611817,43.77245741527731,2.5206534140657575,1.4959908054270965,4.762733224747736,4.187183134641263,10.873797165366959,1.6106955520730994,0.16767605821223722,0.8640698450644758
2020-07-21,2984.7784374311996,36.7105123861229,1511.0631431437305,3173.807188788662,3.1034518206609754,39.335383448495314,43.460259776817225,2.5106192262977096,1.5058695610746071,4.742661158594402,4.165827288381001,10.904200310863564,1.6207527250043037,0.16804322253858103,0.8666299959606318
2020-07-22,2947.198683276411,36.410883692521296,1485.6588114361678,3182.8940930246495,3.0608933164041563,39.36005258986818,42.19760205731813,2.442055089597043,1.4751553198095622,4.726995080287308,4.150661771405656,10.84703542781678,1.6310408940140255,0.17121735410229083,0.8852909052109912
2020-07-23,2898.474166696255,36.43332329991206,1475.2713043861295,3192.7958234895764,3.0522577470226353,38.82635355228563,42.09523416144686,2.4235741013094274,1.492031121854112,4.675199621556383,4.1254495158007325,10.696271134290338,1.652326337437648,0.17028373486302856,0.8895784928589172
2020-07-24,2900.7288154145845,36.408291395373126,1462.4212417639255,3203.5241432687353,3.087544007444635,38.831050015410256,42.12703446209375,2.4408099198530144,1.5102568531352403,4.759584574859733,4.219495399123814,10.855250674055057,1.6641656595086813,0.17116619317261492,0.8998576128710318
2020-07-27,2911.726760949941,36.60269527344664,1458.3921599078858,3205.09851702839,3.101432481511105,38.618904749458906,42.15206240180079,2.441584761477082,1.498322641403968,4.742435241176016,4.1882568804947455,10.676417007347878,1.6942254686317684,0.17548377318160568,0.9053034091291005
2020-07-28,2938.6898847404996,36.686787730028854,1471.5448543383307,3172.615021935234,3.0652531307903534,39.56797635637066,43.113858785858966,2.4621209679347302,1.5238515442381468,4.767917564294046,4.150348231757081,10.590048641859893,1.7268972416534552,0.17643710890303024,0.9020346806145655
2020-07-29,2970.183478959642,37.008445015897095,1474.680722865493,3190.9553132324763,3.086192288281696,38.70600594748268,42.57239507365466,2.463188097871882,1.4994217264878034,4.783397129539791,4.142101064971264,10.656285415807922,1.719917163550948,0.17564745664917994,0.8957318279323737
2020-07-30,2960.4820788443026,36.900824179904035,1466.5900845422875,3169.8778213222195,3.0973245040709783,38.55774669915501,41.84668109538521,2.495034387342733,1.4690311641898226,4.768067366034051,4.092998307828677,10.677591415334527,1.7201084382594733,0.17688404407516242,0.8984224909873066
2020-07-31,2920.8400666832895,36.47164574454431,1454.8301263818157,3136.8043267346966,3.086781835470831,38.76152653727873,42.33222538871748,2.490478830930193,1.466678276293962,4.756144124319159,4.040070442635331,10.709356125245412,1.7092275057140869,0.1758612577270826,0.9024662509130082
2020-08-03,2932.5437779344675,36.51546694257266,1443.743996741754,3172.3353124375435,3.0947453322111116,38.83733950912046,43.12947589669404,2.499027671451662,1.4680419855537499,4.788945628490428,4.021168918066113,10.748111907211703,1.6929207045549761,0.17287238091525528,0.8874559726994427
2020-08-04,2906.942550510988,36.28486606350618,1425.6252320173685,3173.9171963054096,3.076702649535964,38.74462394740033,43.95008131779984,2.513038158869059,1.4584731609265236,4.815280873517924,4.03343912366774,10.864301179735204,1.6909389667063632,0.17543584942272472,0.9067740654891097
2020-08-05,2927.695450985874,36.40906081539409,1431.2417895096378,3163.0715778864705,3.0617021601540757,39.36587672515393,44.68968736941256,2.5529116454725433,1.4500591636974733,4.8034588364719015,4.054029541865413,11.032513709400932,1.6742819254492471,0.17381389390862764,0.8914939817333939
2020-08-06,2943.393646304237,36.52163718717054,1431.5506699922819,3183.7095721865835,3.043068536585932,39.54585477988297,45.09873408061095,2.566819136526077,1.4774213745162796,4.785204560029921,4.001286098162806,10.905520442229138,1.6812622561676087,0.17459759869704336,0.9000197984004144
2020-08-07,2938.945799968334,36.42615613087008,1447.7913429164405,3182.508410970361,3.0252949981303554,39.42863453460746,44.89340186554769,2.5331769811740426,1.4756556375237901,4.818994209206324,4.01026088544892,10.890442246008144,1.6781717570587902,0.1737955555974477,0.8961620391058983
2020-08-10,2910.9092735131117,35.761654661921796,1412.0372696706102,3129.6135128582973,2.9615271319330705,38.99319709646757,45.56683240893877,2.5412225158992734,1.470481360005942,4.789262007750109,3.984006651421523,10.74235782968877,1.6842101252904738,0.172777881841884,0.8936658253463569
2020-08-11,2878.574996133186,35.36252714797744,1418.2630124662448,3110.8004152040457,2.948350761827408,39.44862076679575,45.109585556863074,2.5015653754227802,1.4555356264073327,4.868016835540163,4.038237574356535,10.75249722196901,1.6730919638552062,0.17199718447758292,0.8833522275482354
2020-08-12,2874.7215940533583,35.429500290198135,1420.2253063326748,3144.1597433428365,2.954126277350392,40.54701011547233,45.50218372172867,2.5641604329290293,1.5220085323535086,4.841247516627847,4.075927708176761,10.683713018465243,1.6663234796623727,0.1714449727333916,0.875698535686328
2020-08-13,2873.149681364843,35.45149370411931,1423.453258150031,3135.8750061517862,2.9571695561621745,40.6617185728564,45.01937480339393,2.616462274256108,1.534037448092978,4.923636483498305,4.139201332146194,10.849495277136262,1.6502523030420657,0.17403683165662093,0.8862173143948182
2020-08-14,2894.9334433056833,35.56947753290571,1444.2731579619658,3163.207603195561,3.0057317986547996,40.518681372419884,45.78801052470019,2.6551602736935225,1.5753797713991982,4.9820444013769825,4.216827882208467,11.07666511479025,1.6582109582083973,0.173646746296191,0.9009554781764453
2020-08-17,2908.9218195728645,35.72978809779934,1447.8805210696796,3165.8134296360026,3.01118570606708,41.22304379617089,47.07639081959032,2.60178091220018,1.5792091616145973,4.977263462257942,4.217280390823497,11.040759111459222,1.6386250155293367,0.17241061894943258,0.8926930272140648
2020-08-18,2908.656424280139,35.59725565441177,1444.5802162513921,3187.2208160444407,3.000811594926441,40.346001891330985,46.267489935288616,2.5413030436115758,1.5622009594678496,4.917481561053457,4.246292132986432,10.95045284022034,1.6375269139064672,0.171316821751272,0.8903096859767137
2020-08-19,2939.2424424987225,35.98062062735349,1461.8398633344948,3241.157588939919,3.0709968624699817,40.722931022103765,46.66795874034078,2.58342008128601,1.5737077508235864,4.948000766041244,4.325896801239607,11.091674549587726,1.645366979892251,0.1722552715359601,0.8884213188210055
2020-08-20,2931.0499263682937,35.87137540624409,1451.4011068944083,3210.598748330351,3.038231002194134,40.211802864538974,46.394943598065424,2.5430788807944573,1.5421297052244554,4.885466053705606,4.342834097858191,11.131690455769643,1.6412560859832133,0.1719738988793005,0.8862216462530469
2020-08-21,2918.2424982427087,35.521244359815,1428.0336388910773,3220.679305252655,3.0321267563794048,40.276058233087994,46.68155807641588,2.5845285959285893,1.546594912961523,4.937716264748664,4.3204725057333935,11.272350328855977,1.647792540124192,0.16932659812005463,0.8871628613811989
2020-08-24,2962.3754150812965,36.087456487293935,1457.8781257382082,3223.712741993421,3.038994448462356,40.48639808858452,46.83907761481243,2.5889002585084144,1.5423094607946872,5.034389068339876,4.345227565643082,11.500252686205114,1.6224643489090658,0.16678554992463995,0.8634990740444902
2020-08-25,2961.166396546619,36.1891350831427,1428.962164381671,3199.6231315558985,3.0487251326209917,41.18585880446345,47.50628188972861,2.589367733958463,1.5351438629933178,5.077808604884474,4.3235239367550475,11.566021185605301,1.6453974212132298,0.16785166178433358,0.8753016761436225
2020-08-26,2993.7974793780713,36.51358027762619,1436.5429688377014,3203.450422037305,3.0181471920810337,40.22908688287532,47.51174254439804,2.607530995085059,1.5274021489056004,5.032316808161909,4.272796726218358,11.451549837281236,1.6475355042398345,0.1683394607445814,0.873283730191616
2020-08-27,2983.5897540203414,36.141772185524374,1437.7956977794256,3185.3841162905833,3.027169608773809,39.03625309633866,46.704788400502885,2.6052301717041164,1.5064947975697156,5.0373460176390585,4.253973641886921,11.464096663801847,1.6708411147167157,0.16842770648502012,0.8817620306167239
2020-08-28,2967.7611328607404,36.189521710939516,1427.5989153760265,3171.0850128444217,3.0459003934646973,38.91920854013631,46.12990190957957,2.5682702103462813,1.5006856158215676,5.088555690015697,4.266510350026491,11.56235545376479,1.6517093526210207,0.164476890315075,0.8654940047852812
2020-08-31,2951.62885773815,36.18651604327616,1433.2446923949037,3187.1045979344694,3.042036717825036,38.21750483468549,45.67780689751988,2.541243189914963,1.4884067083483437,5.086887082207553,4.272132003733436,11.707884445124764,1.6318722782292292,0.16331964956544862,0.8547644107004289
2020-09-01,2971.724489670625,35.98082521412128,1431.8468850228319,3197.9845479985556,3.0192054501215906,37.98528424691314,44.91665140294828,2.5482534935767998,1.5010635549775742,5.054176175804827,4.278011435300346,11.863609172522994,1.626360710800777,0.16458116400613812,0.8671605851138783
2020-09-02,2976.641420818101,36.285408468669274,1432.743558552386,3183.7782248692083,3.0197317799416217,38.21961460928766,45.765164267636436,2.557483165066033,1.5323027805017804,5.094760133260253,4.291230404817286,11.921965266710007,1.6264027986181286,0.16670407511014407,0.8767142526582914
2020-09-03,2986.3168064742954,36.26435121210381,1431.5962625445256,3231.1910375986777,2.9812460237494163,37.64469851896681,45.600696002511874,2.5128133677034223,1.5382321527850484,5.062961731344229,4.23949692812081,11.887092261750311,1.614232957832903,0.16457069968156282,0.8852273549486243
2020-09-04,2989.401268281509,36.11979646775484,1441.3586511660944,3250.7817662524976,3.034479315326661,39.310884179563025,47.77955685163416,2.5916918684957997,1.576151477706484,5.077621171896713,4.292390015758987,12.029362123633113,1.6114810908425885,0.16489467590710105,0.889733621618304
2020-09-07,2996.8100546567807,36.25206199605883,1457.9281861602235,3272.184454023229,3.0461727771373126,38.93327000375734,46.78567986914246,2.544123383105076,1.5850553011764044,5.084121916826801,4.292187520195547,12.142786865576202,1.614216239280799,0.1639055833229909,0.8916620282438339
2020-09-08,3010.7648116541327,36.392392265679845,1452.0948106669036,3269.000001306537,3.015230247926457,38.250993854665616,46.52318947407431,2.5522954577093726,1.602900046158932,5.070802383240127,4.282056559879542,12.115117075048875,1.5998574016111793,0.1607437368440368,0.8803607763288059
2020-09-09,3021.1691896058596,36.62547795097153,1472.2655216087178,3301.035414903971,3.066792213975716,38.764668984793325,47.46035917504433,2.5430615933996847,1.612462587386707,5.1619391716946055,4.290855884253015,12.271637373180154,1.5877364606506958,0.16165088236247546,0.8659211546002343
2020-09-10,3021.717851050723,36.7938136214899,1484.1208574033456,3309.5918508236073,3.0829987882672234,38.22641232433185,47.91156683993816,2.499072531280003,1.6306378844395715,5.167435751392578,4.368439835029599,12.318150347287729,1.6065201577366568,0.163218878186382,0.8675505881780711
2020-09-11,2990.037357468712,36.784013772013466,1481.3236139687833,3312.8025850991303,3.0792459592339925,38.41926071195499,48.13747330851906,2.5073270781108374,1.6482808121719827,5.166811972330805,4.407482131995275,12.342564106262035,1.617636485868742,0.164421240355197,0.8738535073965332
2020-09-14,2986.6412081431754,36.67982578082524,1489.3819423008417,3327.528191730349,3.094502811411585,38.66720859354043,47.858828307749775,2.5136799327159984,1.6254143799044034,5.180573848326444,4.423443626315267,12.474580149702106,1.6134782193470676,0.16556208567407374,0.8762961615473523
2020-09-15,3045.449891203695,37.16997547850676,1460.3041855271097,3349.9987160202895,3.1078546569351673,39.22030662199096,47.71067048655335,2.5345540845099874,1.6340358648223738,5.10201556789732,4.374793311743708,12.260109279779583,1.6258716901414143,0.1663235123280335,0.8865232238240188
2020-09-16,3074.3552039419983,37.31423183923193,1474.0976255420774,3380.908085139192,3.108296072563831,39.722483661749855,48.37604263603465,2.5581696857792102,1.651024187448883,5.0494213434684365,4.377484147019017,12.049346850082507,1.6249864136259184,0.16750205964277717,0.8927890579657376
2020-09-17,3089.768543110676,37.17762626464313,1466.6764737512535,3365.862402846899,3.1365562753776794,39.598452476385,48.40061346935383,2.5380931947043894,1.656173927757481,5.102253089979933,4.4272302117931845,12.127457097075956,1.6083606319637642,0.167022060592198,0.881475747472453
2020-09-18,3086.782779245171,37.21155810092767,1463.5000465065732,3384.667583686257,3.042731953891874,39.961377373570876,48.931158307367475,2.481266880882359,1.6626603364238528,5.0611737246173725,4.371128393559612,12.037537853366302,1.61869343965696,0.16987405064560776,0.8904725369612349
2020-09-21,3067.5980644607534,37.141798425393894,1460.5108425398932,3359.3132359070914,3.0574783434417907,39.501159533497294,48.52835941902916,2.4775406300001452,1.6413450340272115,5.069227572566614,4.3538682983262476,12.02389530893196,1.6077220648386257,0.1691045214751097,0.8861128917000717
2020-09-22,3013.6964752881336,36.67247608959188,1450.5403905272192,3305.8631449144214,2.9901289088064447,39.899987895719796,47.94487088714294,2.460167790192572,1.6340094920472947,4.973808346247006,4.344716880730562,11.924748604209872,1.5876069139304025,0.16829396707845326,0.8927218683777274
2020-09-23,3020.9696634481206,36.55251754583616,1443.1096809724204,3288.629853625045,3.0239375458037054,41.23452992016838,49.28256721524847,2.4890118736786935,1.6605142257601315,5.006179612638915,4.367492010637007,12.09948218885904,1.5925431120685198,0.167971652316602,0.8897291589215828
2020-09-24,2977.6575086577577,36.42371575192436,1419.1190068613532,3296.927977309774,3.012652666940229,41.34085508577171,48.584484446351674,2.510416637482988,1.6896680019761652,5.0735489879060935,4.387257224987976,12.07622840847306,1.582468111348887,0.16938943669953296,0.8989969163806908
2020-09-25,3017.940322130173,36.679126777507236,1403.9735377748104,3314.563619697965,3.0104587934224667,41.25884093829728,47.8600937941344,2.4881566752921227,1.6424330045501325,5.087541910826199,4.394701964357537,12.176404933824408,1.6001618563304416,0.1724573529622263,0.9049721431108918
2020-09-28,3009.356409929195,36.61989750558952,1397.1225108465528,3313.450103755678,2.9901048322992985,41.52292411534875,47.869387618349705,2.480762666010684,1.6363630546286,5.087779913051263,4.392984741168244,12.098330087352984,1.6053752695935914,0.17245448139325972,0.9028529942803736
2020-09-29,3020.447754223154,36.44726539298436,1400.9007339105608,3347.9850288815232,3.02796687012138,41.92601632359556,49.652411126822464,2.5247804967925194,1.6729299737900543,5.048322059251218,4.3898788584667185,12.066224326241327,1.628205677050202,0.17423852599463324,0.9088226973827903
2020-09-30,3042.6112420966715,36.2057044486613,1391.5512954651736,3356.897503611362,3.0198320592381753,41.645098234867376,49.46699963742632,2.540884391656154,1.6872037003591753,5.042761243313271,4.3742744387750445,12.143883112307059,1.6460150235578623,0.17695543189634097,0.911803459672227
2020-10-01,3048.3396106738405,36.20321264758942,1395.3853288490404,3335.234342006513,2.9898968328520423,41.87114586857863,49.77973489504349,2.5781529973684507,1.7217950843058945,4.977348978034902,4.377173003440562,11.972641955920125,1.6551968155017596,0.17779041730368866,0.9347725888145886
2020-10-02,3031.176493304675,35.90189175712333,1374.5527985696701,3279.7532066079875,2.965748927846664,41.40213873726785,49.58110141730321,2.547163346861291,1.7046520902981583,4.977925821439335,4.375062732826454,11.99439424844819,1.6735331533045472,0.17509081923190237,0.9262139435093063
2020-10-05,3000.3100733373058,35.746521305180295,1379.055521585311,3281.382978381053,2.982820251599144,40.908733516416234,49.444473548206936,2.584108181780041,1.70717516370365,4.96406135586511,4.333947366929729,12.039640212683947,1.6634990558607927,0.17247138555072,0.9231869367205742
2020-10-06,3005.860564650894,36.06527869643463,1377.9001998794665,3269.8770923317124,3.030749348735106,40.675944016563314,49.58319221921861,2.6085003865190632,1.692638956994793,4.953926810578494,4.284388289801091,11.959791058978645,1.6336991121349504,0.17146962794060205,0.915545586339729
2020-10-07,3016.2314566336554,36.012096913348266,1382.2569546112127,3294.299554508459,3.06244399851337,41.57646545760073,49.64831131570994,2.6165389804058963,1.681994622160587,5.026830260128745,4.320571813156269,12.32253492322468,1.6515023303012404,0.17152568467315246,0.9154483412165296
2020-10-08,3013.6874453836685,35.45380520701914,1377.3267990116017,3334.3000166777224,3.061514286338137,41.35678866598539,50.06474439670493,2.6155095293612227,1.699767244939896,5.052167900810454,4.350716184162183,12.203537143983855,1.652455365951131,0.17201949842265365,0.9117657883099889
2020-10-09,3035.3329764092723,35.265130968721095,1372.8584400354353,3320.0998200095196,3.0759218128349346,42.82654943692556,50.33919133153504,2.6653533405723584,1.7324963038803043,5.059197664226206,4.333313370685674,12.182931737090236,1.642427933193955,0.1745920102581988,0.9082800797205959
2020-10-12,3049.253128610417,35.63581716760909,1385.1735492768305,3336.0512023461197,3.089095914271289,43.417018571898346,50.22407839809284,2.603428130399875,1.740250344423394,5.11091734064046,4.3911860398814575,12.333894956290688,1.6340177573435601,0.17498718221050555,0.9156292258887063
2020-10-13,3052.5207624419872,35.354292230254615,1391.2968206419923,3313.2496520355703,3.1100155322383793,43.14570494128375,50.07714205762094,2.6524450634716743,1.7533027462820752,5.128023599619313,4.409476086275981,12.39231385081331,1.6214662274975287,0.17340061214077757,0.9069684936869528
2020-10-14,3068.0475714299296,34.84189580888584,1380.5937873397934,3320.0954036516428,3.078756573555988,43.85614554078743,49.58020433629051,2.6297089163411878,1.7741471820952162,5.210838554111876,4.445216328549775,12.459959562556095,1.6529217699158103,0.1740514960194253,0.9257267444005006
2020-10-15,3034.5602701602775,34.80795377852547,1386.1184375214182,3300.3636366747814,3.1141046184468757,42.999541812880004,49.40232642006878,2.616096995311547,1.768283141268495,5.340574045064697,4.516102728346582,12.671926410821888,1.649996566193555,0.17395624691405168,0.9249975036686021
2020-10-16,3008.809653598932,34.62940294003634,1385.8845526211603,3295.9344106322096,3.100033683026485,42.890358140396664,50.00870691976939,2.6149036084666557,1.7549704019758374,5.305190573263099,4.527842939633148,12.759770240693676,1.6337277625201594,0.17172974243381955,0.9246357715599376
2020-10-19,2998.6013997361188,34.74258272043118,1388.9202058327373,3316.989669093067,3.137663649158865,43.69527535820739,51.21770453362178,2.683412832991063,1.785379356728595,5.454415192977164,4.6200467403708485,12.900288410534365,1.6062128857867348,0.16848964108216266,0.9100501415601123
2020-10-20,2994.420707761988,34.98289866863646,1400.8827216581503,3329.229392092489,3.1740239098924197,43.3648780732969,51.19375938048088,2.6985211770304147,1.7787313396112336,5.458397127194668,4.59526102775491,12.926040383242965,1.6352192201487932,0.17078247744132422,0.929370902165239
2020-10-21,2987.322822213931,35.23763410692587,1422.1521038484123,3321.144586564282,3.1674186036225334,43.25848308261002,51.491961761443974,2.734084227988514,1.78167159106168,5.438371091214088,4.513446615282582,12.806384318822595,1.587636441572807,0.16630719551831535,0.9278925383553637
2020-10-22,2986.131934414987,34.88114194337488,1419.3931746418916,3322.979205230545,3.1919764257332526,42.73900728567899,51.60777092533879,2.7326894493854064,1.7824301548628168,5.475187891353803,4.537584583542736,12.648820767284688,1.580703484730321,0.16473660195568157,0.9310794032838717
2020-10-23,3031.124931011558,34.83360989449341,1433.724691678301,3336.4841582498166,3.2023543189795696,42.70600265006478,52.13314691114081,2.74636961041832,1.7722945235252123,5.552512659899242,4.530984304405491,12.740531257963127,1.5619704183946446,0.1633131220871449,0.9226771634645012
2020-10-26,3014.6420790440256,34.672094734518026,1432.7173608176863,3349.096206386128,3.218001384962551,43.55346784472034,53.241736479517435,2.768200121105972,1.7726804162860779,5.512178362406363,4.542682296605927,12.761590813801355,1.5727730369125914,0.1660678481564785,0.9245666887652669
2020-10-27,3017.5904030146758,34.817206314718916,1412.9341953539385,3326.2384892898203,3.1983979333194315,43.30567398126996,53.33644875389281,2.7631356352382515,1.781746201939277,5.427038195101407,4.479178071925128,12.52686327874887,1.5860058105317392,0.16766741021426296,0.9252025406641206
2020-10-28,3024.1266929827207,35.19782055797044,1424.5105904443005,3339.578530582692,3.1614602817634534,44.19214642192697,53.61423135008443,2.7339606764502142,1.8004896009545395,5.446135695530687,4.457200251192525,12.444050744886335,1.5871586615965336,0.16726639207270125,0.9324692880768489
2020-10-29,3024.1535926642932,35.238492578138114,1433.88289710247,3365.606195654958,3.157601383836136,42.75812294758465,52.423482972563946,2.6812980355789726,1.7914268982719033,5.360444036393529,4.432839168469149,12.21637856778688,1.5701185599255516,0.16413372335268345,0.9216870783860291
2020-10-30,3037.905873491852,35.16090284055501,1443.1751674214331,3345.3717878849206,3.182111188607713,42.897655548106165,53.78281119871991,2.6633149605511353,1.768446183894169,5.3783002831828615,4.459601565196008,12.090704183409564,1.5467503557199849,0.1624763523757379,0.9120159531153988
2020-11-02,3016.532361373341,34.53497333085927,1427.7968679878445,3320.969368715877,3.229388771169461,43.54151942493797,53.83990779813208,2.6757969524627345,1.7860906975172528,5.309906092688623,4.459083392152584,12.018064776976228,1.523009382004732,0.16212416925560777,0.9013334898850104
2020-11-03,2980.918053006699,34.07985198341723,1412.520418204386,3275.6208358124577,3.1905797605547606,44.03786048576584,54.22713022675008,2.682963087362036,1.7974124733338757,5.362221298721305,4.463365901832469,12.11016358994162,1.5280506210427178,0.1613657259965769,0.8952370460904479
2020-11-04,2944.7906099846664,33.81516186436792,1388.0844927108467,3252.025757662325,3.1352064453067974,43.656957441081445,53.321708192516,2.6664757156605554,1.7886497379052235,5.384882779400183,4.501607445409696,12.07205110059327,1.5414141971930586,0.16259698003369089,0.8968243885113436
2020-11-05,2927.9407651111883,33.652586165923076,1396.5756100113128,3248.7532840749477,3.126833474816258,43.865360266492026,54.344345360825635,2.6983776372343877,1.7940096275181523,5.3920914470992845,4.483243635130936,11.909712878316288,1.5542477110157689,0.16223138126436148,0.8877804238462541
2020-11-06,2899.828485443022,33.46546788898118,1385.8942240002582,3242.423174076676,3.111709266989223,43.305680027104046,54.01346600608034,2.646481016226443,1.7467369763803817,5.431581433936373,4.453232429664331,11.879487955344437,1.5479089171089766,0.1635661479768056,0.8848651780979875
2020-11-09,2921.8384708805343,33.75829357091248,1386.4236881569836,3249.4838302907365,3.0836159186168723,43.943080396507185,53.63601353081473,2.6674995897339038,1.786891009423371,5.437842198087258,4.525934398564441,12.0329947452374,1.546899777308415,0.16462398149892843,0.8889950594831145
2020-11-10,2941.7766397532328,33.70335626798125,1398.1242005718175,3258.8742351006485,3.0955434383645617,44.02193167866427,54.70643079861449,2.7342400670225695,1.7883611007458102,5.434179191308207,4.553366696697369,11.92134362149978,1.5331022609302822,0.16568155271133367,0.8825252298578933
2020-11-11,2890.4794428672435,33.30851221965928,1384.5689757507812,3240.875035744714,3.070356029774438,44.64910778734814,55.38045641182258,2.74854965181394,1.861197276418214,5.4199823641293,4.555786166639141,11.849292969585127,1.5274912631506798,0.16725578933953156,0.8851218435680609
2020-11-12,2886.809316096898,32.83893443259799,1378.834151631104,3207.372629423158,3.0724583176064892,46.19415646753316,56.14800649758431,2.818430689645897,1.8623269662792443,5.448916128383432,4.558981725544599,11.858566215300609,1.5295035316313101,0.16995166096530953,0.8890320291691747
2020-11-13,2843.3897165072,32.97327927644142,1353.142342856158,3191.2559270362904,3.00840444146251,45.525642753630365,55.9175654514849,2.8049362238869446,1.8272349011604387,5.511940648542781,4.551085663215745,11.871036500950845,1.5173870647036767,0.16920502624172926,0.881498112604344
2020-11-16,2854.4629257693136,32.97647644443532,1351.2377082324654,3219.3918719396515,2.997158706860735,45.53714156248451,55.42829728051766,2.775085881094562,1.8594827311195834,5.5713581100567175,4.516476878213571,11.877072285742388,1.525053179058892,0.16991883479224953,0.878509839109015
2020-11-17,2824.9433558412707,32.68191884019894,1354.458349850376,3210.661986485088,2.976221168839265,45.26388593527467,56.085198508830075,2.716340611722328,1.8366773877782403,5.559325065831029,4.530925580832992,11.98727189329813,1.5268188869950037,0.17159523160527465,0.8755259432845242
2020-11-18,2842.5037546823614,32.47633825120781,1318.1808843107306,3167.49248039436,2.972690268521523,45.61656896629191,56.69548766707494,2.7880587141203135,1.8632393205895112,5.53369940264189,4.47586748285234,12.021615182975289,1.532463624320322,0.1698914474461971,0.8684713325329462
2020-11-19,2851.3369792351095,32.33356039562304,1297.108296507054,3180.5542871220464,2.9932370008802915,45.8055437690207,56.38357036845967,2.764955508961725,1.8386546557388097,5.438687856077738,4.435339380084776,11.959701115201312,1.541668439440811,0.1713745399588475,0.8678274617599318
2020-11-20,2889.02030944587,32.626400823282175,1307.9357223683892,3172.3944933964503,2.9572958102648914,46.04040465174796,56.39207058823975,2.7964031093088155,1.8555074720955045,5.4938430965044365,4.460539405963604,12.12383062275249,1.5576477259211694,0.1711801869221084,0.8641656486842367
2020-11-23,2915.961726636184,33.123790638786204,1297.7611451610817,3194.459307717506,3.0201219301434015,45.754256524575155,56.3868540251168,2.7720908646946616,1.8477363953390684,5.473743635725549,4.4682911888483385,12.042264835502833,1.5678283026615687,0.17266474686775016,0.8637598517461227
2020-11-24,2922.5347420342077,33.708834822318664,1304.1076343971936,3185.588177245246,3.0556692815772704,46.58118059254939,57.39345289193373,2.8175811933166393,1.848519598520757,5.508231623508378,4.483284956074636,11.997052801210414,1.5677685230893195,0.17418155945782363,0.862658520429488
2020-11-25,2911.0803614174647,33.44330008776856,1314.6823230927762,3198.8175932755826,3.050915154646602,45.70272332503247,56.8882568571345,2.8399607190621055,1.8175097184162576,5.575736851412877,4.480009646209627,12.161160382397703,1.5853258665822776,0.17467092599638978,0.8691780839052475
2020-11-26,2921.0431227221334,33.6195318195688,1293.5793512212117,3238.1794009312985,3.050478308665139,46.01092868805966,56.395704763942724,2.8491310053702823,1.808432219452291,5.467959376579704,4.411181926952898,12.059865643546052,1.572160290063175,0.1753816445809799,0.8787146814970221
2020-11-27,2921.5488546198917,33.58376300989938,1296.8177817605297,3239.1565590307578,3.04195628905163,45.126360264782214,55.631764538605225,2.7968062405974896,1.7888922056961485,5.5342595004748585,4.425882648491352,12.204701399468574,1.5474058994041606,0.17158102863592958,0.8787606088791692
2020-11-30,2953.8730129488413,34.163301745082954,1307.9419823887874,3282.198137518968,3.0264817879786654,44.477595457833424,55.685177827725624,2.81201843825524,1.8011895711860433,5.479214848410453,4.4161170827129475,12.131032598417429,1.5348219929164595,0.17245989294229006,0.8927770230136794
2020-12-01,2958.8101719515266,34.621087664797855,1316.019840769365,3301.1490448664454,2.988842612286886,43.75299556256547,54.98977051404117,2.7683762208977236,1.7829257017678661,5.440165132325419,4.432150227571068,12.13459479654874,1.5229284850947007,0.1714886453715323,0.8946856874310158
2020-12-02,2977.2758524892783,34.81252494420608,1308.5420082285073,3332.326493452457,3.017896618099949,43.328601334751966,54.69397518552466,2.720208089626029,1.787497938334655,5.439128192358009,4.4385930365615955,12.032219052296272,1.5226334402699366,0.17138156631366352,0.8918225686567075
2020-12-03,3009.9926112361336,35.27776805807102,1329.4205019463436,3366.5480609778915,3.0880610183104675,43.55984154915513,55.12563623545826,2.7569268850477044,1.8014928375479757,5.452804435773749,4.434860703855919,12.125081408490436,1.5276712745857817,0.17207005774347167,0.8911980649591551
2020-12-04,3050.029955950919,35.90480547188577,1330.307074177382,3420.0407790870777,3.043810926850036,42.94731309483668,55.446408172497996,2.7497380774140687,1.8065556899487718,5.4995389181968175,4.491647075838744,12.282173267030172,1.5358440978188292,0.1733414446746127,0.8923478351868228
2020-12-07,3101.3402816893354,36.189619269312296,1338.7974547926228,3466.309458332279,3.0379796723268817,42.27905554945486,54.644839427544206,2.674577282831192,1.7793435838136327,5.54718282789052,4.536399283173402,12.31726347231291,1.5356263358063456,0.1717796091404406,0.8906909805041905
2020-12-08,3154.960824987629,36.23472006741416,1358.3417893333137,3486.05579159334,3.05270185978213,41.2724897561212,53.5390239171547,2.6154243779777064,1.7551632803816444,5.545183907119133,4.560900604278647,12.320940948772467,1.533810393844883,0.17026444647961056,0.8863110626569705
2020-12-09,3132.261831262911,36.218161314593125,1338.4979625670921,3452.687148725106,3.065629139167854,41.490721879083125,53.102317245666754,2.59392714043001,1.7585164993174787,5.537885732045146,4.536272859244575,12.30749725074127,1.544345808372487,0.16981839350835873,0.890353363390178
2020-12-10,3132.3927280147786,36.03249821633697,1329.2289389600862,3418.195753344136,3.0598186071886584,41.67843884442508,53.52117189062639,2.5756160680112243,1.741979743989072,5.464688038545539,4.510518630806645,12.362277017170165,1.55972679614682,0.17275961946439655,0.8916683455158967
2020-12-11,3138.2099645208355,36.28305928342872,1324.8448555521823,3442.5124301243645,3.031213705635802,40.557444061477135,52.5415307908998,2.581457581219467,1.7220740292697838,5.3906930262688775,4.440676587448017,12.159769074619753,1.579494660811548,0.17496942575281638,0.9027057735053124
2020-12-14,3079.3272709950797,36.232020987235366,1303.2759071973899,3434.3459213419064,2.9899890852789217,41.02311631147038,53.609280626952575,2.561749712882682,1.7605426651833063,5.336980282361635,4.3751982048928415,12.016615070565406,1.5785395067934926,0.1757967068331434,0.8982374473987589
2020-12-15,3062.8547761310087,36.068507870576475,1288.960848548867,3380.234968299897,2.962215404565413,41.09339263351679,54.390971072183206,2.555026510532555,1.7684892297779862,5.319592119883404,4.398024944798378,11.986705797568572,1.584517934142501,0.1777939630183645,0.9115943371747388
2020-12-16,3029.1157613927016,35.94727578510059,1291.243446937746,3380.249077229098,2.983001143019991,40.342178394580884,54.15455495106901,2.5138264145058735,1.7440034662030892,5.320930588761166,4.392579930135075,12.017450350394093,1.60479799660644,0.18161683047358052,0.9238403600643778
2020-12-17,3045.004581634185,36.15669808051934,1299.0566584985183,3384.772212250407,2.960524955479844,40.99267075366677,55.673092468437964,2.526938068041867,1.7364841567890261,5.3145414574974374,4.497309759095667,12.341273394735506,1.62793294267779,0.18243970807796622,0.9297428129005364
2020-12-18,3038.397285533288,36.05396894054514,1291.3480399431787,3345.9064086188673,2.99363121235803,40.638169538049425,54.60113629766127,2.445835246454467,1.7236533710786663,5.305882175143185,4.484558200918835,12.348492396982957,1.616653613426265,0.18339875195390282,0.9405874931121972
2020-12-21,3057.3210275107995,36.20256170914469,1295.2419929570544,3317.550993563747,2.9931253724258102,41.02629274266032,54.557250093825886,2.4657003795349217,1.760528873529311,5.3342963439251365,4.481635390103372,12.31703348925362,1.6242475845489401,0.1835245410171429,0.9450232782323673
2020-12-22,3060.3566933413367,36.11946995795248,1304.6267428145761,3320.756520133327,3.018736661626688,41.302568713765076,56.492256630874124,2.5098110965367053,1.8106701487460821,5.3481311096631,4.499185813504614,12.311937292018456,1.6348052664748953,0.1817641529601985,0.9524795901051908
2020-12-23,3058.416511127462,35.67207448246991,1287.7048513548416,3323.8353198803493,3.0248904618900347,41.2127497390733,57.95388929690642,2.573565780325292,1.8332028698201641,5.363347259146744,4.55271451852161,12.25056360946891,1.6353427478351195,0.18244364519956544,0.9537051478209997
2020-12-24,3073.1451308771934,35.5925453768628,1295.8457159642003,3349.7246739087627,2.988853737845051,40.67544172013932,56.3490234435582,2.5302230649413713,1.7992506940660367,5.341325547648984,4.562158281938605,12.333055602787647,1.6558146750075857,0.18247026093193053,0.9499983085277085
2020-12-25,3071.115428665849,35.39634886749165,1289.2879174171342,3322.661761247299,2.9490379797471573,40.54746637764555,56.25523475358046,2.526641239142794,1.7649847557452494,5.310806728075747,4.563800769561017,12.265150305262532,1.6609034575263428,0.18316062937984587,0.947501874576066
2020-12-28,3064.3655736412315,35.49009583602772,1287.9464392003035,3353.241646004352,3.0029134903928076,40.05748181303198,55.426409017952814,2.5625025506160206,1.7377047527573246,5.293275795168828,4.602034700347107,12.370962382629983,1.6679533591390754,0.18417441757038616,0.9515927216794334
2020-12-29,3058.2414207829534,35.0058309645831,1289.0327330621712,3344.5486827316445,3.050332485046089,40.039707811182524,55.728589307955936,2.5608274665957014,1.7474654390350766,5.309983009262808,4.634320401755575,12.350171428150214,1.6532583436857187,0.1851153567368705,0.9556382787125495
2020-12-30,3072.7194910436933,35.24069989970609,1295.0491436068648,3346.765905677751,3.0776975927253103,40.991025046527476,56.616317446653554,2.626911570095679,1.8057630515242906,5.256105651978813,4.570624580860724,12.150099960039809,1.6517569308365547,0.185243049396069,0.9550293445676642
2020-12-31,3063.6327025236665,34.81360130299222,1290.0093433810691,3349.7991777310644,3.084993843611953,41.37033492483806,57.337542732222296,2.6514467957777534,1.796594605253264,5.247763805459482,4.511215309337801,12.160056905511729,1.6481674906614026,0.1843953429420894,0.9507510477436075
2021-01-01,3025.037582599341,34.54373196375879,1258.4118088650519,3295.6723932074556,3.0724137288596136,41.262230094218395,57.251828872194615,2.6306391278233017,1.778023304891844,5.265706403852577,4.5087776887627085,12.235128975921853,1.6719207394667568,0.18102294379823863,0.9554635788021255
2021-01-04,2990.3968285102474,34.53989640644163,1261.2318156186898,3285.529818827845,3.0512374644923326,40.37352639201474,56.48521157425583,2.619410536411644,1.7784276859334058,5.293425335295727,4.512472361651072,12.283162807202835,1.651696588914757,0.181061389283813,0.9512865202731976
2021-01-05,2984.2015644162348,34.76463655111835,1269.495934863848,3287.922516205244,3.0316857094352203,40.085616192146915,56.16153396559495,2.5776002707121717,1.7692404906417838,5.333324833677186,4.488545398707307,12.174815566517054,1.623681339268387,0.17739730797588887,0.949833436781454
2021-01-06,3032.903211350474,35.01138065955672,1276.1146323377318,3307.5527912780162,3.042267396012214,40.65617777669862,56.735620800178836,2.550842245492457,1.7419895843918085,5.362226868508755,4.481914126339123,12.068151942157538,1.6111033989686396,0.1742007912147952,0.9346399442734826
2021-01-07,3015.6959048873264,34.81115109818428,1280.6946131956993,3289.9344674923996,3.0152035675435616,40.98015381469903,57.332974800306985,2.5029748108913203,1.7832609160849597,5.397072090314765,4.521567983707943,12.196541069940341,1.6104345104120075,0.17191934870791742,0.9265089986549065
2021-01-08,3004.0175433143904,34.75179589381729,1271.8086991202222,3264.7592390571485,2.9855532499632775,40.72155267228892,56.26584610346101,2.5131848416622837,1.7811149221124756,5.322577610357806,4.457554034930618,12.080479350696706,1.6076811619386135,0.1725650914662374,0.9233479670656478
2021-01-11,2988.030402071584,34.72525237577565,1258.9666379901273,3262.1724765624936,2.8876318921986015,39.973701095266364,57.006050210464934,2.501680274575803,1.7851251642443189,5.246299646201217,4.431398868643869,12.11223498318708,1.602779454564586,0.1714646872643527,0.9057353317203167
2021-01-12,3010.8079470360044,35.08644995599322,1259.158312014429,3287.137645370066,2.9034683675303024,40.52235325201025,57.113718085598954,2.5185092359260626,1.8012407124003356,5.229933791799596,4.446691602050171,12.138630698545107,1.6072566186361188,0.1693065974694896,0.918341279327596
2021-01-13,3015.2914064859406,34.76883968281887,1263.224289088644,3255.0490738533636,2.8615131285609094,40.58814954459925,56.36787914890525,2.539693283061014,1.8410668864428492,5.1339014234254385,4.429406936867847,11.961080566767327,1.5800597825700236,0.1700574968661867,0.9331322862529663
2021-01-14,3021.8673476632744,35.1136244236176,1276.8711319771423,3265.8839508806627,2.8487931489397775,40.6556855183997,57.05134470896065,2.517630619441942,1.8289752906491579,5.159369787912294,4.4084871424437,12.047125482553447,1.593729545536856,0.16946374980182824,0.9369242782519109
2021-01-15,3053.3715481724744,35.1525095008286,1276.7537068084573,3282.5061996486174,2.8357554460859977,40.26523758553664,56.54569988220727,2.547697656014639,1.8380371538764693,5.105743344248268,4.377738451897293,11.949100856012207,1.6109990001366752,0.16940072241528747,0.9502193337313383
2021-01-18,3011.6010334010853,35.64055223546997,1278.1370169557767,3298.2565581109,2.8354180857433193,40.01514190441558,55.36788139940754,2.538150934153128,1.847918232471949,5.139264173103395,4.353091832983653,11.937802699480512,1.6257690571057466,0.17150435621071544,0.9496884720836939
2021-01-19,3003.520304415279,35.62749743567965,1290.2992089784173,3292.944524211775,2.8513061427859645,40.00835598175656,55.503258767146676,2.572802732203773,1.8541331807370744,5.177167606303564,4.334269036136039,11.901906022324663,1.6366298234061118,0.17256277076130463,0.9618154914338819
2021-01-20,2994.105868120602,35.20372482437522,1285.3748864117292,3280.9925723532406,2.8509639776460456,39.5587920129148,54.79003581793522,2.559016583660695,1.8452262801422747,5.253153862007436,4.335652509437844,12.00051256363707,1.621071810453084,0.17125480688975042,0.9608636249794165
2021-01-21,2986.5490612102953,35.42836758529068,1283.8162448450933,3272.13738894643,2.8906168042247176,39.12258628315726,55.63817967886981,2.5591373256038734,1.8537641097376778,5.2084607465248,4.346518731284216,12.132689321586387,1.6006561154115178,0.16808631094726512,0.9466695538983365
2021-01-22,2972.7889391445465,35.82897676411937,1281.437696239714,3286.1552537622706,2.9201806314775807,38.619441144025544,55.388781483459326,2.5386760261201977,1.8293697517355287,5.204628928460968,4.304357216551575,12.062477371196803,1.6312939754502325,0.16974048612987525,0.9558036367012807
2021-01-25,2979.5650516853198,36.39441946047563,1299.6620049042454,3343.194966106792,2.9737559314206448,39.083810944066684,55.45611705409065,2.5605027819687667,1.8301857814737217,5.176360490376668,4.3234059432123715,12.054220921342267,1.6344245539406346,0.1727718368968284,0.9635499541973432
2021-01-26,2953.745040096139,36.36525443781939,1281.2611010845724,3295.471080422738,2.9508121003109418,38.93790788395643,55.29156809339916,2.579521692438366,1.8002827567011177,5.141743196097512,4.353520919081427,12.052597805637234,1.6563886257886358,0.17589802898666637,0.9731141581148081
2021-01-27,2949.6130550171724,35.952958911475456,1274.4196713787192,3298.1082271489404,2.976013660118448,39.05339514855654,54.156822555119064,2.5859388409367536,1.799822444727575,5.14338011872548,4.346951755460612,12.072845211595254,1.6656117399745498,0.17550245598300365,0.9853440422176986
2021-01-28,2985.634619366213,36.694623247328906,1297.033704726509,3368.7114755361276,2.991761267294218,39.20806942580793,55.5388191945591,2.5985712677101684,1.8043668789012992,5.191242033437979,4.394498713944669,12.163432323149918,1.6547142807972661,0.17439366005376125,0.9800146054209921
2021-01-29,2977.8659737476196,36.32514910418603,1282.6559106904385,3331.9095476902603,3.042471490982013,39.611618354704916,55.853365936699845,2.635058125125286,1.8047040902114917,5.2883209616728735,4.427887385544532,12.453981214322152,1.669962514105173,0.1764058073746092,0.9901989769142094
2021-02-01,2977.1045257492383,35.901151153073954,1290.7643768448531,3332.153235855921,3.0265845088468413,40.127252056729326,56.575355447407894,2.680841594916681,1.809759546736667,5.323736449074614,4.4432453713526705,12.640565834602825,1.6497596802573322,0.17496256781272465,0.9839299914511139
2021-02-02,2983.239692779177,36.04703450457728,1290.9907099627849,3333.438617218989,3.0050990358944474,39.90400887895205,55.23447014903036,2.661297052853436,1.7721066639754872,5.188704086542981,4.393213448119899,12.54660523905029,1.6524110018543308,0.17350222831276177,0.9826347904230446
2021-02-03,2979.6212536311036,36.07505558282728,1290.3396672078513,3351.006205510367,3.0140146265837857,40.93192977507612,55.94074212985409,2.651052538766074,1.7972893931640723,5.196311648579189,4.430460409329708,12.706420727739708,1.6877160082419986,0.17475537233045363,0.9981404316618229
2021-02-04,3002.4971354609393,36.17739967472605,1283.9049045216934,3369.9728628090465,3.0249370688626622,41.10292859909203,55.898447200488405,2.6798099105828843,1.8384053728803103,5.223241218884394,4.458034170849855,12.815330068329178,1.7087316019553282,0.17578327664134785,1.0033784921059936
2021-02-05,2966.924545773791,35.8117519510879,1268.0318764041433,3341.5740753249893,3.028451362579038,41.051640090325165,54.795813739425014,2.6711959317552916,1.8331980667848617,5.169547090607947,4.455838691552069,12.62935159840711,1.698446141466098,0.17562141221407682,0.9972871662033842
2021-02-08,2940.2359689302325,35.79054392479663,1260.3129976994514,3314.0730613332216,3.0024407052657467,41.42881559561778,55.058752478520134,2.6898853451319416,1.8572421504969578,5.228793841029942,4.47974139018655,12.653407898809343,1.6954561861257098,0.17785726126487503,1.0164662895204495
2021-02-09,2939.9375345119993,36.005342764378426,1254.398794020411,3317.6992722539217,3.059259826460136,41.32274772710547,56.806470569433245,2.7246964812334546,1.8887957942843485,5.203940706789299,4.443960349209466,12.668102054687797,1.6882672356435893,0.17944243023802423,1.028369256563445
2021-02-10,2974.881764585368,36.255154650378984,1254.6635846290476,3346.397192820939,3.092639171128079,41.63746916453816,56.1183830483991,2.678694415992104,1.8358609213379533,5.290355029129929,4.4750721679552345,12.730430333684083,1.6769919569617082,0.17849090112274027,1.0444470650519786
2021-02-11,2997.534225111964,36.739800231317574,1254.1556498379116,3364.6778848783188,3.092113137238753,41.64612677465901,56.28807014867222,2.69799997919883,1.8563538495349485,5.2624206321916285,4.487266806716882,12.687259029919474,1.6767280453061586,0.17738058231942266,1.0451767806932566
2021-02-12,3020.1381824778914,37.205271736005024,1247.719782454306,3397.9798175712444,3.10739518758769,41.45674466233426,56.32610524486893,2.648330906726142,1.8377352949346542,5.280817812772636,4.436895492887815,12.589019343893353,1.6617395150330831,0.1770557802296015,1.0518697466818057
2021-02-15,3048.514448063588,37.61629385733517,1250.9221280523996,3412.26987008392,3.150537399174446,41.85809560525113,56.85754056206552,2.626647770381524,1.8736441548809049,5.415317861956655,4.41593362563817,12.557734989595065,1.6489382821556438,0.17701445485882825,1.0392979560820301
2021-02-16,3028.145250556806,37.14646123563931,1253.89399942318,3418.048920392174,3.1454634424355468,41.37110884243332,56.39281428798836,2.571705926166151,1.8036587009331557,5.342174918093507,4.351394898850211,12.367697817383654,1.6719790080418324,0.17945437831805855,1.0436636707388915
2021-02-17,3009.8506899171343,37.16028457527052,1256.253666291878,3424.129947166107,3.1521182590855856,41.3383876220103,57.07453651170546,2.5608861996793664,1.8179410577124395,5.3254014041702895,4.320825628841268,12.236907114838713,1.6833498040358994,0.18218927438293506,1.0602270137389473
2021-02-18,2987.772045270091,36.3391847605229,1239.5172351888457,3434.783784325747,3.194229989345365,41.99377106260806,59.76362424417849,2.6529357454141356,1.8508286663800604,5.380722865212363,4.332451896897094,12.267101587691265,1.6602993440873768,0.18273428703285718,1.0524800822135145
2021-02-19,2991.427343245115,36.21613957146333,1228.7029163374016,3401.115395305983,3.1636821380131024,41.71780488140562,58.36444063621236,2.633501729896237,1.8332594349375186,5.400260227092659,4.397959388716355,12.3687454468781,1.6675178639857027,0.18428825147194774,1.0507421131361814
2021-02-22,3019.8418848993856,36.21914718999007,1237.4144688717477,3418.804306758893,3.1708375118132186,41.12430486787605,57.954625960689306,2.592939184871399,1.8286945444918188,5.492268724350842,4.405977150200781,12.516319789260677,1.6872007052009828,0.18613687534290502,1.0826074310493812
2021-02-23,3063.001774495129,36.633312347589936,1256.8777449434156,3475.6625114494814,3.177297379140848,40.26835302742876,57.05840662979088,2.63897000244739,1.8149289177688488,5.485353414586844,4.449745676751226,12.529526705449163,1.6851289801486464,0.18690315049065373,1.0856836288927232
2021-02-24,3074.6177082661334,36.52611226304169,1248.476713267152,3490.1297039829733,3.1847069353380006,39.558325175092634,56.589191541179005,2.6519410958646823,1.8096008455183232,5.429836587628103,4.415860835555014,12.41085674162008,1.6962299352393664,0.18652576179150393,1.0838855033579053
2021-02-25,3071.058221513107,35.84328407269823,1247.3632089675375,3505.1749253952776,3.1584086685675006,39.491705427649464,56.54384988873741,2.640229606650582,1.8080723178488562,5.466355333284583,4.41034450509621,12.397207182327314,1.7013324094219868,0.1874392470338853,1.0927676019993982
2021-02-26,3084.9185544470997,36.01274437343355,1247.1676949370901,3514.319838157784,3.137413511976344,39.468509407903525,55.25744526677929,2.6067697274673747,1.8266771706783058,5.482637661542643,4.4418276370665515,12.531168212470382,1.6822290898976529,0.18490448366336476,1.0891138353428627
2021-03-01,3079.025687891874,36.081487313484196,1241.041329667869,3517.230048242076,3.1917202215357094,38.59120715184088,54.957454997818324,2.5921057317362113,1.8585261375672926,5.513375107596076,4.45053769202755,12.624876075898491,1.706239598394384,0.18809522744056006,1.0928527060926334
2021-03-02,3121.8300766066614,36.50555984742407,1245.9611407838615,3566.6710789773406,3.2209165446922303,38.94321608011224,55.58831937552455,2.6063245800808614,1.8653363502970732,5.560326068443179,4.459276563496124,12.67450209374216,1.729009513356747,0.19063308646817906,1.110216324915217
2021-03-03,3069.330602992951,36.098927491310945,1233.164808137428,3559.7715701205834,3.208105195698158,39.16603700410576,54.86561622255999,2.613665208837943,1.883392045363906,5.620090999011678,4.472448039008749,12.68602177483701,1.7285400983972363,0.19075312526491128,1.1126481902106895
2021-03-04,3083.3740519662374,35.862207327394415,1220.339294004723,3557.3875906890917,3.2949998894412253,38.79019731719489,55.25950482493491,2.641279290756965,1.8883434056781168,5.70469396653029,4.548981794650368,12.89257183497865,1.7321744088682527,0.19306465375845325,1.1295862999043222
2021-03-05,3104.1434155270044,36.315608709467874,1212.0286229600565,3566.1504037161235,3.342564704756328,39.46158452910691,53.868816100159286,2.6639132382519106,1.8687570306408081,5.7447832063860735,4.58773572510178,12.79826973143156,1.7427621244626528,0.19309479494643264,1.1255764389193215
2021-03-08,3065.4778369106657,35.79699285983997,1195.420434711117,3546.942594527953,3.293674295624823,39.65444297543132,53.32726447055883,2.717138941090589,1.8696420930676054,5.7808245284371,4.629556709513826,12.724309576708857,1.7201688552210337,0.18929309302455163,1.1023877162385567
2021-03-09,3084.7691079303977,35.83332442141931,1190.703069492733,3567.4667909437,3.2623504776765007,40.12228825542353,52.89765322399231,2.70564706326615,1.9007657303838217,5.7149831678746645,4.603216938831657,12.566994025446585,1.71199064147959,0.18996497348420932,1.11000606895343
2021-03-10,3108.6543686453624,36.18535835238289,1162.1950347433833,3569.419443012142,3.246900507569198,39.67744431528245,51.824524145399735,2.7286415394861563,1.864771010633744,5.769431067342024,4.65960245024752,12.524299870512849,1.7144996711102642,0.1908188952988413,1.0959555719700986
2021-03-11,3080.7816913364204,35.710130235953706,1153.5362046243135,3562.7974836673898,3.2100882753193503,39.15460618088596,50.92265516338906,2.6862447503644615,1.845717449960538,5.858701410456841,4.701148498577211,12.587112498753775,1.7114662661399034,0.1884284476861391,1.0950995012908116
2021-03-12,3095.3341552843326,35.591641995845414,1152.2009028921486,3594.364669872585,3.203999234571073,39.421514787390066,51.86764437860127,2.686646803157352,1.8580481179508619,5.823859820415336,4.711459892924089,12.616572987226776,1.7266361204082914,0.19045284898525944,1.1052415474852257
2021-03-15,3083.9772495709417,35.810116641449845,1158.1829721714523,3617.343772140678,3.194826379956895,39.09030317662145,52.318891955286055,2.6836273568891347,1.8415183501652739,5.77036527095634,4.67674190401963,12.715529430215378,1.7193582586060563,0.19037180974069873,1.1053425752199761
2021-03-16,3090.160960703817,35.82170528731774,1155.5206901286258,3586.205133626048,3.171955672010559,38.85088601202203,52.24868782720296,2.7044837519990144,1.8462341250296024,5.726535815753833,4.698335808527081,12.698872915136647,1.7318208459016273,0.18994394941973955,1.105984526910795
2021-03-17,3101.5859156121455,35.9825387467296,1163.5114539415715,3580.1951760212883,3.140903734329587,39.42610898544919,52.3195601699554,2.739401118994671,1.873347615470529,5.815014010799803,4.731197259491163,12.772250697964758,1.7408402306316,0.18913722620314297,1.1115518733524523
2021-03-18,3097.095349390489,36.2416394429845,1163.6893204037733,3571.364378069803,3.0904196235851207,38.613848502497916,50.4934439587097,2.695567318681711,1.8569533154151139,5.768064001480081,4.755947998780119,12.801219713892731,1.7322855592125086,0.18797449383586404,1.0978731403329856
2021-03-19,3107.643654542314,36.20602184256257,1172.0064093655228,3571.927814254672,3.0400278989838645,38.627680126513695,49.80711703777822,2.6990782068117714,1.8500580911414108,5.6305138966873916,4.650115712566399,12.733694367990884,1.7262506556672208,0.18807368924565093,1.0897509809953339
2021-03-22,3113.742095183738,36.075554048201255,1169.1396826586597,3540.0084636593647,3.0746229555452205,38.349633919285445,50.48888835561228,2.783957325738879,1.8518565520574513,5.631070555292514,4.649818439218002,12.783529077515842,1.7351020397662513,0.1844813535879315,1.078193701394879
2021-03-23,3129.0442877874016,36.19003374493072,1164.4525794863546,3565.0064333763253,3.0996901419959926,38.48308795753283,50.482465466424564,2.811751574383374,1.8867653615748754,5.578990901903764,4.642218817194361,12.671871676017268,1.7396405948621028,0.18618711852004036,1.0773697339271031
2021-03-24,3104.449921254794,35.678106546778594,1150.324084860636,3534.9319627436585,3.0765971646442165,39.14815030676921,50.706945402062615,2.8398801691301903,1.8651703252964698,5.580485757287442,4.677815421155316,12.661129657305628,1.7443659959618179,0.18597418987011236,1.082148803841198
2021-03-25,3130.153298524442,35.76855374510446,1147.693254700102,3538.2120750498443,3.0664599138480186,39.88877489857501,50.55648371225996,2.8321129297258945,1.863790851189499,5.5472560801736455,4.695566837075748,12.573997447353365,1.7524821319213109,0.1870407023744946,1.0888508311406917
2021-03-26,3140.124682278811,35.62913004045444,1131.3702790433215,3530.21842641291,3.0523184718842646,40.728602164527935,50.70714368578182,2.8399437645296772,1.874613046148353,5.528153749148289,4.690884395982814,12.604499622449469,1.7154200321976538,0.18529257839064847,1.0725376380754763
2021-03-29,3156.868487836759,35.303020260632074,1138.2629682775696,3578.063609903255,3.050166695600145,40.39457196275087,50.4095995894983,2.8824927024396487,1.905449259657742,5.5322855620328735,4.735708755136324,12.64320471074971,1.7070071046287478,0.18294334252106073,1.080918773782816
2021-03-30,3119.596264991968,35.32316415767446,1134.7295367903625,3558.036498843384,3.0766285062908763,41.121930193190195,50.42254662263472,2.928605116905739,1.9149264438286469,5.513703012505766,4.740556143240783,12.513752772907136,1.716749460948998,0.18338148708115792,1.08219329690197
2021-03-31,3069.401864200175,34.987401782774285,1124.7449446273133,3533.6932865459976,3.088618896408936,40.08523161386993,50.31152120777086,2.897202971476318,1.9173160367968691,5.390154814019748,4.6911704318056975,12.169720255812656,1.690626636392214,0.18048456108565586,1.0651315139636297
2021-04-01,3065.365767662655,35.05801306645158,1129.8207143277102,3530.200825842611,3.071277977557964,40.558947043572616,51.01784641166793,2.8584119117175444,1.9349270530653666,5.329651810851008,4.7273520806343425,12.210069582153777,1.6924185875444617,0.17910838972749119,1.079153230486881
2021-04-02,3055.6763414093034,34.79774239305215,1119.7248268754379,3478.8027054967138,3.1112865600006794,40.257312387491496,50.613267961952765,2.7984824812968374,1.8895061241431974,5.260645418109698,4.738791808028891,12.189340652288735,1.6897977552217696,0.17841546170610212,1.0615288291211475
2021-04-05,3024.3671547428394,34.44332179408727,1120.5571708952805,3433.15454904806,3.10670183505352,40.828157300824955,51.364503268191584,2.8216702370101956,1.9050728437034046,5.333848146514081,4.768275119570735,12.296999940427483,1.6783753322692645,0.17832985109067195,1.0552655734147909
2021-04-06,3032.390401130516,34.146069699206116,1112.7044883628453,3405.219856964095,3.1110183766152977,39.850373281718504,51.22768088513246,2.758080146950178,1.90677928035261,5.2903332032866075,4.734603893242897,12.242412445010032,1.65843304659017,0.174678204200925,1.0374849240490085
2021-04-07,3023.922235707058,33.91570913569941,1124.2496115293202,3438.343514135967,3.0983551856711538,40.250252901231846,52.120316140074294,2.83721064136415,1.8921435160970304,5.373815968371904,4.780830573034864,12.2373702625376,1.6869954165954948,0.17501209326850767,1.0482650849222037
2021-04-08,3054.201415243753,34.06722634233733,1120.6338483534805,3474.567907077239,3.0605094109686615,39.809712351324556,51.55280271682895,2.8484196192270215,1.8783573287893662,5.406094759865678,4.738540497041993,12.292414827474998,1.6822421497502211,0.17387179951779988,1.030257945024953
2021-04-09,3077.1519121522233,34.211879781850314,1124.2726267653452,3478.1087905230925,3.0724995653447458,40.13900526166731,53.36848506995605,2.9289800465644364,1.9010387214907511,5.449998452679031,4.770633427550192,12.360410459806934,1.6566813093533481,0.17208313577219997,1.0152378818517267
2021-04-12,3087.9967431673876,34.29203819383979,1131.1665670541022,3473.757771690835,3.113308428133883,40.93332814373576,54.53119581772085,2.992496393556931,1.8866004580428568,5.461234649603412,4.8116913441279,12.27701364223474,1.6679632749470534,0.17088912859050273,1.0116095719967082
2021-04-13,3075.853712130823,34.22581333611215,1132.4944451963406,3459.746017383287,3.1351086869595792,42.075255006802,54.9400857509768,3.061673821410961,1.924096797560738,5.453861158252245,4.805536355738012,12.230015923493855,1.6884863614623793,0.17019866172901021,1.0030201511355954
2021-04-14,3104.604489851485,33.88749242219405,1126.8437134832254,3455.936450577458,3.0818671797852715,41.54653294885457,53.91352886472538,3.035398967829978,1.8957283402170584,5.424053010521132,4.740442012962596,12.119604205523935,1.6676265669394508,0.17004801113183576,1.0154859381148882
2021-04-15,3095.446625660038,33.71023605587911,1124.4133262452121,3456.8158763309266,3.060867687910436,41.79543235687291,55.10823282509585,3.008618103524372,1.9504990587481184,5.510950960593602,4.792916270185281,12.229470247834321,1.6625842912936677,0.16867396877450982,1.0099247183970748
2021-04-16,3138.7721497788275,34.003963261845584,1140.41261911197,3521.403826865285,3.0682165183506074,42.181983392428364,55.384021641477375,3.043148084761925,1.9349093234130301,5.47953420446129,4.766619622868946,12.24586905564359,1.6539236532021815,0.1678972723998055,1.0118292028478248
2021-04-19,3117.513051200712,33.95348027011489,1124.924936015048,3530.2036522139606,3.089292839470266,42.622989296668294,55.143669906680366,3.0193473333071434,1.9609863394666385,5.546082539049927,4.738357610893906,12.404327037982279,1.6438729526651816,0.1680811883706875,0.9999761280748064
2021-04-20,3110.5044489827724,34.08561795083616,1139.6247967537315,3547.1908484393794,3.1228575511845795,42.94597535762029,56.14934670234262,3.063847205058515,1.9730073672881063,5.469278915771037,4.71094699421816,12.39292844839951,1.6486501752282738,0.16914952273446188,1.0072155079616307
2021-04-21,3099.65406441552,33.51646691825072,1123.8567766334388,3509.553269127126,3.052780714752088,42.15979056223739,55.106367474307824,3.060008607244594,1.9481989658067052,5.415362700092944,4.691683094565839,12.365099486138911,1.6301557973675906,0.16811939895985842,0.9944871540011431
2021-04-22,3135.100022675931,33.7219260937186,1128.9854513395862,3503.9865524194397,3.0403710709963803,42.49850716393145,55.486593921478494,3.0861733363519632,1.9718262866125291,5.433335846359632,4.712655083967679,12.357718228832896,1.626621699885286,0.1674046033973073,0.9802484781707169
2021-04-23,3151.445562625472,33.440946340791086,1133.261837713998,3477.615909646286,3.0524930122132887,41.856495957287855,53.46280086523768,3.0509788603640793,1.887842612039709,5.449608150704661,4.7099227687665195,12.404298242370622,1.6159651501971377,0.16752027710967343,0.9836558223970134
2021-04-26,3169.763407674202,33.619014513034976,1147.169479301182,3505.0269381908197,3.0558977762613444,41.30013276945672,53.3587904101149,3.0248934128892286,1.9084446712447258,5.382510137444036,4.72909784949969,12.245085228322843,1.6140324663254986,0.1695122010574949,0.9958792901045698
2021-04-27,3146.422198229582,33.74714100460082,1145.3476471481433,3493.3073826455584,3.072900736369136,41.49676155826389,53.173007136132384,2.994685384568911,1.8907838283104847,5.347129309607558,4.67383842833051,12.230883922035694,1.623008725748772,0.16897946737485142,0.9987991969151618
2021-04-28,3146.13693456703,34.14056849546143,1156.5441254851896,3497.5350896159603,3.069841061559796,41.87454845632238,53.676891471837486,3.012793404128315,1.8890097604805245,5.327006143187537,4.678025221577491,12.23993849126899,1.6450386240843948,0.16915319734312215,0.9942413930114405
2021-04-29,3177.3176065356465,34.12690691759153,1148.7001584755392,3509.2523118390086,3.0880948346183206,41.61814702242097,53.13872046681544,2.9537846498799905,1.882055329498871,5.391819944117894,4.735130638615604,12.383219737828801,1.6573676790144996,0.169252774913132,0.9913450931093353
2021-04-30,3221.9109646128945,34.11768745700958,1148.6327491679592,3483.0402317382036,3.1196478096928955,41.806045932055476,53.8088724126725,3.0326568731171477,1.879604860656608,5.5551282718841195,4.778365824757552,12.495911426414464,1.6682169274485994,0.1706720210592793,1.0040135236453271
2021-05-03,3209.720444000086,33.93180466882667,1148.1699709576878,3467.763480415394,3.179104332377465,41.99695460822696,54.31860230699591,3.065465382309032,1.8692301349914016,5.563089809054428,4.726471854255395,12.300974686657854,1.6626562211999496,0.17044340436149769,1.0022977245604885
2021-05-04,3182.9018905369758,33.79751240310125,1143.8979253171315,3458.3473980247877,3.2016317966701378,42.15756814001613,55.30087701960224,3.0180051921363305,1.8626698502826609,5.533466188837316,4.679024967508498,12.185699950854872,1.6479484223948169,0.16856992192136697,0.9849057468254991
2021-05-05,3157.521767774704,33.90565163940387,1141.9215347546901,3439.633710168725,3.20322912959709,42.21028941801899,56.05908622700555,3.0125046670080313,1.8459405339266373,5.52552684906012,4.676030255806751,12.223051445606606,1.6313969864711813,0.16536524612358805,0.9710207951786789
2021-05-06,3135.385534359315,33.549721191019025,1131.5232905646542,3392.8367027364675,3.1480228880859245,41.956516555439556,54.91862611220323,3.021619478113812,1.8477250590108363,5.523764168221315,4.653072761871615,12.185981887536004,1.607579743993509,0.15955372005417234,0.9545018036859851
2021-05-07,3135.6903039406557,33.87797227870572,1128.9575039523427,3403.0468690021926,3.093414914238062,42.65389781626408,55.82178450472304,3.0548901000407103,1.901860092764638,5.56338254357774,4.695065941823763,12.35945049741894,1.6076463501426634,0.15742904891549475,0.9444036867121585
2021-05-10,3169.466074035393,33.81089196741483,1137.3247561029343,3410.6944247068786,3.128207162165994,43.205753810437116,56.37348947446677,3.080118361082162,1.914175542682419,5.549612775986862,4.717363828775686,12.351086848406414,1.6277356869086086,0.15920352215997738,0.9396792837036068
2021-05-11,3138.895724649775,33.70873204141514,1139.3855938916242,3399.5719151298854,3.124084910570251,42.51403335468968,56.291562851760105,3.12350288673035,1.8732601378976876,5.565282257208628,4.781428291614938,12.361515246763357,1.6095014005345152,0.1586145080777603,0.9438461008529054
2021-05-12,3128.8611855062045,33.44070132323386,1146.6924649261175,3435.3303616931325,3.1344129035902437,42.70371614848887,56.308965779398655,3.145479399335297,1.8992276510048511,5.635330770208055,4.796827339091813,12.389447156401127,1.5991178931335,0.15808550071465302,0.949472972973997
2021-05-13,3176.522508190008,33.483547057489204,1147.1224346612157,3415.429069875904,3.1648666057375467,43.79846190854618,57.284329442737445,3.2030112622601017,1.9400901783684192,5.7990387046704965,4.863065824451664,12.601419681637793,1.5888867938882356,0.15797002138781172,0.9611331043675865
2021-05-14,3189.563864503893,34.01371585612978,1154.0741645374665,3396.0349129758565,3.1865547034777504,43.92116177048833,58.278571153066906,3.2118105221279274,1.958709720852204,5.841443289267714,4.908967168099112,12.62743819362405,1.5684846722474353,0.1546733029321424,0.9376403745643435
2021-05-17,3232.476141189078,34.7672576587593,1178.2628806776045,3419.394849594236,3.1657089435104546,43.25781812590897,58.15098756994681,3.19075879309782,1.9972075621626046,5.957482951402226,4.978140693499555,12.921864057967406,1.567255966210819,0.15482354236606582,0.9396646090022037
2021-05-18,3188.3433626052624,34.55375865146935,1174.3568226646137,3439.234335299801,3.1668201361121042,44.69524793008059,58.51851339985692,3.2101739632291784,2.0158568645231947,5.932091257582478,4.937704613679017,12.830527738277544,1.5848600347704869,0.15820984823256773,0.9455704733839224
2021-05-19,3185.0541223149316,34.466116416912584,1160.2716716428852,3388.845241001635,3.169156460251819,43.58761690016131,57.25207295679314,3.2307179740545084,2.0052661974021806,5.801972889030861,4.866327881511016,12.55689316726832,1.5752215379730008,0.15940705054874274,0.9386618213704272
2021-05-20,3209.0248916431824,34.55743298772455,1159.2166663708792,3396.5100670620845,3.205782438337345,42.1150779635082,56.43150636158181,3.1429660675004882,1.9773391349715703,5.8836620037172915,4.885050302408066,12.577284611766299,1.5724451238189607,0.16083692691571627,0.9400239898439717
2021-05-21,3197.3197968470363,34.214905669712465,1163.729303120483,3380.8930402948595,3.2235534126110164,42.6557054154931,55.27558898111552,3.107887074646154,1.9944037473474323,5.737175429197264,4.845977931421685,12.41206808470857,1.5717687595932062,0.15800182047332098,0.9361678178207594
2021-05-24,3186.0748464183525,33.988938396955014,1150.6200939916935,3376.225397798631,3.2220559826771193,42.50346749241232,55.89706901940406,3.1465593464991892,1.987204125917851,5.731777316390155,4.856792020882754,12.520217994411361,1.5530188310924253,0.15748887272987175,0.9214597888492427
2021-05-25,3150.949844756417,34.153264125427384,1132.6007497187572,3331.20444133452,3.2490232373050514,41.82689500397558,54.91113795931207,3.1408101860618567,1.969666744774233,5.732509602130369,4.848412948940818,12.662412499438352,1.574121710700643,0.1579141512325772,0.9270518783174293
2021-05-26,3138.742409031241,34.25547394119421,1139.617342287336,3346.921388483745,3.287027508686928,42.2437306062125,54.94008791630314,3.22514084585033,2.0080528145524674,5.736451687902839,4.84422637975094,12.715164045016644,1.6156002046059585,0.16190601676969152,0.947884268452221
2021-05-27,3162.4062224103413,34.38071951686931,1140.8758955724006,3392.130390541544,3.2581753692142743,42.474189192630966,55.97926071501918,3.251355624914109,2.0039852325916936,5.694029121373086,4.820107613809351,12.715012115537567,1.6409557111012507,0.16522508142986095,0.9589638835926663
2021-05-28,3197.885941245759,34.264177588152045,1154.3381582517218,3401.5343467760626,3.2350832541220256,42.37246051507916,55.80404721756194,3.2158833644410496,1.9653343813165962,5.705296385298414,4.82976210864492,12.750964653489524,1.6117694662695343,0.1633358411322807,0.9411596228552681
2021-05-31,3190.9517170857025,34.033916674142375,1150.6181310908062,3364.9302040137045,3.20558178333686,42.37880814646974,55.9216393141287,3.2264202985614596,2.0067151234258134,5.729973787710683,4.8533378365643065,12.774376109352485,1.6090460965463926,0.16396655763141404,0.9255835250878054
2021-06-01,3234.4996437663003,34.129385221214434,1154.268774602071,3372.876456886769,3.214358216722546,42.39186028977804,56.0623153076994,3.2316362340898834,2.022552644264925,5.712075521568236,4.85893457753899,12.95052758738406,1.6148089150869893,0.16432002752249716,0.9272137039786927
2021-06-02,3202.856297709055,33.98706511160174,1153.4602087731348,3395.811588056509,3.2241149735400154,41.383835223791706,54.44240430371708,3.1764295438805528,1.975007019487422,5.68178091667057,4.833424793176801,12.865333751042641,1.6115053158788009,0.1622964069206387,0.9107592245387062
2021-06-03,3211.709516206104,33.571051292738645,1147.6731235190132,3365.562520867189,3.220550245790974,41.685432783487755,53.33541667588886,3.1588612587955875,1.9754975900566836,5.611444373462306,4.790422773691828,12.846605098987352,1.6342070265161959,0.16277959014605092,0.9126007502631397
2021-06-04,3198.3866003336398,33.42958891532494,1156.8924533387014,3373.1452035532534,3.2357068360778873,41.751783297398994,53.30250810134258,3.095312471548788,1.9449639422345875,5.6713868646222085,4.769396060191224,12.889233656817826,1.6243050089813766,0.16108615281511046,0.9086418697904819
2021-06-07,3255.6110066323554,33.565834228026624,1155.310676183956,3401.774261118025,3.2620463951542598,42.24640954725923,53.572552422905076,3.150196535595672,1.936433331701421,5.705430866850162,4.728153559570857,12.719115644122569,1.6362891506764095,0.16166429910923302,0.9121762230437607
2021-06-08,3281.6549340353736,33.80573948085923,1151.5504514636536,3425.658705088991,3.3125371697642136,41.36153763239412,52.275786387124,3.1870866774446505,1.8920984336384392,5.730576262418137,4.7140251714996975,12.668054668529551,1.652399110256348,0.16179106485612335,0.9192815518310046
2021-06-09,3279.191631881693,33.95357018318319,1154.0615766921603,3457.2176634778966,3.332015066614582,41.30218450463773,51.94505564726903,3.157680099884406,1.9065675894043739,5.711684121751179,4.717279663289876,12.791311406085859,1.6453313453718046,0.1615172533981053,0.9121832575361427
2021-06-10,3262.672380463654,34.146849447461136,1153.25864219643,3440.6266557200597,3.3611778399138883,41.55793806052927,51.56625235259894,3.192474707932207,1.961988432113892,5.720701036037147,4.696487761666552,12.753888249110082,1.6178896225549024,0.15857518334483214,0.8921596150196444
2021-06-11,3257.454035308616,34.27812108516795,1150.5705953527768,3440.21269860761,3.382856468849436,41.98222427743573,52.23988413406919,3.226472958381652,1.9398547317230865,5.7197550763607925,4.664919446017111,12.684282464149657,1.6211182172188816,0.1594654711746035,0.8900907327575517
2021-06-14,3241.2414195216716,34.16000267107094,1148.133990340186,3437.4719952667597,3.37337184948722,42.693309067523096,52.676332880688264,3.236070083160829,1.9465704983105523,5.833698602348937,4.695872583270279,12.767819806756755,1.6302551540500625,0.1599282215762554,0.8901424955092676
2021-06-15,3238.093902104698,33.87250367298165,1157.6794804001713,3438.231492211772,3.3313845752684297,42.223649182394425,52.837365197955,3.1938712513807683,1.935972464801647,5.773647754393287,4.694622784691605,12.789629829851389,1.6342498924255744,0.16172664565607758,0.8968079571716696
2021-06-16,3278.872564343103,34.28119945779295,1170.2372818614929,3495.0689755144913,3.287979318944725,42.70967859833528,53.54403367176753,3.1666953525590746,1.9482039915175466,5.883002991336079,4.728867993224553,12.931733110370173,1.6455022227204636,0.16320677314409107,0.899533768844153
2021-06-17,3296.712788070584,34.73221682067628,1189.3599301140196,3529.8166052729803,3.3430289479154216,42.000403047540395,54.01876418125853,3.1340209245358053,1.9417968677793513,5.9104186807574575,4.7708668816111555,12.940067072842162,1.650589137875027,0.16269517121887084,0.9060023418025532
2021-06-18,3314.2386278128906,34.73794857634234,1188.5129516354002,3556.6074797486117,3.3037787900022924,41.219523012071306,52.46172737762176,3.092868770648587,1.9099421572615178,5.904671622618839,4.790459040513719,12.893612827512257,1.6511724305716884,0.1619609812809717,0.900933839249801
2021-06-21,3284.99758633272,34.25377472074057,1192.733783895211,3530.99121830081,3.248148040233793,41.20695616588625,52.6349280464373,3.080441136078474,1.8904561745822146,5.901593477971029,4.74091535243646,12.797796065231031,1.6579316388417795,0.16230433865452032,0.9052588590617416
2021-06-22,3293.938854486995,34.48571730912995,1192.7951809907272,3554.501598115875,3.228831070591735,40.81458129195751,53.55612975194683,3.1222145411980726,1.8824993215107306,5.940883918671384,4.803265497856204,12.860584793205227,1.6370190346585671,0.1600980271964792,0.888208094661096
2021-06-23,3307.552720655694,34.625827127653686,1207.1541721373787,3548.9136159180844,3.21153988335548,41.41665220530999,53.33706082549039,3.1743752705513795,1.8636306108393998,6.025571026717288,4.847797290663382,12.902411043317866,1.6516643993636897,0.16180263730440142,0.8894591842205573
2021-06-24,3267.3550637878902,34.422552722611755,1187.5373565275097,3500.6056324303454,3.19150890837444,41.706765345667,54.1110356123674,3.2217009096967377,1.9000562161279781,5.987506096610764,4.8434252085059075,12.730118449343944,1.6548568081854973,0.16283335132542767,0.8894443974331271
2021-06-25,3300.8749293061064,34.40398222440625,1189.7947693237768,3489.743196235441,3.1768810902274818,41.686331578807724,54.776301983075506,3.2654003459286964,1.9174755910507493,6.029783648296308,4.882088775229454,12.800848466102252,1.638375454336909,0.16200734118996377,0.8683634025962033
2021-06-28,3318.6134767414947,34.55594492443909,1196.905792468201,3544.8593542360595,3.1883459412467774,41.459046423186784,55.21539504999626,3.3177786499826603,1.9299732131257152,6.014381420438335,4.874143742141239,12.74349626311545,1.637063589611782,0.16126378473715555,0.8682726261600133
2021-06-29,3311.881259235814,34.56911808094726,1183.5041129848912,3526.4647559139526,3.210047309570733,40.671732306968735,53.11729842716885,3.2600991299584146,1.8943585019004439,6.037965938993571,4.895470651948359,12.770136285133352,1.6141690069778818,0.160601800610467,0.8575918742819263
2021-06-30,3356.632722609265,34.901786563866125,1202.2024064754444,3497.7634980458683,3.2496394669300295,40.1108078456738,52.95868364254218,3.234400758028798,1.8658273625529649,6.0226230962476155,4.945673487122894,12.710219402930978,1.6169305866383041,0.1616318742388412,0.8582700749667076
2021-07-01,3349.170993204187,35.22372295669702,1204.7246798884976,3476.583931403643,3.2711276472839153,39.96225608433045,52.34663859274957,3.255686033556512,1.877551475170406,5.994742280261744,4.999249275498447,12.79864240223169,1.6170299132319372,0.16068998176025015,0.8590864328109842
2021-07-02,3314.317042507421,35.0054636638081,1202.9276533281964,3521.315739185508,3.2565903242372065,39.562328888152244,51.053434854573496,3.201905861904233,1.8238625535580189,5.956359665675847,4.942942196597111,12.6801107230163,1.5996735828689763,0.1572893581592985,0.8506836446310191
2021-07-05,3272.819886119935,34.79517839264193,1193.3852228026064,3512.2211423047324,3.2108236688262872,38.77501724786235,50.42116113456802,3.148666179306303,1.7943823865790307,5.899735727917409,4.9053217653323165,12.654119242843656,1.608768618622307,0.15906391007670131,0.860905583315305
2021-07-06,3305.3174024363057,35.06885788825596,1202.1305500643525,3501.2533870905104,3.20604597635452,38.34966094691154,49.57590200878403,3.103540788550584,1.7911881909938414,5.904552589214074,4.909706681604414,12.754462202546982,1.5915450635889625,0.1582801649637967,0.8528055680718579
2021-07-07,3313.8431948573325,35.60187132165507,1219.4009663120698,3546.2573278989867,3.2250717818216943,38.103612002094,49.91611799567533,3.067547808029145,1.835992198702061,5.982178289098647,4.893565374135217,12.795426171191135,1.6070863985820676,0.1595228677303349,0.8673446664991599
2021-07-08,3315.2497777778153,35.434740320646654,1227.873403100675,3528.131342843273,3.2731883810573943,38.809503901926895,49.99617423795016,3.0338726205216666,1.8442488198167404,5.898528751963633,4.85783327011826,12.79340764610315,1.617663763367952,0.16148375343180443,0.8761317411437526
2021-07-09,3307.5748278806077,35.46179450973766,1217.6696827287235,3490.262004324267,3.259932396273199,39.29431388349929,51.137501701468324,3.0737611221627774,1.8462340740266436,5.837243302681939,4.893167030514236,12.728798002481392,1.6018375387809798,0.15859105782059119,0.864913084528744
2021-07-12,3316.600027996837,35.33022911681583,1214.43819515956,3436.23607999996,3.2973718098943734,39.66120624104106,51.1037230707029,3.087993634686846,1.895093732186286,5.872701372692971,4.933131899713772,12.748944992454348,1.5923816401286346,0.15860866794201658,0.8689193963113839
2021-07-13,3341.0490103162383,35.44837728879121,1211.4208050509153,3440.006071992489,3.306524315988407,38.98104989132436,51.05712928839409,3.131220195056138,1.8584119122963183,5.878567249395962,4.924142365879044,12.758674155009398,1.5675206259277297,0.1561739376348416,0.8606916351044034
2021-07-14,3350.1604396154316,35.300273333169855,1209.7932318429005,3405.3233391025406,3.2986588590288553,38.30895414070238,50.173167734632145,3.141425582872789,1.8181191706102326,5.823116628631564,4.879480568366437,12.691551025059175,1.540830836881375,0.15657303260789435,0.8499795435499302
2021-07-15,3322.209642554045,35.20405132178029,1196.9946526517556,3431.5480619747354,3.301907116793883,38.63734531971457,51.4873315383396,3.166000265809272,1.8622424876450467,5.7732350358448095,4.846364963852239,12.593050821136433,1.5501444065183425,0.1601100228522453,0.8609206206855099
2021-07-16,3314.817205010102,35.191254076790315,1202.2834406333754,3437.7410251656365,3.3076989560511207,38.69681811596568,51.69332343915511,3.199744600194508,1.88216861280876,5.66090405176637,4.802691095559484,12.457410888804036,1.5441121760069763,0.15912662230462798,0.8498885093407386
2021-07-19,3310.1545632274997,35.45329622690712,1207.2362185001825,3418.321641477354,3.286847432611339,38.72107022456094,53.183972178328276,3.2586583415328434,1.8623581254057213,5.713402752290035,4.865135489559369,12.491837264941132,1.5564583835800838,0.15980199226243008,0.8534907177657715
2021-07-20,3301.986403131575,35.435852618340874,1219.275541263491,3443.73940586575,3.219835322920378,37.86970195700112,53.5049549732289,3.256523807464493,1.8398727244589486,5.7387737180484795,4.8871476710645645,12.62484345319094,1.5653752043599445,0.16266078830493005,0.8598761815091931
2021-07-21,3282.371730778047,35.55205683555053,1217.3316382454498,3426.9079939569565,3.2237744040320564,37.79752096883835,53.436057975349314,3.251054990153658,1.8351152658297265,5.741324303819566,4.920804910225086,12.820365499830983,1.5544043163673265,0.16199440120191116,0.8573137836360338
2021-07-22,3293.570115852466,35.22701918593852,1213.2967981886432,3420.738338449588,3.235080059053927,37.87132802958325,54.471545421588395,3.2926649142335926,1.8100677192830148,5.751957359552526,4.912478579903174,12.942146855403216,1.5476238067375667,0.16164014359768314,0.8570071551484403
2021-07-23,3329.9510009738465,35.77271672593364,1224.8636895851873,3444.4686484873696,3.2177737159746154,38.59302845953126,53.96536398718927,3.3095903104266413,1.8076967382406675,5.848357017076967,4.882370597212971,12.992692316013832,1.541700353396585,0.16069993432249619,0.8511542821286664
2021-07-26,3323.502155381493,35.49691010015237,1225.5183204279504,3461.7787464268504,3.2527964794851774,39.93822206348202,54.71989909408402,3.2934398267852574,1.8443070863532538,5.866152092990594,4.877284028188169,12.841690007958364,1.5364373396904933,0.16062732154343784,0.8536064973221342
2021-07-27,3324.6222511630313,35.40265498791235,1229.1092675959803,3468.638929113637,3.252324137136553,39.8414027768497,53.72475192872341,3.304763346478449,1.814794743457001,5.843325067958654,4.882947046085989,12.845131668837832,1.5058561552278666,0.15801054507814713,0.839046858529766
2021-07-28,3331.2609619010154,35.94076887055605,1240.4339814772882,3493.6898926474787,3.2644117718052037,39.759758798787736,53.6304070313094,3.2305290899449304,1.7906927429187605,5.775224736787611,4.851605905497608,12.566938553058549,1.5080103684403325,0.15957590052625828,0.8367094923915106
2021-07-29,3345.4915448879083,35.93702880226439,1247.6908187805498,3449.863734617863,3.2288225823449306,39.84382725363436,53.29426971978942,3.2173785982800105,1.7539787063941186,5.811916105125056,4.8291416961242835,12.373682216376917,1.4912270062078432,0.15805381863983894,0.8374311105541095
2021-07-30,3369.2529736634806,35.831151060360284,1256.36730083516,3487.5330099226567,3.2429155344506846,40.02181282183719,53.233213468525776,3.2167469889663303,1.7719861386017688,5.846464820209688,4.836998562847819,12.347559305914563,1.4867417515388137,0.15746610572854805,0.8354782356466596
2021-08-02,3414.4670403914542,35.971911893854966,1251.3438943370998,3504.5425359988117,3.2846884526961464,39.6946210827845,53.391451879601185,3.1875904213891753,1.7901707759119856,5.82063479508603,4.874392198668337,12.417995024612077,1.511781331611858,0.15799335782184534,0.8419464229838607
2021-08-03,3380.323672036396,36.17459814397672,1252.586597016854,3441.142306939286,3.2579259322177703,39.7761822413207,54.01565448777986,3.212293934571749,1.7810052265143375,5.8166961842597615,4.862116555239252,12.337496800684416,1.5071186780219243,0.15761377710066318,0.8494405990749744
2021-08-04,3376.623800516688,36.50289965258323,1244.9581578743532,3437.1671746116444,3.2763781981499314,39.944428267752826,54.662612771321,3.1874414922583565,1.8060239055062763,5.8451392210034125,4.960608639565314,12.40049670657022,1.5013105283663797,0.15840878928839494,0.8519487228624915
2021-08-05,3352.7499161402116,36.209788170178456,1245.5759072830595,3409.895681907495,3.2811097980212023,40.201631596600635,54.383741548764625,3.226774490991631,1.8332949071569715,5.774040840236744,4.943927946482439,12.37566219636698,1.4897578863965295,0.15617699280680872,0.8410200572443931
2021-08-06,3368.194574242651,36.35708026714647,1248.8823947073774,3414.3217657590694,3.317560624194368,41.02363563813126,54.852359441881454,3.247874953314312,1.8607956827766827,5.795361949682196,4.923343951219803,12.267856295714301,1.4956776090305544,0.15617275382112228,0.8324254250478337
2021-08-09,3346.2653878385477,36.424565929073125,1235.8285945371465,3407.2138935708495,3.35649975337806,41.56689425464361,55.30998905489914,3.2563440895301135,1.8367838045191982,5.809767985036875,4.9236358323644565,12.228745712668804,1.5092912836877264,0.158569478266651,0.8339099660285989
2021-08-10,3332.6642624432875,36.57419699111584,1226.3814936023666,3408.1049410161568,3.3426305578286017,41.64609205039992,57.19447691357445,3.279936924563277,1.8942529991371435,5.8705847893991585,5.000922128221981,12.258317780620217,1.509385032044727,0.16029376173920262,0.841628193568973
2021-08-11,3386.342192570437,36.51858758050596,1226.44333181635,3417.269409129956,3.3491461197247245,41.81501407473685,58.43316636208191,3.3306805978268765,1.8905948945035993,5.927825565895953,5.031953110876707,12.201778812917397,1.5276051602232896,0.1594768054674233,0.8431432562062279
2021-08-12,3393.3713942306986,36.70294987374746,1211.3740647636653,3406.439295371148,3.2982208196486504,41.481050289400905,58.04332851940589,3.3270941245736654,1.8515741419399048,5.9453875110898355,5.018400852502636,12.26124278140933,1.4915329499581391,0.15706448708058166,0.832809673417554
2021-08-13,3391.187813549867,36.52174885695351,1216.773075051444,3427.6112887882005,3.291502718142872,41.258283673008386,58.673967896681006,3.38073796159515,1.8795232065977039,5.94514522180813,5.061573230351331,12.199109753563315,1.4874764658219959,0.15659234171340608,0.8406794381208677
2021-08-16,3431.46420705177,36.58954719629731,1235.0536473828422,3472.692058350257,3.306229967041732,40.83513004038211,59.13048449233922,3.4213233379837606,1.8658635122454672,5.868944222188237,5.07384823412623,12.176641497948854,1.479714257033524,0.15524071722717156,0.8356913129026758
2021-08-17,3362.5679191824483,36.17245235330294,1215.055625447104,3471.1840196379044,3.2996823306378844,40.36523905626108,59.79902612677636,3.384663395964738,1.8489702025394579,5.900021117694232,5.094157698618725,12.187945438639304,1.5004005654060228,0.1555908176179692,0.842013100345531
2021-08-18,3352.316276515543,35.44349124068168,1203.9867092035,3479.8499757957134,3.3052910735994296,39.855725793169086,60.219300521529945,3.381674750109701,1.8752826488284753,5.9903270799420545,5.1042835862069635,12.31907758549023,1.488902453782091,0.15445350274543243,0.8347681946355501
2021-08-19,3356.55158606972,35.90614864837136,1204.5987851751288,3509.7389429431423,3.3201128085325315,38.94912461988373,59.031563363593676,3.270172479040713,1.8669992633683845,6.064176919810338,5.110617332943395,12.319048246997427,1.487490704148903,0.15418487015420518,0.8257022400708506
2021-08-20,3344.374587218566,35.665899042566,1199.1607268781547,3492.5592020036556,3.3081691625298584,38.72259207050271,59.627359116230224,3.288337575679978,1.8843228174565116,6.038943708606973,5.104879135345,12.254729199149892,1.5040515495795015,0.15622064966059362,0.8296592927048502
2021-08-23,3325.3527746184627,35.27307703720065,1193.9821418700137,3460.0011285290857,3.284226328351276,38.75259310669587,60.23808322815318,3.290027852647682,1.8889395317782252,6.007241387994906,5.068757456269463,12.241239294142588,1.4928838695893805,0.15531442762098746,0.822472718432938
2021-08-24,3297.2008019402297,35.21753857375763,1180.887955401463,3470.8393970966636,3.298626904267853,39.09564194424833,60.37697579487562,3.29761069222792,1.9194536272812084,6.01088328343431,5.133597333675616,12.358791989617602,1.497843992855025,0.15609921471340835,0.8072645210159841
2021-08-25,3253.748290725034,34.66609339174219,1166.460869238867,3454.853972248047,3.377239563113402,39.88092919305877,62.109050223003514,3.406089046702934,1.9562975411995007,6.0829160094917425,5.203594146975329,12.521877657957582,1.5073043895588678,0.15712037783402816,0.8149612892527098
2021-08-26,3262.546430231798,34.92264136411962,1178.0628797146471,3491.564675065307,3.428315497911064,39.701761337426504,63.124111342910815,3.4275779254521126,1.9744475857198087,6.206901662075838,5.353225638881909,12.658757021533928,1.506837062881587,0.1566840022290366,0.812701261054144
2021-08-27,3274.477125941924,35.2105766196128,1182.1937362369156,3531.935891720432,3.405737274689796,39.164490602630465,61.7252433366804,3.366832847129009,1.9570511278188112,6.2792160888843735,5.401349779601502,12.968402359119585,1.5016662979465352,0.157826247043802,0.8095364918455317
2021-08-30,3257.9744446366667,35.03331928607881,1160.8715097606655,3474.8520791437854,3.4249305465818045,38.272546742861934,61.26249495145373,3.3644217174371533,1.9619605914612925,6.318885209129558,5.427787261462623,13.04567163955739,1.4976572889194908,0.15787463945082078,0.81217586826399
2021-08-31,3244.0216572626064,35.25286701000259,1142.7983234869769,3431.579691913586,3.3950147035147555,37.60765146195301,59.72108943090237,3.321420676441872,1.9192469886268402,6.293460026134333,5.4126892408113445,12.93767329898082,1.4922062991858642,0.1553390693449437,0.8047783030151148
2021-09-01,3291.473377948399,35.31904948023448,1140.30847495675,3447.874952034462,3.424838854442553,37.64949089418286,60.68597583168536,3.3483578506405225,1.9268164021495968,6.302837963831298,5.341969015084078,13.142983399294447,1.5063984229490555,0.15742184275474252,0.8234655386012257
2021-09-02,3374.4896101197664,35.367985042922,1148.6265433857773,3480.0269729245238,3.3951994915846355,37.66294472078285,62.40501928066925,3.3402732182351174,1.9210393819779696,6.326060150501203,5.346989156248049,13.180011112434883,1.4937311074249338,0.15823024450419443,0.8215920171374191
2021-09-03,3309.3797353899263,35.20066370249605,1146.830088883721,3453.722770953585,3.4097774202109012,38.248942974122436,62.54897244080748,3.2984207512266615,1.894841928680438,6.351410417505086,5.3287083189903255,13.144773501345833,1.485685957299181,0.1585981380142798,0.8159556481337138
2021-09-06,3346.5198889560443,35.02926572509028,1150.9685878111347,3456.77721832224,3.3767714445386994,38.63006417301143,62.946019256870706,3.3470678533807785,1.878272853509691,6.163904580946312,5.298395237305036,12.999960862348498,1.4666241758426228,0.1550251884877631,0.8066247103878318
2021-09-07,3351.869424881531,34.90184418994025,1152.5112935688203,3414.8696620817764,3.415535981708353,37.982238933804204,61.87157891553405,3.264972464383351,1.8745354807466799,6.166012330412459,5.294651995472669,12.905219725952593,1.470126324952542,0.15300821330288977,0.7919950874800613
2021-09-08,3312.0065757477273,34.02682375291319,1132.3880224445222,3379.416597993009,3.423132866384429,36.76189447212563,59.834031861625824,3.189979938161558,1.8572697508086964,6.213940173343783,5.310892220781198,13.001260818041727,1.4742935821274759,0.1529219818787372,0.7910011045465435
2021-09-09,3346.7226743267074,34.292644014018535,1150.37429295,3418.528169732804,3.4497995649388065,37.1824533926109,60.61314523200801,3.162350802227741,1.868870882399912,6.359214066256502,5.355766045736067,13.256703344014243,1.49518324866404,0.15623155611426365,0.8089569343567933
2021-09-10,3356.0842293148644,34.32406568519581,1157.6069984402607,3418.7870949658072,3.4243479392322227,37.55052532431115,62.23482267079668,3.228147955137903,1.8980809691073761,6.38527917036528,5.443457759678442,13.256313183789684,1.501541540890647,0.15687671925425314,0.8252528843079104
2021-09-13,3375.6134234364063,33.996856407359324,1165.2831259042023,3420.8955172794194,3.4827713832570817,38.02624576662352,62.75990070562753,3.2809701905575857,1.9128186700414895,6.3833813525263405,5.41879360835378,13.386394514873098,1.5061157411366257,0.1556629589220334,0.8325331410797725
2021-09-14,3405.417571162331,34.40502321340528,1164.3011153815762,3410.350954293232,3.4942895164016448,37.88240552979985,62.45014741679944,3.2467144870707396,1.9105665614637368,6.319763925216427,5.392379698068277,13.325614822906703,1.48160172115871,0.1544369721581318,0.8257786715868016
2021-09-15,3371.5604578327666,34.003057256660625,1161.7182432097522,3423.4697576645117,3.5043113579773784,38.373800736352585,63.00190329396267,3.2621741247367355,1.9186565668979838,6.305971392163365,5.376727328009621,13.24455667498816,1.4840997192767156,0.15311701253593185,0.8114923869311466
2021-09-16,3380.876571499495,34.198973341845914,1178.077802378429,3456.987880222947,3.473514122811886,38.49481189819741,63.656201891466125,3.2777494963378637,1.9789273204844593,6.26686395692223,5.354888618408642,13.210426244060965,1.4926564590467235,0.15283077410708243,0.806784802311843
2021-09-17,3401.870581368537,34.660386028199795,1183.762478959228,3491.179401343271,3.4802218402890905,39.22381936881055,65.46651592369695,3.2745768212197905,1.9642940650656804,6.224836061743456,5.3392207365965385,13.093850888487063,1.4588450330854765,0.15123729198171101,0.7917743473794633
2021-09-20,3383.111803766174,34.68447935498078,1182.076410582328,3482.654519452415,3.485895494654553,40.389500736173304,67.2422495205759,3.3461370729507083,2.004720877309171,6.306640560313989,5.331251838583837,13.370363114291568,1.45043555300154,0.1504957287893889,0.7803717146341942
2021-09-21,3367.2012933720307,35.21459016474474,1181.5324640825313,3533.501997999728,3.4399841988720645,40.55091982116991,68.06263235626396,3.3694748366426275,2.0249854756365635,6.427414916167599,5.409195190768718,13.496022260082214,1.4598672374326003,0.15190574840389523,0.7921227880995295
2021-09-22,3341.0607426029646,35.00956822804366,1174.2051783710488,3544.1712427962334,3.42803541105061,40.379769212090125,67.99842596468457,3.3454297140938523,2.0213442310101764,6.439820070316562,5.456598637454256,13.522242163695047,1.4547734096549365,0.14979137074143742,0.7843232329629346
2021-09-23,3389.0413995342155,35.35143972270659,1180.2773601475471,3573.2682334113933,3.4246981305229176,39.63429048674117,66.3339532900253,3.2862562044057335,1.986787672355463,6.423893484506906,5.510321442044575,13.577016661970424,1.4460913812436331,0.1514802246592353,0.7772995630671612
2021-09-24,3374.224726097077,35.123064889519476,1164.9630618671085,3541.6686394466014,3.3662669122179762,39.752145195953226,66.75797730254499,3.3517730976588656,2.0066610527182647,6.480555886121918,5.524064060554135,13.677823985553855,1.4603699674952644,0.15078795658084562,0.782637200673088
2021-09-27,3346.4664789780572,35.00515601822793,1153.3296768883495,3521.93875398028,3.382504963608548,39.03366251661125,66.92651157681203,3.3080369505463274,1.9679585375541662,6.599150143865803,5.488836830978646,13.690788169529993,1.45815092836196,0.15301406001546033,0.7977525393141632
2021-09-28,3330.3118908350593,34.451387182321795,1152.8891935911888,3523.7047330973187,3.3682908370074465,38.844395245536965,65.44829599507833,3.315186451778591,1.917305953665217,6.718303541446932,5.511353618626892,13.770120394193908,1.4706893445354952,0.1551288414544995,0.7980035337700592
2021-09-29,3312.4046719951402,34.54815316252028,1159.4555849319424,3511.765635455716,3.3537888030107026,38.22896962628206,66.1452598580324,3.309065196132491,1.923747069760899,6.634168803625514,5.53767884770975,13.756757649940626,1.470976576709215,0.1527609563211159,0.7937411787786586
2021-09-30,3279.1473096286313,34.196499886029585,1145.993553422449,3479.654453884557,3.328426355722108,38.2771673837748,66.63825990056391,3.316842513571508,1.963020865781589,6.654778063814998,5.5543914254440825,13.829180370835644,1.4718473682447413,0.15355274975859215,0.793077481707913
2021-10-01,3249.538432458156,34.11268713808031,1149.4255850436646,3497.8498346544966,3.3289378500771134,37.836359667150205,66.30607038722054,3.3003589023641626,1.936608735172435,6.6455431807939345,5.5686226100201175,13.800005861277711,1.4570394146830392,0.14941731302776304,0.7819009448296388
2021-10-04,3254.577809431717,34.084086924327565,1134.1607036448754,3489.3711218484827,3.308374634380096,37.77585931885323,67.77695532068604,3.3592368620472244,1.964561060832653,6.554012407652705,5.538938460704963,13.684709765496658,1.4392285991342892,0.14905284912448596,0.769295521320245
2021-10-05,3217.042757585754,33.7928217788009,1126.9922588463094,3454.8158109892443,3.3085663328508255,36.589617531959,66.11771494972915,3.2972171226060585,1.8868602809117765,6.521751619558362,5.56979463460847,13.662041355577252,1.4590268277199452,0.14906203437335075,0.769870697220261
2021-10-06,3213.5154253794117,33.97725980924297,1131.6602294305264,3474.189647110542,3.2951239212363914,36.901459661356235,65.28319270988382,3.2810565922006116,1.8733498187604791,6.46394972135028,5.484301740431145,13.498585228619975,1.453998161884996,0.14980068298934215,0.7707005788162757
2021-10-07,3237.276006389065,34.62189293099546,1145.3719222655604,3499.0124860025035,3.2764711942492637,36.288218126644885,66.05573674565987,3.3110881830917815,1.8704183166480757,6.503828928663259,5.499842154122856,13.57670626318009,1.465585712066499,0.15092155698428916,0.7821337700914346
2021-10-08,3216.6489342257264,34.51388126669987,1124.5829593366295,3517.5395799139806,3.2891811524817123,36.507176123730915,66.8085726181138,3.295796515626168,1.8628057124642627,6.542260542553295,5.509061128110724,13.645778752121535,1.4830861348552713,0.150812042599113,0.7867044271059728
2021-10-11,3248.114876113112,34.40353418890236,1133.0746414510932,3512.808712577646,3.280295118116157,36.854923146048314,67.32236467016439,3.3502333752339255,1.8615523244581615,6.5120137969638385,5.5227045149916,13.71651786529605,1.4928804470853043,0.15050447621839066,0.7917534388374267
2021-10-12,3230.689431533058,34.4951845504902,1115.776364425052,3508.0136671542186,3.2749898217346622,37.73469650513071,67.99905524275377,3.282619553624609,1.8840681350817898,6.491374791244702,5.5150080418266265,13.592204197522783,1.4703570531648558,0.15018421705149015,0.7812855869629167
2021-10-13,3214.4023848423703,34.100530594258096,1115.4884684824979,3489.6077285184224,3.314326019363305,37.80940217689262,67.96053054227153,3.307280689352932,1.9001140265886718,6.47295075687755,5.5867088592440295,13.512646664747802,1.4585023441316236,0.14932457599197727,0.7675572931393453
2021-10-14,3223.1890488651507,34.1067994919837,1108.6406533259344,3497.5853999407564,3.344871452709583,38.22652960500311,69.38628504318832,3.3719467784939385,1.9289824977201195,6.489271585284566,5.613691984249093,13.498984978571759,1.4717877140781028,0.15009210637856382,0.7736936629900895
2021-10-15,3259.988093995054,34.50038781714599,1106.810886057803,3508.5521369182297,3.39459376029244,38.14870735365032,68.9608503086009,3.344616770489736,1.898560970390683,6.471570785137024,5.608760349241655,13.511586532912547,1.4907898835878712,0.1533224500249448,0.7889394234674515
2021-10-18,3268.9929986487605,34.23821520030293,1112.1132608315113,3488.722739002462,3.3222788490846824,38.2809478203623,68.52180525313315,3.2832063337004898,1.8723366649576136,6.396279850667236,5.576949254228977,13.39308214907299,1.482798571388358,0.15437725399230048,0.7942400847938166
2021-10-19,3237.9982123964423,34.20020894570162,1111.9370576749666,3513.6322537360984,3.2826514226446806,37.85370555282123,67.61014425343267,3.2889437889452986,1.8437546455180789,6.3862373337808815,5.488576373036517,13.331123977374174,1.4723292488773505,0.15429076668756408,0.7914765693535282
2021-10-20,3224.7350991170533,34.09953281022425,1090.4957507621853,3497.670170505916,3.2505559939586437,38.589622513730845,67.95355547940933,3.3494218180810793,1.879776104724069,6.402421934631018,5.4430752840503045,13.482561266126366,1.45735265093528,0.15142677979614622,0.7864491662918875
2021-10-21,3247.6536714947233,34.43149005007816,1110.4865497934754,3505.5459569141785,3.237395110760381,39.30798844968929,69.21451199391824,3.3943428145867394,1.9088726228204729,6.498382616616537,5.460576373505441,13.634743379930429,1.467687928263421,0.15200828354188273,0.7971392226376541
2021-10-22,3238.699426413728,34.21956040852627,1097.8089905121453,3485.46341578987,3.2508592327967882,38.51573618673474,68.50368984120614,3.3566712562071,1.8853918942450787,6.446469375556767,5.458222701404819,13.628923867874592,1.4649533540055042,0.1517950641512709,0.7983246072118642
2021-10-25,3241.654794441803,34.479527133821136,1084.5728632043717,3491.0082478064014,3.2484780020074733,38.64469529587683,68.04082519685514,3.3655637784738968,1.8742680156137874,6.391860851752709,5.380178035747344,13.435665507046767,1.4600471070442136,0.15164857353604702,0.794849339928366
2021-10-26,3241.1193847611717,34.1951266348339,1098.2133742118378,3494.4249803765165,3.279781577982642,39.139176053741565,69.44155771579666,3.3938971279930144,1.9049882454488853,6.458738519608328,5.462317357041273,13.519538322698782,1.4642005295728575,0.1510622797962826,0.7993033184965939
2021-10-27,3252.1538901102786,34.37001903480617,1092.7966690867904,3510.465671839516,3.311282293795993,40.34465063988158,71.71249025334822,3.4278388316080903,1.9205414368151958,6.474428459516023,5.496339597305731,13.218328714517652,1.4658293963111628,0.1515506104294143,0.7929781045313217
2021-10-28,3248.2195395340746,34.37270846374278,1077.761793936243,3486.850993601427,3.323737359866108,40.76614820585664,72.30914356670125,3.4636743762765487,1.9255297156160986,6.4574249549507154,5.5357221806099295,13.288052991434146,1.4480535194003696,0.14924876945267287,0.7954853015538751
2021-10-29,3202.46444419285,33.975864546621764,1065.795520863189,3491.5830661017717,3.336593299580756,40.2303038013659,71.43582559747814,3.4008360093540646,1.8845939781493302,6.449369242831278,5.581115526873273,13.364945312512422,1.4613391983458066,0.1515844185513714,0.8091017622983437
2021-11-01,3168.7135442728236,33.28349862331724,1052.0647760624324,3470.2192413400508,3.301586058336485,39.26094765962614,70.52826419417583,3.339173769827829,1.8960479491626974,6.490588478724275,5.580336066571785,13.43206062116484,1.447732217628404,0.1501889037692709,0.7955023650788576
2021-11-02,3149.0074828266447,32.88186701196186,1042.2278525967051,3425.182822389162,3.3210354697896154,38.83865096547883,69.83306291310923,3.3192142969203653,1.889992136739833,6.436214288685132,5.606549697025507,13.560726403056641,1.456804281214714,0.15273819506979433,0.7954110558071112
2021-11-03,3121.8911002947852,32.72875065989826,1041.7686453464057,3396.537440453166,3.2783354744801194,38.24596502188899,69.59407047611431,3.2884139137930704,1.8650855282709449,6.51394356173441,5.718912446619188,13.725057309641397,1.4543739234100808,0.15168088907094934,0.7932484947005972
2021-11-04,3121.9988166626053,32.54930222667779,1041.8206324264481,3366.135438306908,3.2526704447126225,38.0830948526749,67.06015845305143,3.2614542587645725,1.8178623577856532,6.492375556394883,5.610228257357611,13.537087235473999,1.4463792056031424,0.15242984101167137,0.79355917260952
2021-11-05,3133.163210312287,33.02623044771504,1061.5305708938033,3375.2570370006697,3.218558271061422,37.87481447469182,65.66499405476509,3.220812061332938,1.7755509016238895,6.420394816670567,5.554392697519393,13.477868817678958,1.4564406247466832,0.15717320214205158,0.792702567172378
2021-11-08,3090.6449058832886,32.48070487537766,1053.848082844721,3338.4571988809143,3.2492052055103278,37.978671929806666,65.70270460167808,3.1993210731456334,1.7559868747911382,6.370763528417813,5.496189678266693,13.31798701889782,1.4608320418942948,0.15701456948940595,0.7827500376106533
2021-11-09,3106.462166163556,32.23890089495977,1043.3693743379513,3351.21838572703,3.2227437753079666,37.452351613720154,64.85327740311561,3.193126761272704,1.7627576848027113,6.4544797876080935,5.533825387764647,13.386861417091097,1.4691058107531947,0.15738577501772116,0.7854304208462295
2021-11-10,3095.4828658696624,31.790977638397372,1042.2799793694926,3343.0173159388714,3.189859514245148,37.05318917971192,62.5678578327938,3.102825119760244,1.7591161070480807,6.432496279210126,5.498747771574959,13.4436034820921,1.4647679826057962,0.15656187928908272,0.7860850971660617
2021-11-11,3118.292480400875,32.34334696208368,1056.9987559178285,3415.4894367988563,3.1498840060865048,37.06018048768786,63.830113463485745,3.153938663569059,1.7875980033502403,6.448696404281696,5.518896936421739,13.486435516452849,1.4787764698805796,0.15732827270882502,0.7881395765229533
2021-11-12,3118.1829548287583,32.37294504865263,1051.4313523376018,3390.4348916100867,3.1157664913276353,37.63270458378983,66.38261378661262,3.258197061694537,1.8108290929244162,6.436119110745231,5.521244060513728,13.724373624497094,1.5113654451074314,0.16011537766071526,0.8040084300049672
2021-11-15,3154.2738968099643,32.77318014947412,1059.1811058195246,3385.8781207948177,3.125810566513271,37.28653212825902,65.8483306871442,3.3464603260357912,1.795807354366726,6.5938409312509805,5.575416846462696,13.811129674585057,1.5174941901092642,0.1620647335917973,0.8188721373638936
2021-11-16,3121.4482818092615,32.4804047082214,1053.8583933593302,3351.7678191489554,3.1359892799651017,37.36814662935278,65.14092412352302,3.2759675440984064,1.7708656529831936,6.562466080524054,5.597435615762348,13.886868170117076,1.5056129192946055,0.16197686604194725,0.8150254754047648
2021-11-17,3092.0326365368146,32.254290844389494,1048.3573880523854,3354.3003959935627,3.116809951642814,36.31875669328389,64.1317520708397,3.2704847428103223,1.7268338525783087,6.446581159015761,5.50983574464742,13.57263125174984,1.4853002494724963,0.16041635102301235,0.8046023747679809
2021-11-18,3086.0352079566683,32.407227839087525,1053.7452922094274,3349.3488570827017,3.1533054424698395,36.311678661188736,63.352987339877835,3.2494584707311485,1.7108799112717872,6.39616424557,5.5163100207992235,13.487150522573957,1.5003793843810183,0.1611425191452182,0.8047662259829562
2021-11-19,3042.878977947349,32.310302825859935,1048.529727307724,3311.662877896733,3.1503349461249863,36.446719572159374,63.62261922559461,3.2711797962256712,1.7142547007564166,6.482144282088635,5.544500536266607,13.699159382316312,1.539066070696688,0.1633108764659717,0.8233556612698705
2021-11-22,3032.897039932578,32.26116755751018,1039.908377396295,3316.9503663758383,3.116809111013602,36.166244418039085,63.368659734322456,3.1748817194350862,1.6865724393541042,6.472962828182212,5.569061343836226,13.6374542311026,1.5477905979105175,0.16227547999854902,0.8262051272533936
2021-11-23,3022.70212080158,32.42936459364269,1036.6195091767252,3326.3043856486547,3.134373344911327,36.98109975052337,64.70369721905011,3.2411467831093774,1.750177257353679,6.403931402573888,5.527477905066221,13.478022010472063,1.543797120474661,0.16248730993041138,0.8281776890845627
2021-11-24,3020.3918275978235,32.427383892074054,1033.0088951516009,3340.3298266825414,3.1550860340447975,37.345331474657854,64.50829963668673,3.2602744071652547,1.7758825356100194,6.47677952793558,5.608915420787205,13.600773248060902,1.5411983754393648,0.16422439318993476,0.827067816233
2021-11-25,2942.2809050728583,32.193757214182284,1017.5675247962403,3270.7279954148094,3.1028629403336865,36.554852840770884,64.07969312622501,3.2474992489625287,1.7551618484169045,6.3512785139859655,5.44097979966645,13.366021233739186,1.5093449455375745,0.16033294132787065,0.8155425585169582
2021-11-26,2944.464582022195,32.18589097791918,1018.3265532874481,3274.632125462677,3.1147875348981358,37.39363285429895,65.93547844104643,3.3330300191392848,1.8023046165578118,6.407901326887323,5.450833277402925,13.322502499396766,1.4994117157935412,0.16266609169923452,0.812063558615555
2021-11-29,2927.5999977083584,32.09337954736818,1012.0876848958941,3269.1161940048787,3.1121952609134786,38.0664513570473,66.6232874237706,3.401303517215365,1.810247782209484,6.32186661121642,5.376418598277321,13.152750428487073,1.4850736137971396,0.16023283028862945,0.8115438114802888
2021-11-30,2948.0996931963787,32.8291791250687,1029.5598698004765,3304.448842796031,3.0997254800833267,37.52498592058958,67.88631202812105,3.424739171439211,1.8066263989864637,6.3293728812327075,5.4785569922926225,13.249867448713449,1.4753804614640251,0.15966106312903727,0.8084228721233232
2021-12-01,2974.1798236661093,32.56961575597887,1018.7516522108614,3330.694005459599,3.096460791377643,37.40250242714756,67.39263073475921,3.4742620551650414,1.7913141877892798,6.418314176213112,5.571602266793631,13.427226725698176,1.4816650029588103,0.15807481618417563,0.80658471917008
2021-12-02,3009.200452164892,33.1184696996342,1023.1668416369218,3379.401511491295,3.153563326569848,38.34758981997713,69.09533354204318,3.5263067056093584,1.8498570581980391,6.435727836219476,5.628313831366097,13.454737575926753,1.5042451524394314,0.1575941195539999,0.8127576944699506
2021-12-03,3009.0238364463785,32.79390101690584,1016.0915432019966,3361.645152584851,3.1829524795715862,38.93030410247021,68.52358047893227,3.5052280294224154,1.8468757678072125,6.435301596270275,5.586261515118339,13.537582951835505,1.524601915358587,0.15930179412163517,0.8188826529657297
2021-12-06,2957.033753325649,32.37540279179386,993.402843728041,3288.8318662598863,3.160423271817643,37.42939133972445,66.44023969144405,3.405150865507496,1.8103441412021206,6.466933006744405,5.622337698844656,13.642740337529698,1.5478868970844033,0.1610032070477598,0.8194620148618842
2021-12-07,2941.280028236269,31.646783764690035,985.897126719338,3215.8874290735494,3.1115445015801884,37.925302855809555,66.49988296318021,3.4619826005002348,1.8111606697349558,6.4717824599274785,5.607571876063001,13.677520567851282,1.537241147344195,0.1585523893770501,0.816695402177365
2021-12-08,2920.039512890544,31.620435074010523,983.0525616590318,3189.4844565771464,3.0765871791675203,38.258334048074396,66.51373512657482,3.4883028598126153,1.7960325440581832,6.375248995029635,5.500135363756535,13.487488869532266,1.562550794392757,0.16019138295490937,0.8267230079206499
2021-12-09,2931.794176143966,31.36521814824288,982.903078459011,3188.8372949191116,3.0643004838373766,38.615794078684694,66.33641847398101,3.45828934116883,1.8047491336285635,6.287106365755879,5.489875589251166,13.321960354347267,1.5466906190049554,0.1573004946750854,0.813546647572257
2021-12-10,2962.841346305726,31.60768137923194,991.2219917324269,3218.936606202398,3.114394130495592,40.30976437665981,68.17489099433911,3.5202489140776727,1.8769209489760093,6.306368532119498,5.549579070533411,13.40009628149858,1.5824545429024048,0.1614991498123479,0.8285553074321633
2021-12-13,2918.6736327410154,31.274328213520178,986.8798328722119,3174.904922913882,3.1041257501341337,39.864104477304174,67.65054027663204,3.4339413437727355,1.8590275895915565,6.233963247052281,5.4766615852745275,13.26874852906757,1.5439117715517936,0.15791594514285925,0.8164461494873887
2021-12-14,2901.866901686495,31.206182537388173,973.5274277411391,3155.124869231619,3.1559981961527006,40.70612436450088,68.68079325111366,3.444405965079024,1.9006427713483287,6.174600300727132,5.479453923237158,13.188745122927845,1.5427868393047532,0.15777594744788362,0.8113598891550302
2021-12-15,2883.0276939608357,31.2113793959307,960.6144265693388,3115.662182175813,3.2122104063839614,41.36228307805667,69.34722769287434,3.4908856439993685,1.9380884558586873,6.223519654595949,5.595494287104622,13.531864546679607,1.5394325155033575,0.160079609603736,0.8184779650748139
2021-12-16,2908.840428148042,31.444789424868084,970.5749712746294,3163.4566678107026,3.205825328710169,40.69811749515807,67.1022688427988,3.454126279736332,1.937521051009465,6.144756597062207,5.573919798281232,13.490232765609239,1.534155807159887,0.15821519205755866,0.818196635299565
2021-12-17,2921.3274290268555,31.662365061650217,980.8246454556232,3214.9548178209075,3.2857084844118396,41.57023150716785,68.21867353759765,3.495414609246976,1.935658736805335,6.185079652867672,5.620865500183735,13.616819604939288,1.5833958818604235,0.16475054512817433,0.8552899196288959
2021-12-20,2911.229114447701,31.781232285429635,978.3757630913125,3227.6326422324696,3.309076839302525,40.24570483519346,65.3424785025667,3.3404479263946394,1.8618069064868672,6.165195442578853,5.59231903292405,13.48759694288397,1.5829630343489873,0.1634763596161694,0.849954469294153
2021-12-21,2854.587281151932,31.413165390100204,969.2120166685611,3196.5327316622975,3.301277251421055,40.37202994122327,65.80834904950125,3.395917256849467,1.8770325316358165,6.11834182233816,5.545461092004192,13.56965768346486,1.6159518519709921,0.1671726646331382,0.8730389340555688
2021-12-22,2858.410113595527,31.53624674446219,965.8365535463932,3187.215628979125,3.3442368589607745,40.46507802594584,67.06838709847618,3.428079571549175,1.897609135668433,6.123366616105552,5.581874420793865,13.685623626428626,1.5730814441570855,0.16169131989527516,0.847513565287077
2021-12-23,2839.9361902401242,31.6902283629952,956.2964108754572,3199.7180983569597,3.2687804324012006,41.74083068682628,67.47199024536,3.526186665646361,1.909059548420608,6.110594471278532,5.585608132224375,13.761557767867297,1.5430966386813625,0.1573135942231712,0.8249275042215447
2021-12-24,2847.661775704943,31.573198776945063,955.697592326228,3184.6281656031947,3.2942552514065655,41.179164447511106,65.8342246254024,3.4316813475373547,1.8897388194236635,6.012025734909533,5.514091160472432,13.646801975137162,1.5327286143914813,0.15637504935828694,0.8188928648913336
2021-12-27,2864.142444327913,31.553877735652378,952.9626159777594,3174.6764080196676,3.3186218324610888,41.543210895875546,64.89773363820314,3.4421785520274266,1.8832301409178076,5.998160630723039,5.528081429074133,13.526539443456498,1.493290330203977,0.1567377438928545,0.8175728471993509
2021-12-28,2867.590713511412,31.42070164717071,945.7270413921709,3161.527843940127,3.361783202030123,41.28288108718329,63.10780548240133,3.428576931350568,1.8760723245859114,5.9858331087913275,5.538205747749185,13.505382712650817,1.4932577448675075,0.15562593116531642,0.8126417567523686
2021-12-29,2825.230097999252,31.440851272538033,953.900800929343,3130.6806243380975,3.3471549360163118,40.899080342196264,62.195566759003164,3.3667739126017153,1.8642056904151147,6.030811387385606,5.587428992369322,13.448891798190468,1.4730293256412093,0.1544017918549773,0.8062403545854342
2021-12-30,2826.6320562023648,31.877485995411,952.3649177653117,3132.9233422054817,3.323672642970236,41.56089417007434,61.79808858347131,3.4491661745603572,1.8900250036081596,6.105835070352196,5.585154793354019,13.560383074364047,1.4799983446111336,0.1546200692257564,0.8022723016725368
2021-12-31,2826.7497407177425,31.923961976330204,941.1488811182267,3096.9106348337036,3.339898473820659,41.84074535629025,61.182342169114214,3.445739086785412,1.9023117496631052,6.083078836641009,5.620035906878306,13.49981874551373,1.4698498145237353,0.15341142684962886,0.7954340319567967
2022-01-03,2880.57486625019,32.36471487726992,964.2618100675763,3151.9689740466224,3.351276930551837,43.44258449663891,63.54334504735373,3.6301245398161406,2.000090380267677,6.154679502595646,5.697041008190642,13.728968428982318,1.4790384107031402,0.15622833297729188,0.7939068365194575
2022-01-04,2865.4937678487363,32.13100350862089,955.4039420536137,3124.131183935256,3.3769899441753015,44.54801904197021,64.85851426151861,3.7214708611959164,2.066506233770446,6.283051403975188,5.723906830579281,14.05412670449538,1.482907907011325,0.15723871175123885,0.7938934247569298
2022-01-05,2890.6049426518452,32.19802731509013,948.6433510498799,3083.560145024501,3.415929418888262,45.260452649166815,66.18738020234038,3.7596420254047227,2.1014704609314703,6.481762597877722,5.851039472794717,14.486149726249481,1.5013601185491008,0.15860596392342322,0.808002812058456
2022-01-06,2891.4563151998996,32.40332997991375,957.8059948257041,3096.9620666346045,3.4048510358367214,44.12639216588708,62.94177325437175,3.675643767322766,2.0359866235010116,6.453869330297511,5.822492099486797,14.537018167473848,1.5280653755979308,0.15977871025258972,0.8148902907689584
2022-01-07,2884.7301964891026,31.9720795444779,937.7549667045272,3043.5060339508977,3.3704944022811647,45.37697275457576,65.04699739532559,3.736309520176044,2.086933807442836,6.314901969858116,5.71237492353507,14.270860151570464,1.5304681717573954,0.15809696999239756,0.8075340005218681
2022-01-10,2884.4433191971993,32.19773362654185,942.7334841674866,3046.727331706206,3.392750106872518,46.330596920212216,66.64338238867037,3.6803743112526455,2.099796380660464,6.336874860481683,5.648802959181579,14.263374288765037,1.5031969689258526,0.1545955420898443,0.8032898617506792
2022-01-11,2920.659054308073,32.42916947653438,950.7342231275436,3075.5091654110556,3.3993484104792278,49.343683310789096,72.44463327395488,3.93348315350919,2.2514554996264735,6.511080047501772,5.763698104588142,14.699805703228815,1.5156431482610024,0.1540622355139752,0.8079664638445817
2022-01-12,2928.7090517924203,32.631385824221454,942.6507019478826,3095.14958928419,3.378726104955905,52.36732829986628,76.78017937136089,4.085219937871296,2.347267472604434,6.514484213856514,5.858733968239766,14.792628153173604,1.4981957604607339,0.15159865079842985,0.800582438926699
2022-01-13,3077.0246213210976,33.52389947370602,958.368849168681,3183.313124884405,3.3964221457465675,53.79505611096076,79.15712433435797,4.232073748171508,2.4366636992400372,6.594118378317518,5.839737145304444,15.030471397760687,1.5349491124381953,0.15389433545724282,0.8062329910624987
2022-01-14,3073.0166283748313,33.50319036591338,957.3287146663451,3184.3085839200985,3.4310239446833144,54.8820663813444,80.05434986348126,4.314717859139518,2.4758454636273726,6.673905963553901,5.928919779321187,15.345885078579633,1.5388530905846753,0.15083988351905955,0.7969511358388037
2022-01-17,3055.162181820716,32.844933893473545,937.6482810918751,3129.968128773947,3.391838361179912,54.90255303208768,78.8631331646943,4.246168098514154,2.4692898255054856,6.509592684712175,5.81138097909646,15.17043953003496,1.5178414170078607,0.1507342047706534,0.7949335632162837
2022-01-18,3100.8937822847274,33.15975443274683,958.1072202187701,3196.692475083196,3.3528207678899307,55.14074758977119,79.39396017982754,4.170505323206758,2.4465925362884224,6.5434611058964745,5.838462364127829,15.132030376991084,1.5175736292262831,0.14852365856664915,0.7960022576540048
2022-01-19,3058.8211751308313,32.7140677660595,948.9958622942731,3176.2316234742493,3.3140461290384846,54.884081953296835,79.75667867629218,4.125792943717523,2.383762811700541,6.526788855356719,5.788331636423994,14.99244993913322,1.5143638048356491,0.14999093099053568,0.7880243443521822
2022-01-20,3075.581305322886,32.76704535480519,948.9237237668015,3186.0474093035928,3.367282293598832,55.614029069346984,81.40174865740664,4.140704686617196,2.383948738032074,6.43871081787154,5.736043607080101,14.853126956147028,1.5015377275988144,0.14967012189550208,0.7904828885309788
2022-01-21,3068.7311717329208,32.538069172612495,947.9809187386178,3198.8156893149285,3.3570130754567487,54.89357259187956,81.06804985705227,4.065822404300611,2.3486503188980947,6.328780522870193,5.678863108406988,14.622588236492732,1.500380704597505,0.15043570513665466,0.7946901324330642
2022-01-24,3067.543359679765,32.731532787806614,959.1299828150089,3208.509525144558,3.421421837054229,56.19080441613581,82.47467350378956,4.085787057514842,2.3847229463635617,6.283024096411242,5.67056793277335,14.686025049349169,1.5115716322214445,0.15272156020550773,0.8009100831885924
2022-01-25,3057.4062729601283,32.687242064518145,970.966613187089,3244.6144583334863,3.42300803260178,58.05033881425526,86.03084443091117,4.263783308402827,2.479829841162656,6.251981457790247,5.654361210856329,14.638851065489009,1.5333490979895879,0.15106401348659076,0.8025501908359265
2022-01-26,3068.040160292124,32.573639455530795,971.9397503113594,3260.5551135372075,3.456521642147153,57.85407814425828,85.81509580976814,4.314458725712487,2.471065271981083,6.155840600756568,5.552076848374345,14.480912094607401,1.5207343617995321,0.15036139096247014,0.8054779662416016
2022-01-27,3029.8310121823115,32.452702996598745,960.4060537045061,3258.278635681646,3.4450602029829436,57.61292295805092,87.95714417827492,4.364130230070042,2.4910992687227522,6.0557695276126005,5.487088900820909,14.08957592492491,1.5079812777384962,0.15189702419923834,0.8108692697175047
2022-01-28,3040.6415363526294,32.533760825099804,968.5908572487931,3305.2554625234084,3.442794273488312,57.67668732736544,89.0435922589691,4.390597049025042,2.514067456013064,5.908014470329574,5.474239272001976,14.014015175429224,1.489737871209314,0.14826170939910557,0.7986884577966339
2022-01-31,2997.3020377756457,32.24589204623691,955.225815982797,3293.734339027699,3.3902537820713583,59.28295178355043,91.06309692951642,4.540216823653995,2.526645973305264,5.929659840950121,5.486202021970349,14.117281054749867,1.4665882433960837,0.14834344703943955,0.7916774238666929
2022-02-01,3025.1873591883445,32.84503570046477,965.7409461413239,3314.0110011194856,3.4264059999257515,59.45782181797493,91.50827851804907,4.558446310644174,2.540749376993009,5.900692066493796,5.451289906615818,14.22221957269429,1.4743464434012188,0.14854195721161947,0.7963811408743499
2022-02-02,3019.8234468864066,32.789089102179204,979.5079650600007,3335.230822908424,3.478247048990278,60.916513827863554,93.69201265920154,4.716883445693155,2.598335198508286,5.937229395260749,5.639591270896598,14.509241530715814,1.4873881887427367,0.14977388167389427,0.8104001060013702
2022-02-03,3018.1864450359576,32.77654790426319,973.7260513640174,3331.745510311322,3.5002752336332734,59.31331924453953,90.72936392176328,4.629605194810128,2.5012320390334155,5.938973547040034,5.6861130256001555,14.604294151436767,1.486949297508747,0.14780835572163162,0.807428737811408
2022-02-04,3051.3319829303114,33.24315190155811,980.9224213974526,3364.147713493327,3.5424012451849327,60.66364916422706,92.90006487494962,4.7664582605627395,2.589025580705519,6.080078133113648,5.803410603745806,14.832197966432847,1.5069914081109204,0.15121037543924973,0.8250122334720542
2022-02-07,3073.1600697088415,33.537141523175194,982.0226339770298,3351.885820466608,3.5297506142580684,63.50031796647425,96.50445855903907,4.945163621375389,2.7379362129637426,6.079973350353081,5.794759238115162,14.728736061757905,1.5318002738267598,0.15289925208664812,0.8468693012924674
2022-02-08,3028.3565709643613,32.7049135593455,951.7131934657493,3311.910593242859,3.4870646678825836,64.69163098916198,102.61052233510286,5.040124374124346,2.827515163845545,6.082160650069746,5.630333017972289,14.541741987709752,1.4888019736572033,0.1474537732282448,0.8350791862186376
2022-02-09,2982.4991661627564,31.86655324266298,929.3800984456672,3270.2869307712913,3.4676206578670046,67.30296833053151,107.08808291591124,5.209141083278626,2.9498879851089885,6.039041159854737,5.618000665980786,14.54185752896445,1.4572632847391156,0.14492112761414702,0.8052764829106054
2022-02-10,2947.995310804217,31.982626695026426,924.1017136603526,3246.108951533498,3.4502296670599235,69.05426140180946,105.70165238311182,5.169840087755805,2.9966565135382384,6.162652007774367,5.774906578175081,14.889630898794618,1.4902623141622369,0.14767586989788326,0.8182934386671441
2022-02-11,2910.7562642989537,32.18201934631509,926.1352572181647,3248.333436603027,3.381347522616533,70.30459088878825,109.10548039514039,5.305201884698638,3.0854609290709423,6.100868990658197,5.754245045013608,14.588811194767953,1.4988028180974557,0.1492620101709635,0.8235629119071612
2022-02-14,2925.385604959322,32.095642426982565,933.748130774838,3245.8463867644286,3.369166682191665,72.03050944954467,111.40833280572143,5.475376422855697,3.1799678590020397,5.9783417818278615,5.728723593144646,14.255363894139267,1.5220435695201875,0.14871084915218474,0.8267573361070681
2022-02-15,2874.2857740867867,31.624530575477195,909.5161926987253,3187.964306577863,3.333433764727889,71.67177936411849,111.37902037180243,5.569578618059757,3.2263517192998763,5.994259844706849,5.750379575713766,14.265304729723576,1.5133932650129924,0.1461707039289042,0.817447269045958
2022-02-16,2865.3248721706964,31.551775182779362,907.3390510722036,3214.4374541049424,3.336076738891916,72.49256343662073,113.54104093533981,5.660560596304923,3.26765745561496,6.148006561263775,5.814958701979256,14.56002572126974,1.5155317021819292,0.1478460536485531,0.8253241807011701
2022-02-17,2857.1339577800536,31.602242516889696,915.2956149296101,3238.8361576609755,3.352371260343839,74.0829732192158,117.9289082047609,5.901299884446192,3.3837452788457907,6.106501457571076,5.832620155082822,14.595848951648073,1.5014785285315169,0.14547716117887644,0.8115915782689156
2022-02-18,2848.129648568662,31.60536734777228,903.0642005505281,3212.7637177190386,3.2834526041819685,75.71629113436428,116.50842754014879,6.037216371384178,3.4270372773690982,6.1966600347684775,5.841999080868183,14.676683966293979,1.482976995376694,0.14395877779797162,0.8061380446282421
2022-02-21,2837.32195446499,31.449584511106803,900.7592993576908,3190.6407067292284,3.232434645085287,79.86540495218179,124.20639738233842,6.3791036511502135,3.5795110557370484,6.15780824364826,5.7993367035653085,14.51909363630411,1.4982742513560376,0.14607078789460848,0.8093215082955623
2022-02-22,2807.882456420011,31.086496605702578,892.8063485275435,3160.2347856825504,3.2351068893573514,83.95504187500009,129.01362584192876,6.737216665628269,3.769617962323169,6.259441940163462,5.87525514180271,14.651440771160996,1.4834370801427434,0.14416897406536336,0.8060985553124024
2022-02-23,2803.8016112592495,30.955960833163747,888.9565096160572,3176.6171224029445,3.278968979803225,84.60936266823681,129.7656547657118,6.8856730749655926,3.821433483181557,6.6027461154080935,6.111017132488865,15.238164746638086,1.5011079104427947,0.1464284146728348,0.8261581527875624
2022-02-24,2835.732034687,31.580337207925446,893.8371011334406,3200.142839789158,3.4113160902462445,91.75961203426574,142.44435504280275,7.340528151069179,4.105306667820995,7.043596882747357,6.4094649446026,15.96481741426296,1.5478162904071011,0.14952879771206917,0.860459824344865
2022-02-25,2858.6377117101615,31.883406215429645,898.0127338324945,3223.4304691909356,3.4911752103174054,93.3441924262934,146.8072539547231,7.719805913771822,4.2032644497419005,7.153811937919592,6.483857494619534,16.079804196399635,1.5857240653461544,0.1511101542548172,0.8782367390631731
2022-02-28,2810.1816928377425,31.25460236967401,871.1657028148197,3188.5918893327994,3.4380309682996044,95.81467777986126,153.37982218815677,7.991518840508864,4.357244936175768,7.172087449136739,6.476405531300203,16.091864032778112,1.5749619433277735,0.1518693142890596,0.8702127334419869
2022-03-01,2773.4218287061144,30.932353598773695,866.9624674187419,3176.0383960896393,3.5051976862821497,97.94866981757576,156.32059829923267,8.056990049776134,4.343503110234704,7.219771422552126,6.572898240081819,16.37231388682789,1.5781737134177165,0.15453965990594237,0.8824013842541124
2022-03-02,2909.9634158759777,31.966713562339653,893.8825833010397,3282.515109260484,3.6888979091612613,99.95292934999853,160.45810167819133,8.288766431609247,4.547745690925679,7.422790405743251,6.79557904949026,16.831975180194565,1.617316120853248,0.15637902982504293,0.9021989734474667
2022-03-03,2922.004583549193,31.53014586397349,893.5889977737205,3244.850008920821,3.6757902415740213,105.7201046629995,167.19138471334855,8.658899624812447,4.625816741547028,7.505829954001552,6.853652213983625,16.970288325572565,1.6528052107548592,0.158707482059666,0.9141168426362741
2022-03-04,2888.5935811926697,30.990200282299334,888.5699345029366,3261.8402473986102,3.802707613088198,109.92145294886106,170.04786540289342,8.868125780473454,4.749525463836106,7.507416172672122,6.886116360010382,16.969246495901437,1.7227361016160359,0.16372633034692832,0.938452121766996
2022-03-07,2949.9343677093952,31.496715230351782,903.9950912612462,3299.137308077915,3.8437504400604996,114.66884954256079,180.65972822197125,9.071214203103496,5.0502632615910645,7.466679025380946,6.866825595317786,16.695161712981076,1.759291999541189,0.16760336592393082,0.9494697808838697
2022-03-08,3005.9391317265195,32.02709293281465,922.4155700999715,3321.6274627755724,3.8972354132495064,120.04309665958364,185.08287575933,9.363823118570542,5.2260424923636375,7.759372868597612,7.064833325522057,17.129550086831674,1.7884548200305574,0.16964103130223337,0.9708431477494622
2022-03-09,3036.5481000091854,32.094343092032254,916.3056113008588,3280.611374915045,3.962828786741163,124.33583160075332,188.66122550291163,9.524619118464777,5.289843990810592,7.829476059802284,7.179024058766039,17.44727984299117,1.7775382581738501,0.16742839925243225,0.969245037401913
2022-03-10,3050.8456575268706,32.07479612374143,911.3820271248035,3269.360477682818,3.959495807452902,122.27220129763548,182.47636160580126,9.520618085603887,5.215596210574062,7.870316349523041,7.259811874127511,17.526301378455397,1.8234059202946464,0.1724004764935429,0.987813236790513
2022-03-11,3058.239872732665,31.845833424523224,899.7448518634072,3265.930461589382,3.99434053414925,126.42155749802764,193.9193628881195,9.9867950971921,5.447550840106177,7.908637051718122,7.390298351949568,17.379682704675282,1.865305329663557,0.17710277758514878,1.0051151631908812
2022-03-14,3043.539491927874,31.61421310411899,895.5369352406777,3244.0494117613866,4.063951499805855,129.2654246018522,202.66490346382207,10.412550881139634,5.6971635026758864,7.922966691167511,7.418680369203649,17.699439663554102,1.8810865492615538,0.18162385907660245,1.0204123457188763
2022-03-15,3023.5846114385304,31.158761467103748,890.2955912484844,3247.976608440382,4.106389403395071,127.95315058028906,197.94057036613373,10.29673908314934,5.606819178218329,7.95782149453141,7.418310840797498,17.567501698096592,1.8648639641602105,0.17849309401941785,1.014937050603078
2022-03-16,3025.2249937601,31.17152027213546,890.7322665587147,3221.573844627753,4.2347841330622185,131.3260555047893,195.60630296202706,10.578929774143155,5.680546998278943,7.9271390059325775,7.411123867603488,17.47559580150128,1.8698905980849874,0.17983795604300645,1.0239786413904188
2022-03-17,3019.3707128665496,31.49435668419695,891.4618896382847,3206.6348199510976,4.148950932352227,132.86330288210408,198.2536747893698,10.6558946162546,5.766315487674927,8.004982387571456,7.491473723841814,17.601497837185104,1.842891914261778,0.1779844868645662,1.0078814990615106
2022-03-18,2998.146387232928,31.259954031730835,883.5215548668763,3160.9580795074585,4.22919257194199,139.62861366084522,209.47453982592913,11.22798468494968,5.975405126945269,7.989787935246243,7.425174430275389,17.457771182669184,1.848631042174532,0.1819408146923732,1.0123065051432951
2022-03-21,2980.9642480599823,31.28873463065833,882.7188269759021,3177.147702329853,4.2605817661837175,146.8671005739499,216.80311390338565,11.684176271175392,6.1422321981776,8.097555798475788,7.464416311943576,17.376582929581712,1.853419749085507,0.18040066962366796,1.0176002846001644
2022-03-22,3001.7058964151474,31.778459701221934,887.6383643865214,3194.889079523525,4.280041171112096,154.9866994332894,225.05228468987394,12.142750577649224,6.395352645046675,8.14222771220208,7.474583205869701,17.59927616040643,1.8643759636108523,0.1795877074929197,1.0214555266674212
2022-03-23,2997.888005872973,31.74502197734506,885.6498539380973,3175.678807692428,4.15506665904176,160.74885609371182,233.34428190336504,12.515704954835412,6.485881362938164,8.116847536141368,7.481927866366876,17.37944702514201,1.8143443287161152,0.1745003371376143,1.0096284414987875
2022-03-24,2992.023435619538,31.796274513577337,888.7037016220138,3188.69898457794,4.257521458773411,166.09952345304123,236.29778862164758,12.94488723540966,6.6808687361335455,8.191088802705615,7.559564756125154,17.471018485671927,1.8360861282103391,0.1754122302465161,1.0123281942138724
2022-03-25,2939.6666972423195,31.530091140122494,880.451100203044,3151.497673286279,4.241116622289586,170.02719400376637,240.58051305578368,13.11697843972891,6.7213552869299305,8.279756334139918,7.602049334675426,17.63526027234196,1.8543505242844813,0.1768354652910659,1.0298122444258906
2022-03-28,2919.211290385286,31.489677965282468,879.7597511312675,3159.1281871558845,4.169864742000285,171.77735408577502,250.9458254648434,13.41596091409562,6.853479319154431,8.321719912225646,7.607874948746016,17.704946591512865,1.8444780524400899,0.17544904153425672,1.0304639401503066
2022-03-29,2906.1335412533467,31.249668010156153,877.0230911675404,3114.0880254594276,4.128400308320201,171.1526113166679,252.34844122403987,13.557942961925324,6.750327977411871,8.087294481255364,7.468183900373925,17.443305177879893,1.8106971115276735,0.17121387435954397,1.0108427826716353
2022-03-30,2890.336422062921,31.350869901685385,877.3020497211804,3077.99189817602,4.054017439589396,167.9617765648172,244.70549560655314,13.422387626285994,6.424641161545355,8.003216906690787,7.499570661545223,17.30271549980075,1.7826203743415754,0.16862348525248938,0.9934305139811019
2022-03-31,2875.5953209766953,31.20366928056938,871.2603416503531,3065.3627298001393,4.075688253470933,175.57034712298466,246.13659297721915,13.570216433119615,6.663892497511385,8.096465859180913,7.563433867298334,17.49034173722603,1.769287580372365,0.1690036393755087,0.9894586551226933
2022-04-01,2914.1846756064942,31.5669910007065,880.9378945653997,3130.261266987124,4.1697858239896775,175.40734809145033,252.42860133035586,13.877229156706173,6.635140313663959,8.226335817407147,7.685573263238641,18.00717860000879,1.7657029781386824,0.17080964521892372,0.9905031436906597
2022-04-04,2854.216895087524,31.16560687187437,869.1709458751708,3087.3533503860535,4.126392663592049,168.5268217976492,245.40681947172592,13.487026678517394,6.378024268725674,8.311461551589195,7.624289596471504,18.08047532774469,1.7241942139909507,0.1685416772953406,0.9700004550056976
2022-04-05,2828.5438729589087,31.395042262737086,866.276430334903,3113.1694525139114,4.2262601352676334,172.38202944460042,246.3400373489248,13.713431211360726,6.481383689307959,8.230386556755956,7.541469774177756,17.79809158169729,1.7811332446459018,0.17322098394718702,0.9971813585461388
2022-04-06,2819.459826788717,31.33655072744981,869.9314591506138,3053.085423743469,4.206710931701171,177.9599073561595,253.2483143698184,13.974402485441502,6.748684824592386,8.268077356623712,7.53610814400829,17.973139107810283,1.7541447021993646,0.17190996991906762,0.9957087608362973
2022-04-07,2808.587929330547,31.38822914989361,856.2503366351822,3037.948913911109,4.160933229316374,174.2809535837479,249.8987526119676,14.132787462033983,6.616527975152268,8.232485680015827,7.494990923880774,17.883477746381764,1.7518885800190067,0.17177802568675216,0.9879922408482064
2022-04-08,2814.289227253282,31.89159407924575,868.2703157219354,3090.9281853043267,4.315244195046171,179.56381109662104,251.8441856888509,14.131943410931342,6.769012442511821,8.196484229442554,7.472860009475457,17.9684935213426,1.7715312255412414,0.1745976252525112,0.9963001871251587
2022-04-11,2830.51246873972,31.6525084538198,873.6552904210532,3109.652636516183,4.313771474170708,179.03248639135282,252.85492932049152,14.254491761055881,6.74489133162036,8.221354214434779,7.512727520843152,18.08251437984,1.7877332105157082,0.17298849175068828,0.9987348905636629
2022-04-12,2791.647300660252,31.512847150102267,871.9220468354891,3059.9098379545317,4.30454338805912,177.6424074565395,251.22639809850082,14.027820566626716,6.723317596114105,8.291858737685946,7.640440010307669,18.28412200743968,1.748153349741214,0.1706591941753401,0.993311221724566
2022-04-13,2747.8647799489927,31.27555104751137,872.9056617021153,3023.3760804430744,4.2893573121877315,177.42241227460192,246.7084059590464,14.032727957937457,6.727130632412532,8.276208784758332,7.658656686638932,18.48275061200029,1.7315678445301883,0.1699477180251435,0.9820117927302457
2022-04-14,2747.343517351409,31.096320607351025,870.4182628761229,3000.0448038578666,4.245880702134979,179.15559901024307,242.70631394905197,14.028250130753163,6.644787069883385,8.186360257895394,7.600820053998436,18.20999462463248,1.7256980049778943,0.16690474710958075,0.9688763080086339
2022-04-15,2792.2490298545567,31.143665941539602,879.576231106914,3014.0331864539717,4.203037250183579,182.96074709872568,250.1000038714837,14.413670801079519,6.839292957343833,8.224415742191445,7.574937801862684,18.32941507989159,1.7411891987252277,0.16852408414664866,0.9812027749573017
2022-04-18,2828.626936867094,31.77791642915234,903.7968676293644,3055.299555976722,4.193638729902648,185.17994471966983,253.82205866712226,14.673017274422685,6.870836242439951,8.286074802861819,7.6102618078930115,18.57593117041749,1.7335097905614743,0.16686611800858125,0.9727381338049207
2022-04-19,2808.223324940751,31.905470118654215,915.3197708053547,3057.550162336482,4.262759115745855,188.98338711993455,258.55006264223147,14.751690061776571,6.90929296779485,8.175904072079513,7.562041641472785,18.241916065803494,1.7414262314605884,0.16719794671253577,0.9699286199568482
2022-04-20,2822.8435862964006,32.47251995247605,930.7382162302712,3121.7814341348044,4.331918562810403,187.86742920872933,266.06019112857194,15.11992219225985,6.931251516944493,8.199534985465906,7.493418414166938,18.081034867791885,1.7558191757650123,0.17067735149644353,0.9837849221694477
2022-04-21,2860.4265754298845,33.05361088287858,943.6700618726301,3164.6050407851412,4.431647702330039,189.62582293440605,265.2806101980065,15.497669976752896,7.003495366311256,8.13217602413159,7.4207989714569775,17.756329684351325,1.7671425270660284,0.17054028650877712,0.984275120684916
2022-04-22,2838.065949703594,33.04591104824909,939.1466242486747,3136.250861962977,4.418123931035861,184.6071484384639,262.27070222305395,15.224301792688625,6.848115738422674,8.069868977243768,7.315837904688886,17.499515486651877,1.7588585760628064,0.17029673599725934,0.975953223243369
2022-04-25,2811.3606571567857,32.889318503130546,934.8528182758562,3120.9981174051914,4.40902501371095,189.595813317963,267.09164749221134,15.471196720777336,6.8104097191560165,8.159003644240068,7.451891740746168,17.577546721068234,1.7747723047065267,0.17313822124095654,0.9919000322586167
2022-04-26,2779.898013489731,32.355328404590395,938.6940288353121,3075.192790295925,4.3605159365873964,192.92908407119586,271.70811730298544,15.570136739571987,6.820496665758887,7.895745310949772,7.219237980067964,17.157992761748424,1.7564081269116267,0.17267432362914498,0.974535773440504
2022-04-27,2815.990002907578,32.5821537800021,951.3533829190318,3112.4671741120533,4.379122284606316,192.90376306388566,273.5091600349583,15.450462701760252,6.833742012331682,7.713301311137275,7.201916632322706,17.027633725261186,1.7314069459853914,0.1669009521468818,0.9644953895733612
2022-04-28,2775.5545892292853,31.855717327335427,938.8793565665065,3088.492309153198,4.37140835788462,196.345449836183,284.345692376939,15.843462905210362,7.134764385090278,7.915527420388935,7.4132410806008755,17.418649689800528,1.751718722831086,0.16465616288293178,0.9634615117614022
2022-04-29,2755.2324509829346,31.22890471152177,929.3444205542972,3044.5289327097466,4.362485846758112,200.37327573788818,290.2457357296625,16.212813279634915,7.342654005396546,7.904160270363067,7.437499899591077,17.412125265415607,1.798688109115317,0.16985769863553996,0.995068529241117
2022-05-02,2788.54972447829,31.532275740855184,940.1309452938967,3057.8561192380125,4.499909883058625,200.67130742356042,292.2631151041858,16.526054471799302,7.472321373489512,8.136748227258204,7.64728946072799,17.861439489258295,1.821721507137977,0.17235311641659393,1.0003802317758717
2022-05-03,2817.9137488716356,31.59735531863494,931.3445983938482,3041.944817912732,4.519353239979198,201.8012492405644,299.3364553433013,16.608251824253276,7.536533789543915,8.249806953260435,7.69558955065502,18.142122187305024,1.8399051911608466,0.17224659979636506,0.996340856746025
2022-05-04,2833.86352282954,31.662991770194502,936.8273674096909,3049.5922218429505,4.490391275726281,211.45347578367853,311.37266355077753,17.13053030308696,7.699379885004802,8.44030843495386,7.793841977480735,18.345503500318017,1.8848913797036206,0.17533344875531104,1.0174971801230641
2022-05-05,2793.0021848467295,31.306956298506353,931.3558270167952,3053.8943089290256,4.437949255788723,208.78149118470327,311.5580596461122,16.69878286670862,7.468405552586826,8.521436672810538,7.833935414085517,18.274711656956928,1.8889363096922218,0.17370259580106,0.9923703776344323
2022-05-06,2806.01608161808,31.47567772820924,932.2481926652675,3051.6203665452326,4.393966926381352,211.4982404116446,314.89904360093897,16.712855539369478,7.580748711639048,8.416620072717103,7.788699485815643,18.153353499549237,1.8769523763055531,0.17267822095514684,0.9877353531890926
2022-05-09,2842.6740600451662,31.58308513494598,919.9423736644397,3034.4160527738177,4.350799710990328,215.26305624303976,323.5273008355435,17.06466142910048,7.829412938309701,8.366956720485781,7.734247881271235,18.017991413204385,1.8438143247486427,0.16901735896341222,0.9746030671482946
2022-05-10,2872.1101196024447,32.22517332917294,941.858265143055,3108.2667446641103,4.46591012858284,216.91433169532937,322.0621583133381,17.29366330844557,8.021363236286982,8.639622704020576,8.026054016666349,18.54630303143701,1.8724848872221065,0.17303409081963833,0.9997999036803483
2022-05-11,2826.905579876189,31.980611207901674,928.9964432570534,3095.7880142725753,4.500566143775717,223.27269229218186,332.4707717766671,17.544313889376095,8.201056821128427,8.686185249260204,7.932516511327765,18.655090130518097,1.841878084836047,0.17169058779051646,0.9949552581053083
2022-05-12,2812.162524681794,31.838494997343016,929.3121020812426,3099.5533048492807,4.477212574928592,223.55191216035507,339.38150224247704,17.53096158469569,8.33735591790522,8.712078625058513,7.978391440924293,18.482823912686307,1.8610012314149005,0.1731571940120171,1.0078746677513066
2022-05-13,2774.9119726891213,31.4990537232132,916.8831859659755,3099.4407502875674,4.549124683336482,223.3556631211596,336.4267504501006,17.681457949150875,8.32125963810696,8.793508557915452,8.111466469565988,18.556811061893868,1.8905920085109367,0.1763093310008295,1.0307501618746047
2022-05-16,2782.65576800473,31.55399996858594,918.7933060371789,3077.883694391586,4.608031897699721,226.0615554304964,339.391679738294,17.526691837594438,8.391660331395135,9.03954905792742,8.235058124318885,18.889837441766833,1.9056905385501808,0.1796811654954187,1.0410650739222485
2022-05-17,2733.0124564590296,31.683138937559136,907.5882770866535,3041.787128764526,4.578806194050667,226.18350765530127,339.63088939111464,17.74458392338705,8.513790538936284,8.89906477094197,8.010373310501354,18.354101813114664,1.8990008319672107,0.17986396770988086,1.0381441378459537
2022-05-18,2750.2337517253764,31.724795974093368,909.9706717979674,3017.7590205382007,4.599620724545936,230.2049703848,340.5789104358553,17.83949582761491,8.491984773000436,9.139137670147335,8.141035959129315,18.74820632252581,1.886100950261695,0.17974771826194322,1.0296533267565144
2022-05-19,2735.703784177027,31.722993848802403,907.8423177282166,3016.6311785202747,4.622786097033634,231.09554055314692,339.69804921766894,17.906234182075817,8.518452671888825,9.110418615937007,8.212354349856845,18.869886492310272,1.8610818898619592,0.1758073238949116,1.0252264270403488
2022-05-20,2778.755607215992,32.12795869560608,912.823062158624,3051.4131454915787,4.715759010868771,231.02068132090156,333.3415451376719,17.997650371210664,8.615217778193752,9.030446517639724,8.280470708382117,18.747267933829693,1.8518285577874427,0.1755179680295722,1.018295074626407
2022-05-23,2828.016652856075,31.993135818024864,927.4259208877863,3065.2183790624854,4.756105230071328,224.88230569546403,333.6728278805869,18.047079843092305,8.53826843383864,9.030408189608906,8.319776172321308,19.048956957850248,1.8822711127974012,0.18188438734076998,1.0416715680155453
2022-05-24,2816.3150476050073,31.693740666415977,929.7221188543947,3052.219211456381,4.798923220210161,230.62225855676678,339.68751732918633,17.983972711742894,8.693348854485926,9.055591298228258,8.357475595908692,19.19033736631765,1.871726586471754,0.1836038375743535,1.0348539655496791
2022-05-25,2748.7112203557035,30.877950118880285,909.1715434133394,3016.865134277285,4.730012389759801,232.02978423682222,341.7626453590971,18.302735985580775,8.876252761544492,8.971427082867576,8.273083379984927,19.000562088781596,1.8757426453342998,0.18443762754469678,1.0313892431883567
2022-05-26,2715.449808749837,30.56452118513976,892.8294514707508,2978.05216152938,4.757228098303986,225.61424490699426,337.3215694601799,17.900932982853504,8.80175217003592,8.949496168700438,8.241890316724,19.06396517842042,1.8500861565227722,0.1821300551917492,1.0120292624028033
2022-05-27,2712.0558557367654,30.37898740398166,898.5627781259686,2990.9128699616167,4.752137323174731,223.18663151590772,340.03720914487894,17.946289521825893,8.731058607950132,8.966207043651314,8.248382755647919,18.9824285019877,1.8769168693598102,0.18223008599167625,1.0137557889822957
2022-05-30,2685.716495169162,30.152793385898967,896.2934236111606,2943.1399863931892,4.696157352827098,228.54876427938643,349.7201015347126,18.061818686131087,8.859119205279413,8.906836579775119,8.229504043505866,18.6361999035424,1.8454172548576733,0.1827198283558954,1.0267207025336238
2022-05-31,2680.85333771398,30.08639309959817,893.3301346417685,2924.3884453223986,4.744270115905883,231.42258728750102,353.6519186404067,18.219339071928104,8.815816259612484,8.893788217669675,8.180680870282892,18.429611917749007,1.8323845480721788,0.18019415112282886,1.029845018358048
2022-06-01,2701.159488105996,30.291404833126222,904.0199678446103,2957.9680519662465,4.878362777211609,227.5908131075451,346.1304243515221,18.022059753380045,8.804552241125968,8.818323118503873,8.151758733065634,18.342690814820298,1.8566385263355258,0.18301863984118036,1.0370218693109454
2022-06-02,2701.3380166300653,30.68336868084772,912.7214597711121,2940.517462552735,4.876365293438376,229.43119057384519,351.13192830090884,18.385737187663704,8.85797021623357,8.672772606828676,8.116645325750882,18.14576038970354,1.8618722819274494,0.18232743006698438,1.0470965328309467
2022-06-03,2710.3054181490043,31.16739342012437,910.0220207592919,2960.7680653375105,4.888724196144376,225.5877685015889,345.2999449157407,18.231338228499716,8.668258881361263,8.626060710473084,8.110317143118943,18.091024563516314,1.8244504952417686,0.1765297184369382,1.0264066609413276
2022-06-06,2739.0986276695653,30.928850923443022,900.5323539649763,2965.1852752499376,4.914963755932141,226.5713541272553,337.79366967122894,18.055758866129587,8.589681100747487,8.724800855981124,8.265939107421302,18.402751509869965,1.8396700326104294,0.17749127384061297,1.037722911751543
2022-06-07,2777.378484315755,30.816138918568143,907.5490065171361,2993.2725979784286,4.850525737278141,227.29400551408617,341.54694903104115,18.032391856935224,8.609680279317944,8.621005592562128,8.216606215210696,18.086970595813312,1.85450318329314,0.17833181133739687,1.0468578237743082
2022-06-08,2788.9219565009657,30.989457307219986,920.3004276260641,3003.4458008621536,4.903814501405575,229.5453027492023,355.52859789291324,18.328424874353797,8.709681961305028,8.590688253373347,8.096730860866804,17.964619027525792,1.855835412340007,0.1757870865694345,1.0442437118691645
2022-06-09,2798.557834041926,31.315435959691477,916.681374233637,3025.6671086841725,4.8119094125619455,228.899171623431,354.19972505458895,18.601881082681277,8.776754314029374,8.637459769576315,8.145418901378726,17.83254500774148,1.869332534397564,0.17168592147852133,1.0366887880014393
2022-06-10,2781.3094558663006,31.29866418833684,925.533930788541,3062.2883427050942,4.767915361835842,234.9458297757888,359.9392136899397,19.153168561263982,8.972517862487804,8.7007031426151,8.228929925959367,17.82579326804942,1.8470704791026749,0.17038494848406985,1.0254613342798404
2022-06-13,2785.0661352721318,31.291256361946864,921.0549803419152,3078.039372472263,4.89955527452926,237.52337649328413,368.3184720915911,19.259380035353033,9.32461296627812,8.7813446151393,8.395829283608455,18.038701853207233,1.8710464059114478,0.17405474550735114,1.0414783585743557
2022-06-14,2770.2479996783727,30.847752743807263,913.0064012065842,3066.955808835515,4.866918159264949,237.56786662212608,367.49176932402105,19.14935061856483,9.280919090841168,8.775760848171345,8.413593897402524,17.897469122178002,1.9118483066519059,0.17584758816346577,1.0605186736298455
2022-06-15,2747.5947401077105,30.619966379468153,921.0231895455016,3053.8426908287797,4.85838462154605,239.10541577459054,370.05216618559945,19.306260900569015,9.358823023233743,8.61399465967179,8.215728321411866,17.51056281331044,1.9139827476190912,0.17503041535040628,1.0672570245664201
2022-06-16,2751.398248704459,30.97558924061716,927.4641437762834,3060.323917712253,4.8536751791315575,244.94721970653677,382.32452390751985,19.52877422474057,9.565812752408252,8.457183381940363,8.021843624690693,17.39062404118828,1.9295920471359458,0.17672352303391267,1.0744828334857779
2022-06-17,2717.8968414706314,30.556545049163187,913.2998853425659,3064.026521969503,4.8854807500815225,252.8419649030745,386.27005648635486,19.65704874603742,9.894408065549225,8.502139807587556,8.094344729251416,17.557785578700127,1.9381486715041119,0.17814932567073047,1.0862172569948911
2022-06-20,2691.238618530538,30.106007756890953,901.5514026510846,3017.0307851881835,4.861426255708937,250.95318280120262,377.06285235627126,19.205793970898394,9.848400016866234,8.326190122327343,8.082693019159501,17.471468599924386,1.9597779744248314,0.17944235741347744,1.0898675594013068
2022-06-21,2676.357395596085,30.15325665518651,898.3162153322504,3006.0943418876277,4.913830917627025,255.15216083644233,380.08699101103696,19.248153701554507,9.82542503046083,8.519923173244193,8.178387486996554,17.658744009219156,1.9878013494094628,0.18130435002859563,1.0957780497682919
2022-06-22,2695.7843388650513,30.124882440399826,905.9871014538966,2997.8365378631934,4.866972478830366,254.63998680573857,377.62898690369695,19.38849509836238,9.60368197672909,8.542328053997913,8.12190922962939,17.50215290548388,2.0280417037707705,0.18392619283644898,1.1067009414223603
2022-06-23,2696.3130325808756,30.130041470524503,901.0607960856786,2972.600904796049,4.871481766882429,256.6549017846248,373.3399419173636,19.513923894645373,9.767914822196891,8.535746543984189,8.099813899903133,17.699056096656857,1.9955049396051823,0.18192546680318789,1.1124461423317136
2022-06-24,2656.3852469208646,29.926179693867045,889.5511564927008,2972.430370072909,4.867409558449646,261.99093840201795,376.31267604995344,19.85011684447987,10.00884157858809,8.55786565333097,8.077585573249465,17.800809352215303,1.9925683617713976,0.1814969613608263,1.106234953384585
2022-06-27,2632.6706747756334,29.88934888592052,884.0524189089481,2986.7285100657327,4.902486013702574,262.8258224438206,377.11900000114684,19.906915484282052,10.031765002874964,8.71321306981074,8.07445983443175,17.759805979116074,1.997570073766745,0.18129075741484785,1.1178170850360132
2022-06-28,2602.2389592249915,29.637770869617192,881.9706784649384,2952.693800518916,4.832202673445064,260.9464647086166,375.6284701669198,19.531924621605157,9.861351961867639,8.682455805407587,8.09327114539676,17.698449404197667,1.9790886418184006,0.17903921750145213,1.1115708623257614
2022-06-29,2596.3698173914463,30.043750308036767,876.9601160308969,2957.10068175781,4.885951088740606,260.04310465641385,370.5476963904736,19.759698726840544,9.761248746226896,8.734627882111948,7.971812004981133,17.47458875929154,1.979267605894384,0.18087186325524368,1.1083466553458203
2022-06-30,2619.742746952541,30.38190089366787,882.7919447765976,2977.4889063174396,4.914798792891167,260.25022792934305,367.4142302186257,19.596168005778722,9.713160524795013,8.589584775359828,7.889133912952477,17.481964691994126,1.9732226024608108,0.17873363930451674,1.1057868381900229
2022-07-01,2585.007808045042,29.955474419895793,862.0137844194624,2925.5288332116156,4.772860201746324,258.37174079324564,374.46004436931037,19.70200914302185,9.599449458440581,8.471341372254054,7.814054221091267,17.124000340801953,1.944087498527911,0.17818226483476549,1.0892424129246108
2022-07-04,2602.1285910425377,29.94062577036639,871.6934393251447,2912.230046249455,4.864553475810601,266.43522118244294,381.86411687734665,19.70401736461936,9.486375504195747,8.467562369692084,7.762208195815525,17.091469801559594,1.922560276528003,0.17894702984039246,1.0820512992884295
2022-07-05,2574.2911223594147,30.046556351676966,862.7962249727368,2889.5668621153577,4.942327856537834,266.0331275428149,381.83375358714295,19.767758677732267,9.462270554573255,8.527925087614157,7.844352285265455,17.181425006435326,1.9479640791547101,0.18046599886508768,1.0943053759983017
2022-07-06,2619.1092207787365,30.023770270522554,865.7476981095374,2866.3700367366714,4.963736367821676,264.9920767467605,388.1302116835896,20.05972236708116,9.352073119654515,8.551562384304273,7.813200107619409,17.247279036953213,1.9585432042974054,0.18259986750807905,1.1035095919276392
2022-07-07,2611.633952224324,29.869909712330255,861.8209112968281,2838.087425821496,4.901021584139852,261.09987714248996,390.29796834380386,20.093499433770376,9.28286227504855,8.465389616115097,7.681795114923873,17.02007143999209,1.9530601757446884,0.18233810447972837,1.0930756599918632
2022-07-08,2587.001545153868,29.712126911378668,850.3799490937334,2806.4464342376505,4.831608676110839,253.43793341238745,381.4906493045128,19.59682343815919,8.95142939368388,8.482427533963804,7.76186884016683,16.95568855893851,1.95015816229815,0.18323761335493713,1.082687346954102
2022-07-11,2586.023948494632,29.780273209922917,851.8277585168819,2818.7785856128403,4.797873245811364,252.60469682739316,378.38460841766374,19.647727876299054,8.936022905515276,8.550969161316242,7.749571600759685,17.039468462201036,1.9821672117351654,0.1866128230589273,1.0847285490743412
2022-07-12,2578.6153849939487,29.46010344322046,845.8752517080344,2811.2992145048597,4.745734535151962,252.07851879272974,373.93109796463665,19.319718670316348,8.951063870650147,8.43390533650716,7.70116814475263,17.03125521599522,1.9726562665661842,0.18852870561454715,1.0900080899724556
2022-07-13,2604.438752894755,29.582209848453388,845.9125392863691,2852.648911155857,4.794384273067304,253.57720815336685,379.522537503258,19.193480893064464,9.040610311998988,8.565329059369006,7.809063966638904,17.321848224114948,1.9781940653657948,0.19062491018788755,1.0993395442754856
2022-07-14,2597.9576239071916,29.281849256591766,837.1488440696266,2800.5164520316475,4.898399325301149,257.7280092901672,380.2254665011062,19.270307944209208,9.19906903973759,8.530028002768848,7.753060412407682,17.174162815139223,2.0033821679724415,0.19179679120908869,1.1040238341894046
2022-07-15,2612.242338293067,29.132978144579702,835.7544488604738,2763.919823420243,4.855256477104848,252.78969136731604,375.95437719937433,19.29238093046397,9.211774049815563,8.450616051250137,7.7388876866357315,17.0055761176284,2.021971317697517,0.192445560359346,1.1072391760442397
2022-07-18,2607.852659715465,28.908704426626137,822.8820655914867,2774.2640265401374,4.837446506681487,254.06085474183016,374.0851146508762,19.244168016494527,9.294948334326799,8.47818246217565,7.814696840395691,17.26121077304388,2.00398645584531,0.19329743604724414,1.1065382020988
2022-07-19,2615.850885868746,29.10997347096619,831.3538307436921,2762.233495354792,4.816854265645394,256.31889015362754,371.7770880166438,19.196211895181637,9.358783322661743,8.417626088018896,7.913361202098946,17.321623532822045,1.9937671903944016,0.19232310603378136,1.0967337373266977
2022-07-20,2603.722586576898,29.044409316839108,832.5797884292206,2780.6367143446555,4.851812030713064,257.2044227168813,372.8474698293901,19.147289188847573,9.476211152400921,8.303833300875297,7.832290387601552,17.25470993115686,1.98548047162158,0.19359570515187619,1.1055305356696645
2022-07-21,2566.961463790123,28.856123479029264,836.552230970474,2770.088856394717,4.883170877935313,263.2815389883148,381.8356161995733,19.413170319039455,9.518373096237895,8.318642314956092,7.812697910472185,17.467416617237593,2.0007420398969593,0.1967604434289049,1.1020705694906843
2022-07-22,2536.8795025033005,28.738765516853473,824.2633526016772,2757.834327122303,4.866383900481852,264.0355426477809,383.48425163834344,19.40971173558306,9.61642301341122,8.366689212495075,7.800326027741518,17.527622921657578,1.9908396099667711,0.1967929313494688,1.1051606800135287
2022-07-25,2560.182967622846,28.383433542860818,822.8594829393214,2778.291273909571,4.869474220297469,267.0541237804825,384.0200822969893,19.504476634261927,9.702656099647854,8.364587070144543,7.7751447759649714,17.50290117646226,1.9636190418697157,0.1974322038447921,1.0990485251136763
2022-07-26,2587.343534033288,28.037275523697815,820.5997609806828,2775.296866515539,4.864671110473111,267.0679849577101,389.0211273292163,19.135945395254694,9.64920131862512,8.22232079829242,7.630310837999737,17.303531217211336,1.9567220301907833,0.197559942120271,1.0910188203926507
2022-07-27,2598.7688777996577,28.240375297316028,823.0958361641958,2762.7260604102657,4.785148047466788,265.5853893562946,381.80652645625537,19.001773315989908,9.503756306377396,8.257843102582642,7.690479685354247,17.373984650474668,1.940156373836344,0.19398289796812726,1.069522323020217
2022-07-28,2574.658028514247,28.189468049888312,826.8934670886605,2761.699271561235,4.819863056762695,258.9644687063459,384.9489876640155,18.872472323834142,9.550504457790455,8.1849661585196,7.7171172573852544,17.61659495343594,1.9551712907175611,0.19254491278936822,1.0592864175556824
2022-07-29,2565.5297239030474,28.181427098566438,828.8828928848483,2728.4265009815217,4.756901714820874,253.5145160583393,385.21086212852487,18.71837801238844,9.492951645697485,8.272794484162905,7.73834637665991,17.529904639082314,1.9549719447911678,0.19162231446537964,1.0602743331334676
2022-08-01,2583.7240442178972,28.447187807546534,831.1224885302597,2735.440195734273,4.719881774650334,256.20025741696713,386.5888644407328,18.526934718420716,9.528692141975899,8.24152837797997,7.756692835960453,17.61464416848475,1.9952586911332926,0.1900496043875744,1.0693533717043744
2022-08-02,2618.287584344253,28.37657001666884,833.2282765737607,2777.832567686075,4.794910323112485,255.7329176381245,391.0273196098575,18.53959045261656,9.47361787756325,8.272584373083221,7.749060004673692,17.67381275744035,2.0059457045713365,0.188287830612128,1.0645679106084778
2022-08-03,2628.8095223034584,28.47442374714103,836.5124237567064,2768.191575099784,4.817334119672316,261.9820631752625,385.687013506991,18.684702904875458,9.527115539264424,8.21690588525052,7.739628105056051,17.746558015394328,1.9938958316995619,0.18749870893190654,1.0504396285348332
2022-08-04,2623.2491905260918,28.239884119436404,835.2301573215944,2731.140316434572,4.778737094380851,260.20255827972926,382.1046479729217,18.61215523531188,9.647683561895096,8.022604988583627,7.536391183543616,17.391945912508447,2.015962660587414,0.18971961567238005,1.0532632304681393
2022-08-05,2643.556874108287,28.164774234639907,837.7431451378127,2701.911287604742,4.761890107210091,261.03625473111015,385.78146348139217,18.448087954034897,9.781889137452161,7.995136058266286,7.487439083641353,17.483972043651942,1.9796858323515383,0.18977551078854096,1.061804484918401
2022-08-08,2657.0814288965703,28.06768720134756,838.6768043760711,2712.927357793014,4.781014841225909,263.0779966672963,387.3070327351735,18.26164463701122,9.9310060957734,8.10799229236831,7.515419767958401,17.609199515040352,1.9674926172662235,0.18999602568318208,1.0588555394379602
2022-08-09,2650.168033540808,27.908821292589256,833.0372291230249,2698.318243823945,4.814410682902437,263.03552419873085,398.5177974814073,18.506706931378755,9.885315636242199,8.284648222660712,7.5893496999699686,18.20357802960783,1.9987736530463562,0.1914940907226153,1.083151793222929
2022-08-10,2669.5562019294043,28.170221139173307,836.0284453919573,2723.8584798831357,4.8934793466599285,261.99809553635987,393.73839407554414,18.74296780594897,9.658139405468106,8.40511214748502,7.6916290619129395,18.45239668301575,2.021009623503924,0.19516856812511854,1.1095560927750072
2022-08-11,2647.559078570329,28.12891138576172,838.3419194300417,2694.6190556425113,4.949366150358874,264.00130105517707,392.0681453278869,19.25744612749661,9.544494496253996,8.417705561298307,7.678974284976528,18.306762809953486,2.0295932062057807,0.19537095566082874,1.1115461140965681
2022-08-12,2625.7903110826287,27.92230562981981,834.4419119003799,2653.7456044330434,4.953147854657355,259.8867385370599,387.8617996761331,19.02494968373924,9.59676951210628,8.357271329947675,7.62196820112245,18.18760346535248,2.0151682196175518,0.19257201901465082,1.0972860013797776
2022-08-15,2620.2588368110137,27.984514948752413,832.058772151471,2663.94060200392,4.907307940082696,253.4412224067883,378.40335593615004,18.97915920848838,9.644677485712341,8.46116517564105,7.706777689526522,18.498706780103653,2.0380514300105306,0.19208619200343485,1.1019898843846967
2022-08-16,2640.0890572347757,28.03009258725215,824.1729396275168,2663.651839417842,4.917602122939172,255.23982250943098,383.1428904586885,18.980354101429,9.620019783339933,8.433857481971021,7.675727537449167,18.414970525863907,2.0461986533598826,0.1940344517058303,1.1037504418846038
2022-08-17,2607.4699948541647,27.717785748790902,832.6068997745089,2651.3084096924727,4.869150440557204,261.9795653466938,386.60674529624595,19.42124351322131,9.736032898261247,8.442463374911613,7.6907515498213,18.230961992587673,2.05232637197151,0.1950794280731706,1.0923512762239556
2022-08-18,2604.9747543954545,27.69500922177645,831.7470946284388,2684.176506293667,4.852415931702891,260.05782362902397,388.0730449798182,19.447321028861694,9.742829999395179,8.440664413600413,7.658862271462773,18.298550810948665,2.0469521326429865,0.19931760646879373,1.1023091517555317
2022-08-19,2637.0274196526975,27.627780053193213,836.947519874011,2711.7725011858593,4.859193941202266,253.2991754786103,374.9267551868003,19.26945911812925,9.543903010342314,8.509418322039243,7.610501498284812,18.386336777780333,2.0577688573945827,0.1996468053420666,1.1057468450640937
2022-08-22,2616.569152428765,27.74068090590078,834.5352576992237,2720.269386228153,4.8682034253040705,254.54045084958054,375.9521048348605,19.36487789867963,9.643453578297946,8.563734496631785,7.52991008801242,18.438802366476516,2.0513316631268985,0.198570107761127,1.109915423600724
2022-08-23,2633.659734529385,27.844246618276262,840.2826016010555,2707.359525037654,4.833404220199972,259.12315024553527,384.3477716221954,19.21431686875603,9.741522771234735,8.839355534503824,7.696833520995698,18.950152172430222,2.051041204561135,0.1974913187578191,1.1269447731437787
2022-08-24,2641.3947753965253,27.774286168453145,846.3577004390733,2743.979682716076,4.8365319197542505,266.819500543712,400.0482368175175,19.83440292288708,9.976346931984379,9.044584182523511,7.724659431687237,19.35540371591706,2.0673227604915976,0.19874018494393333,1.124323389209022
2022-08-25,2646.765483851048,28.18970045737441,853.2749883411276,2742.0651229433533,4.8653737057760935,270.45418926790006,408.4257506336724,19.904233447453393,10.076128875351388,9.027687292907935,7.723237107368947,19.430319541972704,2.065449813620986,0.19976645707251708,1.1328988945474319
2022-08-26,2600.2298240888886,27.693833082405128,845.2530737634253,2728.8286498540697,4.838445996675299,270.5463361704413,404.580107730215,19.65145788061105,10.076088186420167,8.900424635139046,7.707251504241881,19.112170806521338,2.0992587290915656,0.20142530346154103,1.1515044263786278
2022-08-29,2631.0160309872244,27.84028634544662,844.1455075189568,2718.7920424878657,4.809223322463423,272.74359575892225,403.9408884563601,19.263501336215057,10.1882150912691,8.879000413166114,7.65551810468904,19.110562001480158,2.083031027633332,0.19730691710641846,1.1398121903801568
2022-08-30,2603.395418635907,27.807922922757914,844.13049915765,2692.8386579918224,4.8570865549355435,270.09439737211295,406.9843540048315,19.189053474006183,10.152554481829224,8.855009962045285,7.602914047169225,19.237054748164773,2.1014097505796325,0.20068248029002653,1.152975176805756
2022-08-31,2632.359845808496,28.163438876143445,853.5324362730886,2672.0085140751116,4.8121152840552135,269.8590010787803,404.84578254709214,19.344854883305455,10.17399056768232,8.775753837269377,7.510889978048488,19.019753522853495,2.1165779070461226,0.20219907212377963,1.1627897876568434
2022-09-01,2668.512071917566,28.24902271809788,868.1270587656214,2688.645982883999,4.801726040263134,274.80480521338706,412.1127736059091,19.49321568962093,10.440447829474616,8.701118993032095,7.44348825513618,18.953133431027666,2.093033222439266,0.19974666166368177,1.1383346791391233
2022-09-02,2651.5445280301406,28.38982768950099,876.7900361991758,2664.299384159735,4.808901764485164,272.9164729744963,418.18355160651714,19.59289520383089,10.572786358392461,8.744672259494397,7.455627015613968,19.08786977206872,2.1004251698785614,0.20085882078880354,1.1441262782977164
2022-09-05,2657.932376404207,28.500466529998622,876.1729952173029,2656.612854989609,4.823556586280184,267.11982293380373,414.877962154975,19.251921904578378,10.501951024302123,8.79973526636158,7.3654777792973904,19.131185743789693,2.109163563055901,0.20275505681932104,1.1483297589757853
2022-09-06,2648.793639491378,28.754086467320217,883.8917171099832,2656.388587603916,4.833480169692815,277.29473683504455,426.47001251184855,19.426812863633703,10.74139952941368,8.772371902566729,7.358407172842354,18.985195154064417,2.071374983888473,0.19906984364919617,1.1304115893892521
2022-09-07,2670.7455876232284,28.69981213031845,882.7595372512059,2686.9431508782154,4.844586224386714,275.4812735560907,419.7127817443795,19.274181942841306,10.63170057192701,8.778682384804666,7.335698846473688,19.167691984644517,2.0702778661569816,0.1978416917597543,1.1210190922447631
2022-09-08,2645.101858742606,28.554505690926245,883.7453333027692,2696.4061409302462,4.795065216890835,277.53348131980306,416.68675382027817,19.160709673734413,10.600709343498734,8.664787550178252,7.260875859902912,18.918603854960498,2.0878067819678447,0.20127960098569198,1.1190256286387228
2022-09-09,2668.1591639790613,28.44488610202617,886.3907071592422,2708.0719058682744,4.7553633480447095,275.0777924345327,412.8228240037964,18.853272330314013,10.628685983700073,8.780089892967464,7.300303644852198,19.22046698340448,2.108222611611253,0.20477949333182377,1.1384597234412959
2022-09-12,2692.965069297545,28.26968076199934,881.7340241133429,2689.407638368747,4.727343344240884,279.25669506999355,414.31332596607234,18.724964624657172,10.746328772894364,8.793370668596113,7.296766696029882,19.244218724930995,2.1017419320874904,0.2018654102178952,1.1249861171282904
2022-09-13,2682.9280342884063,28.11514291189713,885.7452533114639,2686.5984416584633,4.760855479004205,277.29105037581064,414.8080058910042,18.746974863173786,10.727824632986382,8.773117868301783,7.38150144174013,19.4984620193697,2.1171784022029208,0.20300634011064858,1.1255896179632545
2022-09-14,2670.0271786546605,28.004933644337328,890.6576650690112,2709.774532654891,4.70932775438227,277.326367811388,410.9969123243148,18.656962168732136,10.550775572078928,8.696212209635771,7.293949638830402,19.369845869946758,2.1171663289019893,0.20112759497596927,1.1254073246346439
2022-09-15,2675.392645742425,28.133811278894427,902.4768298234208,2718.659723034035,4.80859423914557,278.0824763521679,415.2813626239861,18.655174738843264,10.621493655553529,8.79260668678928,7.402472093716417,19.78091661037765,2.138311423839822,0.2005668469302189,1.1235513584282688
2022-09-16,2683.0790042720514,27.879475030925,904.4153949444615,2703.475402093837,4.813637972219298,278.8658450151874,416.89130099606075,18.724301524113297,10.794375513740496,8.694464926218938,7.376765440118115,19.64352261043037,2.13124764557243,0.20004811268356637,1.1250421946703635
2022-09-19,2713.1195775259002,28.247794237660187,893.7570837912534,2721.8225210774103,4.85265976692217,281.1095988761801,417.6215342731049,18.962154732757547,10.998664021497772,8.6402319924071,7.3837034469341845,19.497775626807606,2.131348930034387,0.20095663978470107,1.124703417576424
2022-09-20,2771.3224197176623,28.663829659353986,895.1857494018294,2754.500284898185,4.97911814575248,285.20968866072525,424.2678752398954,18.893827869834908,11.150509866521315,8.792096737329135,7.416891272881974,19.91008993429622,2.1342698385125782,0.20056220729718202,1.1403519484425746
2022-09-21,2791.9468700958264,29.070547061256693,898.7008280402475,2764.5749613290614,5.005764228736334,281.54375452614494,414.5418504792574,19.048285269174794,10.997992421349684,8.814564442081217,7.464543648405855,19.851674845819847,2.140191088151198,0.20233377752698942,1.1457312374828477
2022-09-22,2775.9374210227684,28.780878804780677,887.6945920724767,2743.6447218367025,5.094254447731782,275.3712693659419,414.9316310460325,18.80909520113236,11.287935683870213,8.99748089820547,7.551131630873093,20.169249391300756,2.1453394532026344,0.20215343057907834,1.1409201532828237
2022-09-23,2749.7535527261725,28.694210882631072,876.4511925844083,2738.5739897256863,5.16150794340465,277.04982308723004,415.4209031322614,18.657674924004112,11.379032796907325,9.01531392373134,7.4545031108243816,20.168604356983913,2.1435669867515426,0.20087140788674177,1.1279564770840946
2022-09-26,2727.9163959050875,29.154871544830698,873.3127040402358,2723.019399015621,5.20948061810727,279.9783042865257,420.6278427649441,18.73637247491968,11.479980158770331,9.016345779340202,7.280401209166209,19.954637842871588,2.158020399747289,0.2036717071899295,1.1405847347222813
2022-09-27,2719.2477607033734,28.942102872987718,871.6108391907029,2706.0848833729156,5.23730124411446,276.57591657226675,416.681486048234,18.69247920703161,11.276827577402793,8.823044975641597,7.223162931964054,19.864321335463814,2.13850806148788,0.2038930211967082,1.116099930314986
2022-09-28,2742.922824684022,29.121100363801894,874.5064951343439,2718.185846496329,5.185723289384737,275.4198673521368,424.8341247769995,18.30126073513149,11.312340090888345,8.741806889953734,7.064186791841409,19.611837994183414,2.1328182459114036,0.2044747370237264,1.1113368736439886
2022-09-29,2768.527911051205,29.357786564856667,880.599347880682,2728.22708975587,5.182786404069406,275.2767087434992,424.80922145173724,18.031508397537458,11.329724684793527,8.841554825033283,7.1188533091544315,19.65546820611764,2.1296184866807817,0.2050775648690863,1.1003353191167446
2022-09-30,2785.8172256024272,29.91985941045677,890.7787578114198,2755.8298402215883,5.301732999226347,270.4859483183618,418.5700626282186,18.27866665322886,11.203779990664568,9.024905254651678,7.271203411585986,19.959728583453774,2.1486075002148843,0.20696100874547455,1.1073046373567756
2022-10-03,2795.4627248549295,30.3766888531952,895.8994367848333,2813.819927802668,5.288129499362419,269.06953007130545,414.4466797121726,18.060804845160806,11.120739749925628,8.977742274832806,7.297363654699163,20.01092299333512,2.1630869076718886,0.20901509102979338,1.1047494596641758
2022-10-04,2790.403312412271,30.31681189585676,887.5392948954342,2824.5723219555975,5.299275033516777,271.74520909346063,407.8286774130852,18.02887519453246,10.964567627014004,8.974453851225757,7.408512011524109,20.10225171899166,2.166104822811392,0.20922373903068503,1.1211134130038136
2022-10-05,2788.7542196968357,30.19097940015305,884.6629649670923,2822.247261403218,5.280986702672723,265.8102495639331,406.65460764607076,17.993594739497528,11.055561561733112,8.93521710179954,7.314224408994949,19.7114789429529,2.1572623539943416,0.20663065717747833,1.131730155793927
2022-10-06,2801.995991508158,30.058334893412393,885.2047723544865,2811.114775561329,5.226181633091772,261.90515287441934,401.7991529177679,17.651831106539586,10.864449028768526,8.971563992020865,7.40052702456434,19.587667530397425,2.145949562401447,0.20570353423829565,1.1307699140626455
2022-10-07,2789.5611814353097,30.440811108848642,887.9945623512348,2807.8653039387464,5.258449165543058,266.3879358432659,403.81982932802146,17.971924631280476,11.09396291044186,8.931880947119101,7.3787117270738,19.42577536300253,2.174905971985101,0.2097969455729803,1.146533434462704
2022-10-10,2769.0411313262703,30.68301721665023,885.1976710417935,2831.8817665197057,5.288805544983191,264.9938509651237,407.486145959822,17.859822460231467,11.235964910183549,8.848267079539639,7.304788800462614,19.344392465571243,2.1501073114600255,0.21193929919623236,1.134102991541819
2022-10-11,2771.687608291108,30.459261616675498,875.8260632910043,2821.8685795014057,5.1745549916839195,265.6964466442491,414.81510608623023,18.14615637062024,11.322576160306879,8.810156905525645,7.249833459254516,19.20437877413796,2.1963291631928543,0.21475465745723035,1.15339021110672
2022-10-12,2802.1706374894316,30.415107723409825,881.6493833983335,2839.775342524566,5.144930168304063,257.5688529799398,411.47025522868927,17.73767969664828,11.130946455955796,8.955841271433023,7.325542610248676,19.28872014953333,2.1797174523990788,0.2148337264712101,1.1434683073647205
2022-10-13,2795.425810429393,30.456367624629568,881.0738921233545,2868.1936902845137,5.130851027726664,259.1802110130931,409.6349708648197,18.181480411850078,11.160683004076141,9.060924770761883,7.322884001539295,19.381359882134056,2.1721820968667847,0.2141305062087046,1.1272346545096763
2022-10-14,2811.120941346736,30.667363826819887,882.6260267390372,2865.4335644800353,5.1219161264531845,264.71331309805765,420.52451897983224,18.50996558880258,11.37851630838021,9.222027996055422,7.388465115419058,19.470513123074127,2.1717779765622525,0.21648761696795535,1.1287623015608526
2022-10-17,2808.41537689914,30.40789312715748,874.1249524135493,2845.3144419846435,5.146064749164157,264.19757733150476,413.8879702799075,18.14381969861733,11.19368450122467,9.330586923474893,7.482711314498864,19.77171950163595,2.1633744400742776,0.21483720340320583,1.1169801506325117
2022-10-18,2816.359834318047,30.606998451783166,864.3543051396639,2838.0904252444566,5.0952031135630085,266.3824117876288,421.46169437612946,18.028907853911743,11.283086781944363,9.309099736902269,7.4048966673422,19.75232007085067,2.1323277726320042,0.2124134984734596,1.1112086538841015
2022-10-19,2819.6622868382447,30.72628620135115,866.4400112786542,2844.812691482034,5.084924541711649,260.8716286349736,418.07588124926656,18.067723226284592,11.448271541187077,9.355495971995204,7.453443766796789,19.902872657302144,2.156326372446548,0.21391194919999645,1.1117337486543952
2022-10-20,2822.169608454844,30.77435699283788,868.816572119353,2819.596881656395,5.043543901690098,256.2759074133353,416.7885951009921,18.022379375947704,11.535346715154297,9.485816218441217,7.461990315831245,20.1074841838466,2.1466129750562057,0.2131058537309065,1.1028983718206828
2022-10-21,2816.27201414206,30.77664103589971,873.0752745545226,2821.4767363148985,5.022723766938857,256.5345341904271,409.453714698028,17.98860643300434,11.426463051753819,9.491790552165325,7.506638736747888,20.16628448814065,2.162907617799279,0.2163027498098586,1.116808188399551
2022-10-24,2833.517802000948,30.812992146400006,880.103662069247,2819.551285321533,5.030553776524865,255.24929934182245,417.4679537729517,18.014580265282074,11.273638696245577,9.536863194578704,7.582877319540701,20.36780795694426,2.144070130942067,0.21809023808363012,1.123936317346136
2022-10-25,2815.068698013261,30.59200371155824,884.7324257494557,2799.3422904777376,4.986094619753764,255.22396854296784,422.43029628276906,18.128462132947504,11.276092233604011,9.639259877654498,7.627498574594451,20.35951784212958,2.1264570283471667,0.21580166830119077,1.124239353933226
2022-10-26,2794.8979295301697,30.73298245493122,872.1769870977828,2780.0996857504542,5.001819498117995,253.1911047863077,419.70333409987956,17.948895456563214,11.202536166812427,9.830990918969913,7.70814180552106,20.693725461020602,2.127689322529354,0.21490129273848435,1.1429140409093637
2022-10-27,2800.0707705990185,30.49415553888438,870.2847023978657,2810.0422509165433,4.905748479177761,255.2921555013064,413.3835910037124,17.774104531263617,11.272757560862143,9.684921502630647,7.679729513019973,20.391977680438064,2.139143160487903,0.21472347604721267,1.1381062243319213
2022-10-28,2820.617814417517,30.989522323071483,879.4224081780577,2843.75027611273,4.932355793866473,255.8342371001619,426.42821225616694,18.09451838750288,11.178934836796877,9.607841656291962,7.653736866452441,20.306814049019916,2.163383129493506,0.21858276867703885,1.1440958483009591
2022-10-31,2791.6981926458006,30.988497617219515,878.2103741698367,2817.3477475024956,4.950205325102125,255.64959358844078,424.31318872996036,17.948000322197466,10.973338664956414,9.522412552374803,7.54555459363461,20.14574973280245,2.1554517821318315,0.21907781744274593,1.1487583565132997
2022-11-01,2795.83534776759,30.942669197508735,876.1596034423301,2821.165490299549,5.0091708263326336,254.3013468187874,423.4468088218149,17.9427583324523,11.092793378833582,9.575913382293294,7.626586316419104,20.0934808266372,2.1723859440085738,0.22047859089932456,1.1486057407598271
2022-11-02,2790.981943167484,31.06803607588885,881.6681598029973,2826.0582712613445,4.988660745097135,254.17590586243617,421.90059531726047,18.025208753538248,11.271152887330693,9.552923615261072,7.6463769126618795,19.95327263985996,2.1951392160404595,0.22124187312216947,1.1548442241394024
2022-11-03,2843.0943694751763,31.514551800444515,888.2693120957689,2827.9151147182865,5.074035492787154,258.1432561090986,423.8360000773408,18.459023761027876,11.352926150470447,9.385405040288664,7.619750303180243,20.170734658390582,2.2472594439751985,0.22356285496367834,1.1841054611478117
2022-11-04,2850.5956946823535,31.62575278795611,880.9194514636076,2836.478887143002,5.144648811934856,250.75706623404037,414.3201749570979,18.165305226867034,11.196663531139027,9.33521220574218,7.6881226098787865,20.048003546820897,2.292664227171929,0.22900738039822496,1.205866147318961
2022-11-07,2884.5436030231745,32.17288031302249,893.9377483498491,2861.978665947466,5.167034931507107,254.62927192333783,419.5525390398111,18.444239094438768,11.493888243940932,9.38170595470652,7.665132705005357,20.267119028534704,2.3029184394444813,0.22714667259780735,1.2095077666327563
2022-11-08,2840.2286875617247,31.539850148343536,896.0409468783937,2844.6196182338686,5.107093760382249,251.89460418631063,428.12819578654717,17.949885619023345,11.514328052759138,9.300491412546757,7.5968186067432475,20.028560959179263,2.2526753003293027,0.22116362747664134,1.1722321966906029
2022-11-09,2857.6768011197682,31.424450743098305,904.8574214068815,2861.306239787399,5.1844392536276205,254.72931449123547,427.3485190002815,18.163331237104227,11.774361085060072,9.25588882749922,7.581636148116518,20.18757458230093,2.251725749713688,0.2185742140512138,1.1598671162272756
2022-11-10,2846.8395387843616,31.627241852257736,917.0763790697478,2890.9084058070157,5.186707610427518,251.36848339096105,426.72923751110227,18.362430135229094,11.531610123607019,9.210663945630772,7.515703350780751,20.133069675566194,2.2550856946629407,0.22105437742684525,1.166293565093926
2022-11-11,2909.716795678797,32.232535014882316,928.6326357284495,2975.278577883746,5.129085690428093,253.97422324040065,438.25548023581104,18.53189619691811,12.023773544311789,9.214172151960135,7.511970493663097,20.2877136145028,2.250531749294577,0.2195680477044523,1.16102771876348
2022-11-14,2905.2855337426613,32.44662429379975,939.139098391672,2978.0944668662187,5.127751987344751,248.55988896339304,438.2295626261113,18.5909009279676,11.880268314660613,9.209923932639645,7.506666394210278,20.43177258919031,2.235744699157507,0.21889067541222168,1.1507862238610942
2022-11-15,2900.842733498401,32.503118220769345,939.0468011218895,3010.1379970888697,5.1456144295319675,251.4299963185693,444.16549283512035,18.795541295327713,11.95709350841852,9.086577269367746,7.501297190511664,20.155866528343935,2.218561564566115,0.2166503180389342,1.150785043616187
2022-11-16,2913.6114229409213,32.621647587631685,938.8166163619901,3018.8068420929944,5.153112591796308,250.29341267392624,443.0125633500961,18.798796567960405,11.978974339612497,9.120815977430242,7.487041577262951,20.096486614124036,2.17921869098523,0.2141750834940892,1.1325388840767159
2022-11-17,2900.5151633254595,32.41823940952668,953.6826454954884,3020.03384493769,5.163787639939964,245.61984184563588,439.0106858334123,18.77708108573182,12.080719989447232,9.073698298480789,7.5188387174563,20.06786215760388,2.185784991534842,0.21065989903934934,1.1368970028324519
2022-11-18,2892.6146592314176,32.55382077002225,943.4011341913783,3016.6636711393808,5.256850055031598,243.9821491763885,447.5456262541841,19.145849359590155,12.455781455475305,9.189249463903826,7.595643668206819,19.94492928561689,2.189753311809783,0.21199713784191573,1.153444055178831
2022-11-21,2887.59518927962,32.54592011496574,942.2090890382287,3038.4852303328244,5.234166898809842,244.4363527651398,443.967363226552,19.175242945530375,12.49177077322251,9.118091649602269,7.614281221902945,20.09018837637174,2.1885300639889382,0.20991060552449312,1.1386265176411137
2022-11-22,2862.760272856233,32.421587928847494,937.265695195805,3006.3574652538914,5.302908846892275,243.86050407227918,445.5369725912008,18.990869647527685,12.454006499281196,9.018947741797241,7.596346398487793,19.79693989729232,2.1735843300439734,0.20985709032087113,1.1404333729842493
2022-11-23,2889.686711983272,32.534029029791,950.2138647164011,3042.153609074963,5.370019487149167,245.26085931239385,445.86724744151553,19.432071856297796,12.563578053509595,8.881032275641378,7.597010148111256,19.564957943679477,2.153257713617343,0.20886006972632232,1.1367031885045193
2022-11-24,2908.934081120923,32.94630919022855,961.4102929017847,3075.7409833252605,5.36482144699928,254.13969812531278,451.11701735467904,19.83454218621357,12.99407176179371,8.71621086125179,7.435158806644242,19.256449079379248,2.1550554850486434,0.20916592370190057,1.1433224012087029
2022-11-25,2885.64623399894,33.20203485363642,955.0264196367349,3080.741155154582,5.363526571006311,252.22842760664477,446.0646038866493,19.548440937510286,12.932031702762192,8.649906874510403,7.406069808897201,18.991704238003308,2.146577942879159,0.20810002565740257,1.1476928135231375
2022-11-28,2910.9363694700014,32.895727296356135,952.7663841234015,3057.4455332434263,5.398715681425066,252.78747703857624,441.6935678799745,19.681641089736125,12.98155511253838,8.552326164555652,7.308533981400707,18.81646515781222,2.14213162308097,0.20793928776722742,1.1480742099145314
2022-11-29,2933.598327258593,33.17133497139949,953.8152704873638,3095.17887912677,5.43487919220303,253.09830924583775,443.1936658117203,19.965904196413533,12.931142659066998,8.631522007704007,7.327538461425061,18.82797631869523,2.1487495969716344,0.20822749386336278,1.1550520937352238
2022-11-30,2978.1674916618103,33.59553883918052,976.7674025632883,3117.8258290205,5.419602485003105,256.97117588155163,440.37999339487357,20.07636837909905,12.98301543271221,8.66711911944722,7.377611481793677,18.859497276526778,2.186428390967105,0.21067824284307143,1.1739191477577873
2022-12-01,2948.088844824109,33.53951004491802,976.2061784775489,3118.4356318942177,5.382761990059303,258.2709944644599,446.23775950956804,20.165150443246375,12.927667898981987,8.45515576082477,7.235954613205384,18.60703788905681,2.17815295903263,0.2102945828447914,1.1617035859057876
2022-12-02,2947.3868287368487,33.36896238383193,973.8989425152074,3104.5395933916916,5.366012494256761,253.7274836737519,450.3632654413852,20.356960383589033,12.825575145913454,8.458420581164326,7.2533764518891415,18.573734748142947,2.144781573732581,0.20529502104527286,1.136298188627393
2022-12-05,2909.4646511206297,33.11504939166217,962.9211045064754,3065.460102336016,5.3142123543427395,255.26025525025673,449.6370529176198,20.51619711013415,12.751089266853574,8.378828592937879,7.132557936582517,18.38252689808297,2.1385397767012964,0.20749108886397077,1.1442785713895323
2022-12-06,2922.3670797841237,33.12876034340526,969.7701185530033,3100.7046235602893,5.391669728690469,253.7433289850474,448.83201439102965,20.292934347871416,12.808056501417882,8.505015902731536,7.2627299998597925,18.403668647150326,2.137498212349125,0.20829341284231923,1.153484989546688
2022-12-07,2941.974475683654,33.37385170556925,973.3336793186659,3116.1794290411262,5.405684123491221,254.9495100683353,460.93990023922487,20.618133720579106,12.97503325329042,8.54608323777801,7.288679518752266,18.62218146347297,2.088750607536663,0.20603783423505295,1.1501958763004516
2022-12-08,2962.667224142327,33.519974755632035,980.4131356942647,3107.120549434154,5.415573742317343,258.3237911973855,461.1864813076726,20.408310142458973,13.145754857162018,8.520753241334802,7.27156896436208,18.572514604270225,2.1078539515330617,0.20691428012740987,1.1522786841617194
2022-12-09,3000.0204282406767,33.764163142764716,992.1001851071634,3121.4592172085368,5.367081114469944,256.0797833179756,461.1981889000766,20.198124203649044,12.956556509615101,8.588686181642544,7.337421732814386,18.616600321924437,2.087646698977292,0.206641736312677,1.1472525799869557
2022-12-12,2988.037636998532,33.63669352632938,983.7227641887652,3093.170109596958,5.420871705421069,252.24038543771084,458.9181702453821,20.161076093881288,12.956743169195423,8.525174352812757,7.356971043848682,18.42860633840949,2.071524075705124,0.207088957421449,1.1414588929543483
2022-12-13,3023.4186376207663,33.53203139257667,980.9005041868971,3092.634454705905,5.488820351350669,252.2024081813578,459.93121656638186,20.58894049107415,13.150020611140318,8.618427075491638,7.33828312742049,18.464209504042376,2.067511895767419,0.2061035913352478,1.1358188591335827
2022-12-14,3045.641001055641,33.4982428577358,980.2229953268002,3113.1131263913853,5.4716144658011086,252.39369798855833,454.02312938543895,20.505001218582272,12.846885404020023,8.734721793749674,7.447141830299121,18.687082903077147,2.0838850255992405,0.2093650772903358,1.1433612301910094
2022-12-15,3031.6799999286723,33.639759247943246,981.9763623679004,3117.721316287511,5.538516834066026,258.3152343274841,445.62026719476137,21.131427524930427,13.068522793409807,8.73238909450836,7.486389136330259,18.785453917411306,2.0943277108967604,0.20923155792265427,1.1553178898216316
2022-12-16,3096.7364247697333,34.00680528310491,986.5838299637109,3120.665663077319,5.457088289158112,255.90346638218148,448.50775207712496,20.784793090174425,12.964189203127619,8.667700030933371,7.303516161746867,18.36786739807877,2.0931230006076937,0.20977926452726967,1.1435999671236357
2022-12-19,3122.807221125439,33.85520436089581,993.0334515025227,3151.2929198681077,5.560140924988851,253.50886610525225,448.06634122749864,21.37917756119331,13.327258305923413,8.564668728821175,7.327095701055921,18.296009589171856,2.102968192666478,0.21183101664705212,1.1498805932853589
2022-12-20,3071.5463445517366,33.57210182467401,988.197796820532,3141.4127248263494,5.578440026070652,250.36626853753032,443.7843182619562,21.138474452757265,13.042368119955032,8.503056632221913,7.316434202442734,18.277616167797028,2.106109239956654,0.21062149264020968,1.1468416883383605
2022-12-21,3110.872225455406,33.59859693390783,1002.5961874000559,3150.497615401834,5.672612443760971,251.7735608282037,455.7929753828935,21.21430512840409,13.20871079204566,8.530274026460665,7.352254823724977,18.61025470353106,2.106528424615508,0.2118814021558564,1.1453114778938362
2022-12-22,3102.548321122953,33.8111447368112,1003.9931410563125,3135.7770150878596,5.667980570504346,251.91184518616285,455.04583085530123,20.810338229693674,13.291927214341836,8.611489053192344,7.316255446566345,18.785206906267284,2.082103549127217,0.20943252034776422,1.1245796092658902
2022-12-23,3072.1559360402325,34.06093840696354,994.93104324653,3162.9519825190528,5.5931597587654736,244.30385016003115,453.81641816339214,20.614230680674005,13.072897326904931,8.345525966399373,7.2164341652673105,18.53853131793212,2.0894656689893765,0.20840147605886727,1.1128969535322006
2022-12-26,3027.4635038650995,33.95523412621243,987.031948841743,3121.341111033893,5.671039087002048,248.64490183649383,466.1336357888084,20.63680901449739,13.10775356040008,8.353792702021028,7.288913002225257,18.666802112219955,2.0799523965735878,0.2085126540882545,1.113417691891948
2022-12-27,3041.805415600426,34.28675131550322,987.4101648421157,3148.796802021377,5.6584395790092845,245.29735775112968,471.8950537840826,20.365441979304585,13.107361073378618,8.425736858315313,7.383869803065793,18.688645739356495,2.095125144468714,0.21077290072514385,1.1140506210853132
2022-12-28,3060.4478820725203,34.469081853818395,993.309449893575,3164.945120953756,5.634336476586585,250.56514815593405,465.7792172757461,20.452635245560685,13.122883694108259,8.473176932181389,7.401101362879181,18.62658168103197,2.0896290505943735,0.21070608250285225,1.118434718487634
2022-12-29,3082.3411448725305,34.23181258358092,995.6514244374375,3193.985093290474,5.649475897421246,247.46624493445267,464.13660399117765,20.478218945684144,13.419226152139498,8.469415446821607,7.414745313029863,18.640480940573628,2.093387578181299,0.2137475770728447,1.1328012721911256
2022-12-30,3095.902918063555,34.61755865579988,994.0902850825887,3185.772763126016,5.543415534296686,249.71112927290434,462.39418641786824,20.7486832850221,13.63061448381724,8.409664290288694,7.316148763508953,18.572106243416364,2.0876575213937345,0.21215808708567413,1.1292394714867309
2023-01-02,3091.4193716888617,34.66506902170203,987.148618461589,3187.239480209742,5.5667719460977825,249.3730852494871,459.3944024074269,20.326552692316756,13.534948907133753,8.336789059740312,7.342529988978317,18.60396395807292,2.1131126594996643,0.2178463407931762,1.1394025148466467
2023-01-03,3152.0005338156825,34.94992459854035,1019.7631822302603,3208.6765466644165,5.602918972609903,253.43044049393822,469.431599161594,20.72774611693893,13.557317113993161,8.341070298549521,7.2699107658631235,18.534513239179017,2.152668660698547,0.21952023748631155,1.1539393642781623
2023-01-04,3167.367163213897,34.637930756348425,1036.8670305536155,3233.668167718136,5.643056881668201,252.02063718219068,464.96118812927426,21.129961512797614,13.476067486104139,8.408296175087921,7.243240896083831,18.68710942576367,2.17557510882343,0.22245185495682812,1.1767200030053422
2023-01-05,3198.841327731066,34.629856664420885,1048.8964384216204,3262.805577078112,5.561628746325141,250.91409207606426,464.5287436848932,20.962023223846813,13.295264976143516,8.315052835349373,7.216890143621825,18.580352209648186,2.1576174068184963,0.22244135895007427,1.1640322644053116
2023-01-06,3190.9447879154873,34.2248750115723,1036.8636135676106,3248.942955510246,5.611728013365391,252.84558870886062,463.74496255580664,20.623884837968497,13.126590284223694,8.261491255961646,7.162057166301097,18.565455892940307,2.162999131922458,0.2222492518867556,1.1716012957806
2023-01-09,3191.252466478488,34.019186607019094,1033.452874210165,3218.6927621046734,5.633935463147001,261.80144734195926,469.97296118112905,20.99995366823971,13.39825573039232,8.279582917035292,7.124523688859964,18.503479979610514,2.1380605306443234,0.22221279724666598,1.1662466304886583
2023-01-10,3179.1618617734175,33.949116499556766,1040.299240012306,3213.744448940879,5.574667957481606,262.2400660920587,471.4421225394516,20.977379453063175,13.157054041169726,8.2313274530713,7.090067863757814,18.16034593389986,2.1362745517056982,0.21970947708541574,1.1630348115772842
2023-01-11,3188.9475374809117,34.01295175120547,1047.3084434846803,3201.5595203904977,5.629265881953047,262.0855007791466,470.37464265618536,21.38841264976357,13.107347222284686,8.244111022715337,7.070553298528255,18.29588435221933,2.140744907341703,0.21818789143463765,1.171349135197284
2023-01-12,3180.504333763395,33.86747359730143,1039.1316029029742,3200.774470638341,5.6662897240862025,261.3442447672819,474.6717757647232,21.216008506228025,13.058715573981384,8.25782045665167,7.084652659557476,18.219613229607194,2.1510451510243067,0.21726299641516278,1.1689201067107915
2023-01-13,3202.5835474835717,34.108366333990816,1040.7578179439367,3217.852173433707,5.679395159376544,262.08620050824453,471.7039650367469,21.28525684971831,12.790299349246677,8.352747042837942,7.111842320348113,18.722129673758715,2.1242432483318776,0.21356236604112128,1.154970908100296
2023-01-16,3239.4397717417905,34.34637893722878,1049.5308600756005,3222.9847505799257,5.682466455887139,260.13891845439963,467.5713792116469,21.343719974930714,12.902029296156055,8.414401574622186,7.106630812333695,18.863749786440675,2.153410356309858,0.2149476117746838,1.169276242337158
2023-01-17,3266.9522627019664,34.51030396935226,1054.9908245650302,3253.1678637785385,5.723844847704843,263.05258981266684,476.9788158865488,21.90168247756579,13.227605755942225,8.404544163472197,7.109878104043405,18.968702526577037,2.165491955959886,0.21739675132286126,1.1890512560539142
2023-01-18,3312.5721105205334,34.588014446886994,1066.8268486941392,3304.799287638566,5.809347922820296,261.6549220082036,464.9636229368304,21.644449017255692,13.107320680498278,8.617938386375908,7.178642202296971,19.192942752611238,2.1770470680238434,0.2182126002173579,1.2103185303386883
2023-01-19,3341.0862691768666,34.72132516925595,1060.1384766816307,3289.704754976456,5.832739994727539,267.42964870121415,470.7821305204154,21.369877200631805,13.351706605395643,8.74023931318369,7.165973326451616,19.5202600317795,2.1699999083800408,0.21955984078502236,1.2124668265433232
2023-01-20,3335.4109848825346,34.954603380287416,1053.8962492842925,3323.443203140024,5.839144108732174,270.1351555815207,483.04545085992595,21.386828986126083,13.452071484659456,8.713490389828712,7.1557738060411795,19.380202245792777,2.1637749902698817,0.21885475804786925,1.196305887421066
2023-01-23,3358.992746792899,34.88979396314728,1059.9959197521396,3305.196647046838,5.861160210392375,265.1237119354656,482.03307494652813,21.507336929141914,13.39002825918659,8.877287036833053,7.290048108315441,19.459231510860146,2.1786820523941293,0.22078967543031605,1.1895717256132705
2023-01-24,3354.804873874338,35.841998000876806,1065.9569862462824,3365.9111231423394,5.865449623363751,260.87081556816645,481.22027172528277,21.268685839594358,13.282840326908579,8.870655485259904,7.2393354252113165,19.47480241541583,2.1941453290218638,0.22399063683486567,1.2050034986714193
2023-01-25,3343.728306483779,35.62322178216499,1060.6235548375373,3352.4843056054847,5.870074824119733,260.6054174651185,473.0720153601096,20.887852809489893,13.489737854968322,8.909755908907805,7.199288857697398,19.4955291959293,2.1687291148650876,0.22086205314366833,1.1817994074885019
2023-01-26,3318.1396593729164,35.49810357787681,1052.2706294057507,3372.6803413416387,5.9083331956352625,256.6640053365657,482.7304282390935,20.726924450247047,13.339626951774694,8.85268925256215,7.164399526611837,19.4141174221353,2.174434318832072,0.22069298233625284,1.1770216696296696
2023-01-27,3320.2590710228847,35.42548297408163,1054.5264175704121,3413.3680151595076,5.903817470227375,254.98721934741673,480.9009486786905,20.608514151260177,13.034708948428573,8.857792475965923,7.0948044747746,19.335030709451896,2.1371394529644654,0.21831365921652388,1.1742333880076579
2023-01-30,3368.2035448470356,35.7185101349735,1067.3603344407943,3422.059521112521,5.95086556848755,252.38809676367228,488.29804075589294,20.640055486210503,13.051850225704987,8.869107765235649,7.193730849504252,19.462035440463037,2.1231500880156142,0.21739479667796932,1.1740011427453345
2023-01-31,3382.339349330559,35.90782241970466,1080.7899493661055,3446.9847645020814,5.96850412598555,251.0856976746843,483.1935974896705,20.46564075271693,13.10886546223155,8.849642435674614,7.10788068256286,19.138942228368425,2.1499200850355322,0.22004470031332218,1.1783692424834766
2023-02-01,3360.8825132716365,36.251336115553045,1077.4184645763914,3466.508147951017,5.911806550480554,248.36087018893335,488.6130091965557,20.38180056291838,13.110847628903464,8.92280244713335,7.036514945925966,19.360524655956162,2.16847167165627,0.22602926237789003,1.18134952899673
2023-02-02,3360.0433684291497,36.21425055674138,1071.7649141409981,3484.7523150261227,5.850504401309631,252.3947226029217,490.7741167664194,20.621236468968984,13.207746519910351,8.85960415969071,6.912476558495528,19.172566618651643,2.1555817680766767,0.2295014626102089,1.1888996434729442
2023-02-03,3360.412345478673,35.861595140848706,1080.5760707572156,3486.661689561727,5.830134835036068,247.72629887396414,481.3508831406459,20.48818250485965,12.918093220018138,9.006996080044411,6.9489558032651235,19.48623173814501,2.137932109942619,0.22544267519787295,1.1820817458893909
2023-02-06,3351.2101061656144,35.40414371038121,1072.269679379683,3461.2684613815672,5.8204450767202776,246.03981393079926,473.8850314289187,20.495506464743414,12.720095974631208,8.98870549754,6.9129333816482115,19.44545819388708,2.1484132994992238,0.22710400426474395,1.1771448890007203
2023-02-07,3371.3405963216182,35.581428951358085,1075.0712983234084,3427.3575754646345,5.8643932504212914,251.72204233620494,479.23216602425117,21.012205856642055,12.747974902243634,9.030537558947499,7.016921304639778,19.740130858127415,2.1473557403859247,0.2244424313794395,1.1764586427450747
2023-02-08,3416.3643754059317,36.171635519397505,1088.9007031760343,3462.3108254905264,5.849958231880086,254.08044071837594,480.4176953124512,20.57129948067454,12.375743422209288,9.00338598714854,6.9538408557103395,19.742177583213554,2.1715673456806925,0.22619445662895246,1.1978576811824377
2023-02-09,3391.5723792291897,35.80718838818461,1086.7683909027246,3471.944877216091,5.8995771993541215,255.4637477349827,481.76332074483753,20.800469788388728,12.256282587045487,8.98894694675995,7.0045552807715845,19.60199132478248,2.196946617838245,0.23059808957434735,1.1983375640571325
2023-02-10,3341.6306411677288,35.16010079114986,1070.5549125782238,3442.1357978018864,5.890845722081617,258.8332343497146,482.849366015887,20.737630011131476,12.408693841261858,9.027964769077302,6.987647297002956,19.481911567467574,2.2051002324351283,0.23188152018909802,1.198156195189141
2023-02-13,3315.3089195867706,35.092881542825666,1066.2643329570033,3433.379158793069,5.765291241254888,261.2097950329245,486.12032329128704,20.81048040593993,12.450500862992953,9.162918440469678,7.062756785759793,19.843644184755437,2.1886969682635877,0.22743947249781069,1.1656963024210543
2023-02-14,3287.4222949358923,34.82317905704417,1066.6561740789753,3400.0872553238987,5.75879843777111,263.84358529993494,494.9921407006554,21.011219464782897,12.568207535260532,9.13149026130634,7.069487454874045,19.748344735590077,2.2043644522038366,0.22817040954136902,1.180473691768201
2023-02-15,3249.0687625249807,34.22847274809665,1051.7759368343382,3349.404652543164,5.674792814280652,259.89484211776835,485.0097890952864,21.15456505630605,12.774191920155076,9.160452005310482,7.06695141964668,19.733682871476333,2.1879564436774395,0.22778061971176777,1.1680484350579121
2023-02-16,3238.0103970845635,34.28522715448198,1055.051759987383,3328.1586352851627,5.711386908125366,260.38218692912557,489.89476863404707,21.49091173360303,12.845212407331843,9.126154053028126,7.067396404815568,19.70049017110071,2.2199255113549397,0.23276119741147874,1.1857699140064029
2023-02-17,3213.6168155255787,33.78073871397992,1050.3635271382434,3290.267681560173,5.741236753851501,266.12716305341104,489.8568305170015,21.89615395608002,13.067176207910356,8.9970368804019,7.03266835585324,19.656367881120453,2.2197846727453383,0.23497331252057208,1.1868444622429
2023-02-20,3244.528301523873,33.86644196190358,1054.7607804745694,3319.3192217978926,5.8364030990925215,274.4671451984121,515.765981561716,22.598490550689107,13.477379545883258,9.070929071174861,7.106354708021507,19.935363387328547,2.221585337358908,0.23514055295559133,1.1888105852952824
2023-02-21,3214.5416694633973,34.18028631968682,1044.6201929872796,3302.186836019138,5.7481947298212015,271.8790702655714,509.17841001439785,22.33858075176752,13.12231034379476,9.07794043296501,7.1250411043195685,19.957154961623086,2.2003044608961813,0.23188567500055668,1.1655575566194627
2023-02-22,3202.3971890686184,33.737798615506975,1045.4739139936996,3264.2399815264603,5.645274162441138,271.31290562775877,506.92398141098374,21.923147290214374,13.001217042575645,9.108211054997373,7.16170053935737,20.174620946297203,2.1811080238904514,0.2307295599404232,1.1408864962969953
2023-02-23,3193.2963687925235,33.48034041008928,1043.3947977242203,3265.4633408652735,5.676348819514135,279.0334756035186,523.1059786452067,22.546643209108403,13.147214526432036,9.101861219544416,7.088661087519625,19.997970410889682,2.20592485108103,0.23326837268470602,1.145461441262146
2023-02-24,3199.0198396511587,33.40613015871397,1040.2503706487162,3234.04657927725,5.62984868292012,269.9562133294527,514.948826210774,22.26720454790326,13.130062228181789,8.919582077770144,6.9680766604913424,19.519143292724326,2.176749408167299,0.2300781371531266,1.1346636465386384
2023-02-27,3194.5811930578598,33.63679916506943,1047.610206551066,3245.335609891771,5.650775972123897,268.83347474995065,506.60385167002914,22.454817550905666,12.819575079449717,8.84678083183722,6.831455391576874,19.500215365406294,2.1858595439595954,0.23052553788381253,1.1385042725961467
2023-02-28,3169.2821546103482,34.125274111946446,1047.3848395938592,3256.164170835983,5.703635030941228,270.345588541781,506.47994758599725,22.584545789629672,12.896305174621206,8.716151160713466,6.809841340964613,19.34210723110409,2.1822256454516262,0.23147903353101973,1.1304449738961255
2023-03-01,3115.604134356677,34.03067893661479,1037.3530138411252,3246.4079402335014,5.685360619920842,264.85725022973253,508.430339189408,22.4445607708505,12.870733641241245,8.690435689704673,6.758968388516158,19.140893387602475,2.1797360006105184,0.22901442081393836,1.1303690415132086
2023-03-02,3117.622475322303,34.267445707645486,1038.8776104214282,3262.924965690709,5.691459815923461,270.8276584601237,502.0022003444847,22.449950718255874,12.994688946468573,8.654338348633253,6.808736115137884,19.480370508948734,2.1361529978135207,0.2251855420648923,1.117702517195648
2023-03-03,3093.5546413759525,34.14391371418798,1036.857235870347,3261.840579477199,5.660889189087987,274.7033779953482,506.35589524535663,22.525022199900903,13.115381248878428,8.576865219044778,6.722271243528164,19.233955426370905,2.124318817386354,0.2234269634979739,1.1147990659706033
2023-03-06,3094.769824983106,34.76454021261192,1053.7618483849808,3265.799501611726,5.682610018469186,273.90523325089504,505.9128678782415,22.253532699248023,13.061275845418827,8.4353805094483,6.617915283754145,18.90958553685672,2.1544985686744127,0.22620463263345764,1.1288107479994798
2023-03-07,3073.4663112542685,34.89234107603145,1059.6066959169636,3249.9558422617047,5.644005716401496,271.5284930416255,496.3360599996006,22.105414949933515,13.339435154452508,8.425566359201024,6.5901839173618955,18.844172021067322,2.1180080856185985,0.2227403666944171,1.1077793271072853
2023-03-08,3112.108451161628,34.730787805642095,1055.9319917988619,3283.008114802462,5.656937369619394,268.7499505934287,498.01711646392624,21.99275220727362,13.516243196553825,8.463692983478667,6.636510811015972,18.99427256997829,2.1349449094012067,0.22462555592261407,1.1216039308960035
2023-03-09,3104.343378415498,34.32990965893026,1047.9437865982532,3237.9218458279743,5.709072843109156,274.44184404377336,503.35286249608384,22.537768452405746,13.738650416458658,8.422495352867942,6.697159370286143,19.028139013019462,2.0981268028654716,0.22234811077235733,1.1031876574276578
2023-03-10,3089.981063357555,34.64223450802303,1040.1962185806478,3230.478576671565,5.688532204845687,274.905650975546,502.084827862567,22.63738417271209,13.906695748670051,8.500734030052636,6.731999362705284,19.305159032499574,2.119865679082854,0.22460595057721464,1.109694825856691
2023-03-13,3040.2594930972505,34.23411627670656,1028.3922859110355,3212.729634316219,5.649054873788981,264.3183776923416,489.99144914290054,21.934123332625237,13.590811863935794,8.445466921574617,6.716962803288442,19.14212546455708,2.10750237813623,0.2227882234635287,1.1054462984595015
2023-03-14,2995.3864374146174,34.05347914468778,1019.7031254367871,3169.185054382122,5.7108470066423545,268.8517201331642,490.5342943838383,21.951102782205083,13.747659521384282,8.418015847558749,6.728138188827321,19.426440087089354,2.1176762681300674,0.22184771220629781,1.1033032621081678
2023-03-15,2996.3921708107687,33.738550943401066,1024.275505991128,3150.521564873366,5.6820966125470616,271.72698829622095,481.8743556565943,21.850508528805985,13.778921036696653,8.462210614720224,6.725094085144807,19.396699453282277,2.1165407020582956,0.22289730866287727,1.103433517652337
2023-03-16,2967.63472820197,33.314777526132396,1007.6922021777061,3098.3962702850677,5.695462761913966,258.9368274557861,470.52384507740965,21.455511378892883,13.54645246590538,8.355078370469757,6.670710669212871,19.197926144500833,2.1305968895342744,0.23023070905044093,1.1216107633950378
2023-03-17,2945.2590398850703,33.529057909081615,1003.121445071739,3108.5474034533845,5.659577944981044,264.33303984046955,476.4738017596436,21.826701352430682,13.853465671146521,8.261395569630684,6.692892170153519,19.13139973634846,2.1237762259300594,0.2294568617543617,1.1142740361237937
2023-03-20,2940.901530772806,33.38212152140956,993.5926431099483,3072.8835067341697,5.661368093741575,268.3122828356665,484.1781634890248,21.91995376326474,13.876629461873026,8.265024427182027,6.562215547908944,19.002501482268713,2.100791070474176,0.22331992636166256,1.1016426819495546
2023-03-21,2936.3530527245907,32.74913455988627,978.4463991170791,3025.614902971281,5.638099570857177,263.59277083409455,482.73550908962807,21.801919863613854,13.648177936596959,8.186877846013079,6.486779610411016,18.718253585560813,2.1029129966810576,0.22370723366487386,1.089794304569866
2023-03-22,2940.3552680515454,32.45161564824067,973.5671880610084,3038.7735419828164,5.591548730743432,264.5382837415424,483.37243184460965,21.806403762015435,13.692953888680604,8.2091952971945,6.481114741220629,18.811928843471566,2.121005313501356,0.22559858762778767,1.0955970306468825
2023-03-23,2927.7405031683447,32.24696601321641,972.0280339928513,2990.9002340714037,5.633036827732336,264.6853979108268,485.11276829310793,21.57801879078498,13.7580191528245,8.087963568433354,6.3856148461392594,18.87406193890982,2.119170635022747,0.22277507198417623,1.108659230302029
2023-03-24,2969.797843398919,32.275548629399026,982.9843736392971,2994.617617202451,5.609977267828856,265.073746037443,487.41852790169963,21.933348627448407,13.671811433780816,8.037857997123545,6.336718223138366,18.63669259004413,2.151462429065447,0.2252074178081506,1.11555120953969
2023-03-27,2965.5791273823033,32.02351439107509,974.6720465822397,2985.919809057222,5.596175236070192,274.86116081674305,490.2731624779319,22.08708246216569,13.835725030902884,8.097702709869566,6.299274076777491,18.58106545123547,2.1026639834245193,0.22214079862369784,1.0976529020141998
2023-03-28,2976.28038786534,32.07569737145327,977.2600723931201,2979.49651147851,5.625956851436845,274.7472454753147,492.2986359656632,21.93929833513532,13.784312682020104,8.210150692818146,6.373154147212459,18.589650936552196,2.117811368094613,0.22222471233581467,1.1107691871418741
2023-03-29,3009.8673172372737,32.30169932123708,984.4203460313912,2988.210845917007,5.570240756448853,270.77015901658456,494.33922959706877,21.645616263480036,13.844256913122098,8.2796871340453,6.387379966094716,18.894242354905707,2.1137253011361974,0.21919922935723513,1.103995450231136
2023-03-30,2984.03429120773,32.55319400021467,976.8797478096676,2996.673543388624,5.613622712063962,269.1805285547831,494.31957283883474,21.474294823789528,14.061361845593275,8.315124629021655,6.453261216156962,18.948362265051117,2.146882429037749,0.22167807563369019,1.1134036903375573
2023-03-31,3034.0865093714838,33.032749729105795,990.585356376058,2996.7599140894936,5.627338167464537,265.39436827178685,494.4042791803863,21.3825951709197,13.7939046107931,8.373410682389355,6.478899208151299,19.09101437790249,2.1446135978398795,0.22644003702831036,1.1271124054886184
2023-04-03,3041.3700439384743,33.28863633740089,983.9196365156138,3010.2533286863663,5.581595822981892,265.0081189031978,489.22983143437267,20.798548637519804,13.897637013380303,8.31573094273805,6.4491655251536795,19.021739776846562,2.1495139220662085,0.23057775490907728,1.1369580589610562
2023-04-04,3021.204481894677,32.932053189292084,986.2062222802892,3001.6463245338687,5.519560151296575,261.4800164153975,498.2722414259117,20.951668032623402,13.690646466595645,8.305847450085565,6.40938920207789,19.048068993061122,2.159283255396008,0.23356768872541167,1.1398742934788626
2023-04-05,3016.999792303147,32.807505713166734,972.1198383259753,2973.8845267451097,5.557862866568378,259.1232406802165,489.93201172661736,20.45379402009202,13.724891979915222,8.307514632315378,6.381130370758229,18.967213167608087,2.170378008538942,0.2366799391635378,1.1483024806230604
2023-04-06,2988.8791656339345,32.61011365007061,973.5522945478164,2980.118553353153,5.5108736982036834,256.15806906775583,486.4485008375181,20.88037214348913,13.671215806082978,8.329556864778787,6.366901697514192,18.924483421777317,2.1520512666515326,0.2370711631326158,1.1441904391520188
2023-04-07,2984.1991836551742,33.05625619285117,970.537623135781,2975.32837119414,5.5366785488074965,255.71980123855514,484.9444242259681,20.909932070412992,13.504562681204884,8.413937719527343,6.387382967594088,19.131000614559138,2.1625971612211283,0.23807117486253457,1.1433117219128588
2023-04-10,3012.8306900137786,33.11462642013796,976.1237986078237,2988.844634093892,5.55280218598329,253.57856072343665,482.6900544506163,20.79880443814377,13.686748068841908,8.519465612418642,6.44750169774264,19.2943639407895,2.150741223595619,0.23700953283827123,1.1488971558988155
2023-04-11,2994.943884700879,32.780955274490466,966.2078727244517,2957.384004994107,5.582096275341866,247.69609499659322,474.4527194532576,20.52751813673757,13.67209749836983,8.695647735307329,6.575145705710847,19.592586376574523,2.134236154397326,0.2399248959683332,1.148445039878598
2023-04-12,2968.740853564993,32.90324389550338,963.3668335104873,2941.744509395524,5.546286647041121,242.21835258039468,462.368576063354,20.029797185037722,13.529468051438968,8.625826663157767,6.564550381607103,19.554657861200724,2.1136079677368076,0.2392409004661726,1.1336472922968215
2023-04-13,2969.1578130410317,32.920678029402055,969.1403701587369,2946.9361331589935,5.490761569736716,240.31912214853332,467.8137567212791,19.978964748201644,13.524202339211632,8.645836457326102,6.582228568393953,19.48865810597172,2.0845600866354843,0.23643631636804435,1.1144468656820241
2023-04-14,2973.7696873648074,32.909755671602184,979.4166275685237,2927.2267273640227,5.393284617799079,236.73301279897723,464.21870175479785,19.71591076387132,13.604674102138125,8.545698187358735,6.602493137638116,19.595316824335796,2.104344067244833,0.23703874361741922,1.122313236195188
2023-04-17,2971.7535335037214,32.82576179099439,989.0399946299972,2917.8555889006493,5.438593484594596,237.86304889781852,463.61858384465137,19.73961124907194,13.86170279751825,8.613195547688953,6.723444136928876,19.73791921939288,2.141272606476261,0.2399810363971608,1.1370683381560283
2023-04-18,2931.5337361271145,32.96833379508393,977.553252661335,2892.153613854718,5.4223015000451005,236.385210318517,453.5168112603745,19.76334028620048,13.864149328345357,8.540848471101448,6.752690992544427,19.49489475478626,2.133242937329994,0.23760539323119267,1.1371144283017602
2023-04-19,2966.96217221453,33.30789612440171,973.5731582877406,2920.6204314345596,5.553947324931697,235.70017059277194,443.4760885074279,19.802632513751178,13.727544205705069,8.453855595219991,6.726638417392513,19.382063843816816,2.1418847985446927,0.23733897754096586,1.1434153181773234
2023-04-20,2935.1370426224835,33.01338951990232,968.915589270009,2897.8877645451366,5.507010012680077,231.51630052363916,439.51386688432314,19.817534681474967,13.562897194386746,8.354568332825043,6.5896060293352186,19.030857998729008,2.1334768093492853,0.2347421782221868,1.1429703899128425
2023-04-21,2916.2046941969347,33.18226705126261,967.9579344370612,2889.8054691301923,5.518901221904803,229.61444222511162,446.8819755482356,20.112824931806426,13.599174259377733,8.42307131472271,6.703531536545662,19.409568673164205,2.1442720215941646,0.2348355469603331,1.154651127039923
2023-04-24,2918.275832353603,33.26012214107147,966.2313183171601,2912.3398571660637,5.562622581220709,227.80847823066597,437.37725533455375,19.823831591744522,13.446284147769926,8.441973608718216,6.757343364756077,19.69268743864998,2.137700379690341,0.23894225532006869,1.1629070883389232
2023-04-25,2903.3251051982534,32.712356968151155,967.7600405493757,2875.907372409618,5.552653079826492,228.6226773041253,445.49916907830044,20.13863971419714,13.99620461994975,8.405386985266707,6.752505046868662,19.292212880245156,2.134666917431491,0.24114929243508051,1.1742242745847815
2023-04-26,2922.6504155320813,33.022730216124486,976.6204706102515,2891.0332921282275,5.575259993627033,231.49710251550218,444.2163072531632,19.938996223776975,13.816719055691372,8.51867631019217,6.753429394646267,19.553013233359504,2.1565972233816266,0.24293366233620423,1.1772949650501807
2023-04-27,2920.860659534604,32.97784993543118,979.1723642898055,2911.7224218773063,5.564541466460209,231.98377546387033,456.67503013554006,19.723905760193905,14.073105776022707,8.588659854484073,6.763934553381081,19.853483405054952,2.18335069076843,0.24237285900413624,1.1938867914559614
2023-04-28,2873.0215001347606,32.92220178521546,973.8061364684183,2866.314007816988,5.586554481061439,229.03270661255436,457.0688911650761,19.44723620833188,13.856595539901223,8.625229756275342,6.74272962991174,20.033834433739813,2.157177035596505,0.23824169514862434,1.1788260351794837
2023-05-01,2853.1042312568875,32.86429606629274,973.9325946473415,2830.1917508927486,5.6221180956516585,225.5978539796591,451.72687730042446,19.394832866896824,13.615040524841026,8.621242145823317,6.759596378837024,20.268644219572078,2.1766677352578285,0.23952473198435698,1.185615116830274
2023-05-02,2811.8569612278666,32.49019332149899,958.8577640603195,2812.280434996857,5.55518245973912,225.8586177401231,449.9139171522092,19.62400858706946,13.557453734590263,8.566023576113977,6.717318094805935,20.168160278823706,2.196554632016409,0.23700981798460458,1.195977968824834
2023-05-03,2802.9369689605996,32.46172662743884,959.0885897147746,2802.556602075366,5.577200269071144,220.89891060122665,436.2673702392207,19.54757127998275,13.448285109269733,8.568112077238851,6.664466867408841,20.13695526128645,2.184251526791564,0.23317449577055271,1.1965440602788655
2023-05-04,2809.201251121803,32.15378331942008,953.1947574120509,2817.0008533392697,5.567062156725218,218.48117711800208,443.27295418499494,19.62764705185336,13.5485197229978,8.467463683695897,6.644718065575845,20.05888601675877,2.2040304671713273,0.23713161303321711,1.2023191194477885
2023-05-05,2847.820710081876,32.15472615742347,971.238103641573,2830.1183734233305,5.606183815373878,220.12766445991028,452.76930845449283,19.76713167461136,13.931791308958127,8.43089416455713,6.706673813583628,19.975213861825154,2.1908471753349312,0.23761711452331535,1.202524297798337
2023-05-08,2833.8165858724874,32.03211941289685,977.998092212115,2813.9613011371234,5.666985903026839,223.6133535266909,447.230774735239,19.7993046845354,14.107501532677547,8.482157627711794,6.78085967725698,20.028518922307793,2.178880149481344,0.23563766329894453,1.209904167816049
2023-05-09,2834.4853532770157,32.33933017094916,984.5060133909606,2841.393684895478,5.692782930914585,229.12101822453246,449.23431194497124,20.234257986313068,13.917352241831722,8.59066219950705,6.866596874294969,20.048267117952186,2.167552387408138,0.23750041468174143,1.2061461539491816
2023-05-10,2810.6395593041875,32.12034414593903,989.9734530229083,2826.865501341335,5.67975040686904,228.2796738230875,439.9877642858856,19.95148220026106,14.117375672891924,8.576691613594276,6.889850802716606,20.23055463376172,2.146323088828064,0.23386766272953874,1.1939585543604072
2023-05-11,2803.680510384598,32.09763746040652,989.3914952143156,2822.846107368778,5.62631602297744,224.23456064871078,435.7533005497767,19.594193699367114,14.333459366332564,8.610373009975069,6.870485795621334,20.485761452927225,2.129930903436565,0.23363767122389928,1.1999554934920487
2023-05-12,2774.987190304631,31.874680814503243,975.9934806107136,2821.9888373399867,5.620895097502089,221.4860865008415,434.47273816811696,19.774837150574122,14.325647594168524,8.62947839222382,6.972922370069127,20.504832165571347,2.1159224135306616,0.22929450683122898,1.1818821486482074
2023-05-15,2747.4270722271654,31.673491300137382,970.913675093257,2804.221049316402,5.669652890313438,220.28569619843896,432.28437802977675,19.56263359715775,14.399606815688038,8.55837697453433,6.847693139359838,20.35876525882413,2.1147845643213206,0.22852639488583604,1.1858193681084759
2023-05-16,2750.00057009636,31.73936613148168,975.162686300132,2789.435835277015,5.745715469835162,220.71773652934115,427.111266415554,19.363590119939474,14.41520547599336,8.607362361967947,6.963176492316159,20.499193960202618,2.1273520212396337,0.2284590154609055,1.1894015652789265
2023-05-17,2713.49793595786,31.742704111331776,974.2381858474361,2792.803491522947,5.658393445163976,224.31334559093312,433.6979843356253,19.527284919236706,14.447241298617547,8.494404392539973,6.9662726575481235,20.47164406990282,2.113495518959412,0.22498054822570912,1.1721977203020115
2023-05-18,2714.338098463448,31.699962821183668,973.8357877365415,2756.040091009713,5.5948871706202254,223.43426127021945,434.2725358136037,19.35916997539376,14.421683301706446,8.381464065420701,6.86298203956718,20.016843776497332,2.0737542798495925,0.22150154534247243,1.1583058310956207
2023-05-19,2735.697266658223,32.14904570130669,987.2821457137782,2785.6308300730684,5.557993079047067,226.14943881365753,438.89021778703375,19.350409124815403,14.375444719405435,8.437718233207288,6.939706704384241,20.13413560814606,2.0940693405132764,0.22229209502732517,1.1782955258468493
2023-05-22,2724.5116369611283,32.42008879347431,984.3744126497612,2781.7024337457337,5.497907474443581,230.28701813080144,451.6771647995549,19.555190020786192,14.753971561176822,8.477626293168667,7.1649669820205295,20.356611258794928,2.1191923192371585,0.22496689037436007,1.1972529649698942
2023-05-23,2719.33181537528,32.51682858033021,989.5076845455366,2792.4846737868143,5.514363664471096,231.81126967888227,455.7732457195233,19.661447524822222,14.858131474506036,8.467046825237123,7.222147210848901,20.441209533834726,2.1518504422457445,0.22739193539915484,1.2016628120001847
2023-05-24,2720.7644018165415,32.92096000117624,1013.3886944240819,2802.738816739999,5.5802607679185385,230.2712737972757,461.5354537151145,19.699874989274015,14.844646724202876,8.572974889723213,7.300923597910084,20.7159258570451,2.156159327432837,0.22733319410241795,1.1946968542070797
2023-05-25,2723.26317017949,33.09078567661088,1010.107311715012,2796.4324056719556,5.553012846176381,229.95216112459664,464.12796176940503,19.62863621021264,14.751623977161913,8.482916646358722,7.1720361639981975,20.406137927159527,2.1389762683255436,0.22681725700625777,1.1869776894732424
2023-05-26,2741.610743483353,32.67774053261093,1000.8826041893614,2800.029166067188,5.581589163774117,230.5323165853162,473.960084088002,19.97827035814313,14.641070880652421,8.429681919590875,7.194212056544161,20.273769192965492,2.1478863489593616,0.227912002106426,1.1959953731379425
2023-05-29,2775.5803479071465,32.705470771278584,996.9993182785029,2807.71277632195,5.507554989529268,232.2423942719746,478.88698923848074,19.658837555555184,14.579612366495732,8.340829929524865,7.1376201031084925,20.090614301340345,2.164759899106789,0.22836306165424805,1.1920908738636797
2023-05-30,2770.972899446785,32.98661558583618,995.3584521567495,2814.69791797581,5.551266004840819,237.219491562798,483.17614679847395,19.96019653034932,14.652567649823862,8.410204429616115,7.268761187552186,20.505434580496757,2.2027295911365283,0.23363664057564798,1.2077625297568544
2023-05-31,2775.4104766921023,33.08469465882524,1007.0797014871047,2834.426004844923,5.541220448213722,235.35505885131153,470.64984649264113,19.642094562642473,14.525842893281801,8.445387981386897,7.313602923059325,20.558094347218383,2.1889661108102514,0.2311160249776608,1.2058129751660636
2023-06-01,2814.0346787459052,33.32456979425669,1014.5936119892777,2821.057330762156,5.576367591615489,238.34118004748302,475.58500397415816,19.667193545648445,14.403447164260497,8.306399174356617,7.332094040026779,20.31316025563558,2.204435220828084,0.23306289997815044,1.2198834499332067
2023-06-02,2805.468583504494,32.876625931754546,1014.6961832359558,2794.618452980056,5.588666680195159,236.6460085068306,475.8259569418073,19.594291413440963,14.223864231509916,8.356794802208151,7.2509534016220965,20.279227448582724,2.2253411536501293,0.2330471829095566,1.223285464829267
2023-06-05,2790.927707547882,32.87508718086875,1013.7592090474641,2789.816854960349,5.566364340827189,235.82090557333913,484.596539061568,19.727150890303523,14.244887439448405,8.434399127273837,7.204427299885668,20.407645380202634,2.268210380880856,0.23487082402632453,1.2351180845072864
2023-06-06,2809.439309460619,33.07511079424749,1015.8857012904552,2810.5233552164555,5.504617979153667,238.65517747468633,476.19097935685966,19.711056414514655,14.261730572970121,8.53934251617202,7.238908234175896,20.769746401570544,2.2337627278015955,0.22832865956830165,1.2291155629302235
2023-06-07,2833.539726079868,33.266420019479284,1034.3673244328997,2794.9974924351486,5.485109889353593,239.90031904007583,476.0794980919315,19.51709877038141,14.20671405440808,8.557393053344374,7.2991110478527,20.797678424315063,2.2337233914505665,0.23081545761836517,1.2391090054524536
2023-06-08,2840.399437797185,33.33768532195049,1039.3105573287892,2792.8862326025824,5.465787637470941,240.8733285041991,473.4546613459486,19.771921843945027,14.343176986081957,8.607098547871923,7.430484857512957,21.07004513257603,2.2299982624073102,0.23159339265193354,1.2335542573844527
2023-06-09,2919.142885410083,33.62687153362011,1046.5646654769102,2841.5484099912032,5.434749181619907,242.1998512177576,469.27829797652925,20.137561224475903,14.281036166109692,8.471381359883223,7.174099362656191,20.611955029255135,2.2500867271443834,0.23429272286600367,1.2288580805166527
2023-06-12,2946.9584541538447,34.11832067618899,1064.371310561062,2858.069839939772,5.400232791855113,242.79788450564678,478.6206085208821,19.937539504252946,14.419111009388082,8.555551577381275,7.314766750652663,20.686316576976253,2.2366443610255864,0.23629186462319385,1.2281858745997847
2023-06-13,2940.238099328564,33.96602686719311,1052.9457851246204,2853.0965406692007,5.530369967080498,245.9037597279948,477.9787623328991,19.94501582740189,14.710904466847653,8.70500767289205,7.442452150862539,20.983413882767252,2.1951518535564,0.23192687608539372,1.2136038884485187
2023-06-14,2949.1396074629088,34.0209942336235,1048.960030323137,2855.9388176770713,5.614343880691776,244.92229162268183,484.01796739334304,20.08924145399065,14.99437733438895,8.716717581173128,7.418229743515627,21.099254576699092,2.1863168994213673,0.23102404090829456,1.2110916812156367
2023-06-15,2974.107259059149,34.156639778863465,1059.4450370278992,2883.352890153867,5.608853179754263,243.6816864638544,484.12538887388223,19.825799971183596,14.84656406213664,8.70323793447871,7.503674985725958,21.07390427359575,2.2081786327404807,0.23088035835972584,1.2205063446825948
2023-06-16,2946.0053129687008,33.984574887539665,1048.3034767160216,2890.0117757532284,5.536565165919081,242.32811761363376,486.3719802340258,19.81566430242414,15.074413696592611,8.490626297363834,7.468420882633363,20.984514388682587,2.1927700723284445,0.22720937323453108,1.2108776080854577
2023-06-19,2958.656431202399,34.29573725442673,1058.6142558412407,2912.832538323567,5.4911484732146905,248.23796057839417,491.2562030251776,20.200178710531937,15.258927009808707,8.501183716825896,7.408887869762356,20.94139963686396,2.1902369384925535,0.2256812345280302,1.1920205545508824
2023-06-20,2929.6886720777215,33.951331792544934,1051.4681192551764,2912.1374457766315,5.515331693635434,248.06021323394276,487.87485726837633,20.292522105571948,15.511607030697494,8.544877589183427,7.358887058667611,21.083051689066842,2.1951979574173146,0.22517903966912692,1.1949690476172954
2023-06-21,2901.8192442380587,34.292698558049565,1043.0241885555204,2887.9233660119435,5.457265007266722,244.12749973589152,471.07452381965487,19.803620262439225,15.145014111897263,8.529831788703042,7.37916018304524,20.894472439153216,2.1902799833471693,0.2243251958635612,1.1984091597428554
2023-06-22,2913.225882295057,34.38898317825314,1052.2496646933175,2908.8574115256806,5.375276192957506,240.97840857206765,458.56352049242884,19.561149817566584,14.895490806651603,8.517826839530148,7.375235534713175,20.651611791719006,2.2038382263319902,0.22521369515207673,1.1965780665315486
2023-06-23,2946.740449111368,34.97000102017322,1056.3188896536612,2974.1405551536654,5.385905116277333,244.09591077285071,467.2464440978123,19.707044612127646,14.898441279906143,8.579135415116788,7.393962639432546,20.755438398276432,2.1948559839405943,0.223938805644948,1.1952528829170468
2023-06-26,2980.878440859884,35.4481111128949,1073.0780066686145,3001.6044620663165,5.406652087980474,242.18856361294945,469.2761636086824,19.490809405425477,14.952904110643354,8.43670955558836,7.40899426191675,20.486040274879368,2.159621654562314,0.22253413980826298,1.180266158511676
2023-06-27,3038.202070594881,36.097466631052356,1083.240844855007,3014.754150816008,5.383076203440802,242.74926864856596,469.68901655537593,19.551083351679495,15.12299009268683,8.403504801099803,7.316132673519581,20.80454140285362,2.156690785108821,0.22335679817333925,1.201842144526247
2023-06-28,3048.0016037068485,36.09816157424519,1081.7584248534797,3002.243962979659,5.397609077114932,240.15999330012704,463.2775809385878,19.760408936318285,15.207281555107082,8.345438563649349,7.301035537089666,20.722586780690385,2.1577600176797818,0.2233262444479364,1.1970656424654273
2023-06-29,3061.264616287512,36.032118225426835,1082.246808978123,2984.698219876396,5.306042139880728,241.33103030601686,462.684388593176,19.59919332152765,15.159048671077826,8.377735682860063,7.350529859825093,20.658506629745336,2.175362737383334,0.22619824602380942,1.2001375542343038
2023-06-30,3071.6923266560293,36.02189384813049,1084.3378369334796,2954.289962564981,5.36964534645386,246.12757371338162,462.06722987234946,19.650833775213822,15.270901121626677,8.417835478252279,7.330928168623286,20.63786543332403,2.1658112574200916,0.22289404784274555,1.1829205913674008
2023-07-03,3086.256319065342,36.52422189176441,1091.458597327556,3000.595938283084,5.383320789755895,249.06273206260144,462.90427088438673,19.81918633056273,15.616662519942164,8.529691170597674,7.435096594470325,20.907589596978006,2.220359384745598,0.22278294268225765,1.1989759295618079
2023-07-04,3084.171442557554,36.50976317744792,1087.6208871829701,2994.889924203343,5.439778547603565,247.10659531663399,462.7843836788235,19.87581493273474,15.36800674547925,8.696269908259717,7.549395760260602,21.670053691332352,2.221854434501751,0.22040014693756416,1.2015530001870098
2023-07-05,3085.5519597501316,36.43464567354148,1090.0991298010015,3006.754203052911,5.440645211902095,246.14608372807058,468.7997562945744,20.036284133059624,15.907650982885887,8.88139896137344,7.604240777333085,21.8832090674279,2.24979660433552,0.2271741056570002,1.2342460044546144
2023-07-06,3082.2548288897374,36.67628873106893,1097.1481412496776,3017.497689226161,5.423272117394252,242.25571083813492,472.591030608099,19.726117234512845,15.777420146814364,8.733800076439337,7.566339242806842,21.604779680062077,2.2868167030170383,0.22905963335883975,1.2372674772450263
2023-07-07,3106.305102653751,36.80708092213271,1094.865650798138,3044.3221055756276,5.467455227849181,245.00714484165934,468.7516081477378,19.764303548768453,15.866470393253762,8.593567957468975,7.476319866631607,21.38628356378149,2.303024958347106,0.23171146429324296,1.2268555943527606
2023-07-10,3110.2297746311697,36.51675273214327,1079.7707389133602,3014.683258362889,5.536830294344832,245.18871773849452,471.10396152224513,19.785340468989894,16.085443715321475,8.530002983328362,7.546656663403557,21.331436970997323,2.278197615391,0.23018826885613908,1.2245602126354997
2023-07-11,3106.7787959258926,36.3877400903139,1085.4115757934526,3003.383912077914,5.5424316184531675,244.83403456677883,486.5435083822783,20.128761082031637,16.655088769757217,8.625555382113781,7.54712508313333,21.41324653473071,2.2687014577940707,0.23010233975378835,1.2286052466835593
2023-07-12,3113.0053999143342,36.46636862975625,1098.2526692819797,3022.7806178580545,5.570201603575347,242.53940393983302,476.0919349006492,20.00404566095855,16.18565030976078,8.651787920751008,7.571685457632128,21.426541564153162,2.2721376015507375,0.23017608781504867,1.2324305567750715
2023-07-13,3062.494189528257,36.10618162021002,1082.7181515589705,3001.059114390838,5.522734722231843,237.89162463726862,465.5104355520149,20.12520121328309,15.995140831931296,8.584732546760684,7.553225547379683,21.46725395347107,2.245728684261611,0.22900737228020773,1.2083910061412393
2023-07-14,3049.278196715586,36.34988420359022,1098.1696111940475,3011.3210925267504,5.538119248085474,241.55555051325288,461.20854567757556,20.24866632707669,15.881807660776948,8.664463019194965,7.64112859717774,21.86894467762943,2.2620447610264973,0.23369741590292797,1.2280470419128606
2023-07-17,3114.4898624371376,36.74220918600581,1108.9315769108778,3041.2017516489323,5.548035063344897,243.13508633386857,461.37406294320937,20.341111162339,16.073027644128427,8.728500312005693,7.623098647533037,21.93972117986854,2.3014841629152136,0.23815650840110025,1.2398592986554016
2023-07-18,3093.835040178879,36.475858601671845,1110.497628382899,3001.8230894201665,5.513737120877859,243.61888951159062,465.9119688415119,20.244396318578325,16.464052349686817,8.80104732726883,7.626298631526254,22.134202977614954,2.2710333562824383,0.24002741872931677,1.2335549318135204
2023-07-19,3087.568111303493,36.12097312291522,1114.3160982619759,2997.8423957171353,5.544417560481317,236.60728779896058,454.6344516846466,19.950615189224248,16.725920943820046,8.777906582428276,7.64715650528292,21.94347822104543,2.2377972285839776,0.23869622912912647,1.2272251251270623
2023-07-20,3048.7247749602157,35.77015446597736,1114.2721960513097,2969.62563085898,5.626380676372382,242.41862244274716,456.61021210956505,19.966583758981386,16.83762691784619,8.785251071467952,7.702509181367557,22.495034548894647,2.26157217274634,0.2436505024810979,1.2381175101716158
2023-07-21,3048.3290803993773,36.05986130708698,1118.5259211812988,2945.459784137888,5.59219926292855,247.0529539099052,454.08725489462626,19.889520391094134,16.83092017875188,8.85972816829416,7.804958507677012,22.832075247058643,2.263747092211042,0.24322266063479878,1.2561281861012734
2023-07-24,3092.7781197795416,36.92510906588621,1144.7589362394883,2970.463328130822,5.5773601027421496,245.6776366550009,448.8452125144571,19.996696517495575,16.736898745640065,8.686160531620128,7.783833037437358,22.575113011029625,2.2761596684861862,0.24311780600371494,1.2591299903315243
2023-07-25,3068.7266850094184,36.1287383074424,1131.5131239112063,2930.4596550713177,5.55642816590545,243.57250657349422,441.79712472113005,20.144226058323625,16.54574457166968,8.57718815184744,7.738969118137145,22.290048406074675,2.275851824253453,0.24267546184039548,1.2583846966673111
2023-07-26,3093.3426567581837,35.85556321907628,1139.077137490005,2953.1667445391145,5.5054213065266415,238.0324745801458,434.73196543457425,19.633767693145842,15.914239456119507,8.685515256621875,7.762832807048868,22.387638178203655,2.240987411189901,0.23902159645962187,1.2391663032522588
2023-07-27,3076.577090888907,36.297889561021364,1154.5911740624717,2944.8242508623175,5.509782585435929,234.4187784241943,429.6592550957969,19.624266203321163,15.703508408609391,8.819233159777419,7.701291365699192,22.1676695292437,2.2258595488460706,0.23686496987288702,1.2478889595833176
2023-07-28,3042.9673282367085,35.760071123253795,1141.7725194462607,2901.3938647949267,5.513766826009177,232.16879509450487,421.47950996647086,19.70109638018529,15.44292482808978,8.932544186303089,7.776086289795428,22.162474827024237,2.2094105115591014,0.23721670935485137,1.259083585872384
2023-07-31,3025.8531402596736,35.191208171591086,1136.021907078867,2889.8293969190204,5.513189140804321,232.93950323547458,407.83020041599104,19.589859310910256,14.833322537405754,8.949433624513683,7.752684116760026,21.985325917721866,2.223993632782847,0.23756796023657956,1.2577268666941661
2023-08-01,3016.060616761736,35.02874188842441,1133.509959035665,2874.7264134388183,5.485346178961287,235.81261199814415,406.3415918065709,19.963744689717643,15.183068914607246,8.987776984800295,7.804387967393839,21.920242098129165,2.212606797283193,0.23618072249486355,1.2458480639044427
2023-08-02,3005.1536358836274,34.99027589563019,1134.3996354584265,2887.2463961237972,5.481671856749381,239.1869096337728,407.40785940266665,19.884556984760295,15.3028061944597,8.776235864758371,7.750863485475408,21.668355020507622,2.2217817775132125,0.2389568154050192,1.2531193312631963
2023-08-03,3004.3384126187952,35.16096973840351,1130.72141339376,2892.0200414533224,5.548570999268304,237.9482633816327,407.1243224212392,19.751755990865206,15.31972042593604,8.743925047102941,7.82762929293844,21.671264629531827,2.2047019937086736,0.23875867066513323,1.2559587697513126
2023-08-04,3014.8463924516045,35.33451855827779,1137.9437493193952,2900.9389340230614,5.51585992166997,230.88658080663532,400.7838655645595,19.085272701641976,15.191413562140188,8.63607494211491,7.812759793257067,21.402990149557777,2.218226495864032,0.24138517455828118,1.2691678853520616
2023-08-07,3056.3610085475175,35.52532777571145,1126.3939609147671,2917.017296543453,5.441505665755763,230.14962269445576,404.198563260486,19.204508968845985,15.22431230191937,8.671868290709208,7.893514954973333,21.742973193032675,2.2399578964540354,0.241601338844386,1.2733843968942613
2023-08-08,3030.39373843663,35.90890523205602,1132.2726758679332,2956.804230097631,5.468055667799102,231.6307929116901,403.4744576790007,19.228652645772602,15.534875977741297,8.69048666924328,7.997144576847216,22.01272629140787,2.256810237736327,0.24204901259930103,1.2681674200531505
2023-08-09,3030.520580972025,35.86793024923389,1128.8810850579905,2959.169323118345,5.421045897832893,234.89426075598217,400.47067553656973,19.19919331624517,15.40959589343129,8.648729154059081,7.811776951794892,22.050426005492493,2.2670751714670367,0.24363628209043306,1.254215149868371
2023-08-10,3014.0934561592976,35.821341703332024,1128.3568330225744,2964.294121240526,5.451519672644695,233.20092919222412,395.1028341602384,19.358492812164208,15.26390951232762,8.746636873174907,7.798282580972861,21.94378189296859,2.2760009042994085,0.2449296700162968,1.2599224443835424
2023-08-11,2966.8167294083028,35.57053195910126,1117.7029002866943,2947.520633568116,5.4935536120845025,230.68062636722033,398.7827387139576,19.229227338123998,15.617343745244387,8.790066966364023,7.850217585585072,22.134040637265436,2.2739816299653075,0.24383948265243413,1.2562980737864833
2023-08-14,2959.5992950984482,35.708789566344464,1114.4346427833057,2931.8622940936907,5.499990879050815,228.51491025258989,396.0000353945904,19.361663186942135,15.114280637568172,8.831460886268962,7.815296659352944,21.75241013106502,2.2480682468369517,0.2399833489332716,1.2417498240788762
2023-08-15,2927.631006019291,35.70376422806213,1117.3299690477133,2971.0096230153254,5.463182116663583,228.6132832259718,392.61076230245635,19.329528363378273,14.965642253016599,8.85158423689668,7.928400036355978,21.714389992302795,2.221008410617531,0.2396385825785464,1.2547430794815442
2023-08-16,2928.8129138272575,35.85626323628279,1125.6241024137894,2980.5047644083215,5.473971160704438,228.1308737765991,396.4508728396553,19.332434326839795,14.827539081115468,8.73523959396821,7.808781933156913,21.426336123361505,2.2149464948847513,0.2387353359967297,1.264822608302361
2023-08-17,2906.0201701577116,36.0908190404124,1134.7873739496886,2981.336727056182,5.494584256452859,228.72589877801815,397.10169668422884,19.359477679933946,14.710344743535314,8.756876010509044,7.843816752484952,21.679087746142137,2.2306108953563015,0.2391650856756573,1.2674376312785602
2023-08-18,2912.530684387339,36.199970358093275,1133.6500306222545,2971.366340778138,5.449987598798102,230.51969785395013,396.2572246860065,19.142803568108373,14.664364336360705,8.676997227414626,7.80675682110647,21.555984961769653,2.256727657927762,0.238689148193098,1.276364073113506
2023-08-21,2839.197042352703,35.5777235416895,1097.578790129527,2925.53446455548,5.3332309249737575,232.84064159645942,397.0343653712672,19.11433054717422,14.79516281270672,8.635329993704723,7.774874691194091,21.41846788151663,2.2120300387381295,0.23781799495283398,1.2653304800110559
2023-08-22,2873.387387832026,35.7271303560056,1115.7174905222894,2945.839643179442,5.227268468488736,229.4709525096059,400.83573948555335,19.615154521633546,14.785006906162279,8.559671655263553,7.719619084860846,21.284099360754965,2.210154503766798,0.23671167825835127,1.26626223565925
2023-08-23,2839.0991005025858,35.50920418723609,1103.440307467946,2889.834617959678,5.2278216943345965,227.68030432213516,389.81293892544625,19.27679614626726,14.433263547622603,8.46820336964873,7.633542298638122,21.231017947563082,2.2157323272054508,0.23840265978009254,1.263656306707584
2023-08-24,2843.120271112774,35.49794283021738,1100.1740491481407,2869.500868128561,5.237857027349513,226.8848274500258,396.51834642106803,19.61995030216536,14.44680991039121,8.427276130263493,7.622489296950776,21.321631731102205,2.2370412749588517,0.24097863916372217,1.276709461210549
2023-08-25,2813.1068897451282,35.31939893056731,1103.7856039305448,2838.405691812321,5.251105644098272,223.01133381291663,392.3835884372688,19.43213665431193,14.328028414308578,8.414329753608364,7.493295371872166,21.225794176705797,2.2552066648116993,0.2431096113776278,1.2981137352278482
2023-08-28,2835.923824373652,35.627520098904135,1091.2091405344847,2853.799019369364,5.263792417826321,220.70212006007887,380.30884437162837,18.98432438213112,13.984700070947428,8.37082325710074,7.452226577127569,21.11816215618962,2.232382172076028,0.23845510670327755,1.2820082150548957
2023-08-29,2825.003947732778,35.69394356915148,1088.894571327698,2851.0316228095567,5.245590018871297,224.24155016017716,388.87753619783444,19.251922832326848,14.146134681471597,8.267460555133862,7.4224651518400915,20.783566815438455,2.2448101382434684,0.24106458102684852,1.2892413386562496
2023-08-30,2844.574140342185,35.61420650666427,1092.64594032065,2825.9968224202435,5.264585560088509,225.15703493332413,397.3167774598845,19.366851396015477,14.362872138730372,8.301036766806877,7.474113658066817,21.216346633946376,2.248888814191602,0.2412280263516979,1.2944062084811983
2023-08-31,2823.3935790644673,35.35228122029526,1085.6158292262774,2808.2483919874444,5.315659220171487,225.00798403076416,395.9126309936486,19.31274495789222,14.398361905194365,8.346502034303562,7.544467002613616,21.36174984671242,2.239164061635215,0.23809179515358042,1.2789550862628065
2023-09-01,2834.6004769011174,35.22040054302433,1074.3609353014613,2807.970067837728,5.265840438153699,223.193413203997,394.4774874109251,19.503361373770375,14.592402396994448,8.258229394374583,7.4716878002562,21.021965097686053,2.253137296138066,0.24095278853227722,1.2748642639980772
2023-09-04,2858.45371920108,35.505731570624846,1075.5520495553037,2797.528946817335,5.296587389536627,222.5180502003415,392.21490224813846,19.49891677040813,14.564785983796014,8.254369774220905,7.474956628254167,20.894904918697378,2.247081926835749,0.24293891373178325,1.2936300497129152
2023-09-05,2868.9533131053263,35.329155888451425,1072.1267416940336,2774.939696943657,5.322916240262356,220.09875913425518,392.82824270784255,19.380199870334675,14.660258831350243,8.316478561234618,7.483646503757293,20.96475467663267,2.2433068855876193,0.24176798963541393,1.2815400917446391
2023-09-06,2845.695768060629,35.13289709124698,1070.3849298141222,2767.826538433018,5.3401489945214164,222.38041035030346,393.0329946384125,19.14833865779243,14.35935404685331,8.329934931045862,7.44796838641865,21.21166374299138,2.215806994691556,0.2415301646357459,1.282166573210113
2023-09-07,2824.6655871021317,35.07594154816267,1072.7708750260574,2760.97781741139,5.418328044935988,224.70892746923698,397.6214359821149,19.396740237066496,14.440013990471927,8.307916061953858,7.340828891330121,20.94623777189732,2.222198531279697,0.24188923096390458,1.2882660795923313
2023-09-08,2816.843928617651,34.9500548967148,1073.387566734554,2738.865751316674,5.507652554586282,224.48194722733695,394.73699855685464,19.135447957001443,14.55911854585437,8.235527263362824,7.380957124918644,20.795344263608996,2.1994742414750403,0.23960454829272318,1.290380719361458
2023-09-11,2835.5227275201105,35.5240082786042,1074.1742121184072,2714.6628364178564,5.591979078976026,225.86659749651426,390.939705201497,19.154731111024002,14.77138497292485,8.308219235606584,7.490723381132302,20.953724919465813,2.208678401997081,0.24333791905408386,1.2998284351575498
2023-09-12,2870.720990683082,35.259886345658565,1078.9035403718538,2733.1821554008184,5.613698287040565,228.0938752288893,385.0409514203064,19.263813412359003,14.952239476603205,8.427374273919224,7.629708286363284,21.28610122656266,2.1750755030522244,0.2434027878504376,1.2927496111804027
2023-09-13,2876.871879773684,35.47204739221544,1084.6645615191787,2739.6019969654935,5.658652616341436,226.79439709960894,378.0882788438034,19.115833515351763,15.199695607953855,8.426322895756755,7.712959585889222,21.5079513834696,2.177080220064171,0.2443305171443806,1.302209949243224
2023-09-14,2888.538412400754,35.98815544625746,1098.6788385991847,2757.676435798198,5.6559766697994,227.73124407093184,382.76611899829504,19.24084446537298,15.345177578737472,8.397282563799902,7.750489921209997,21.561869172795863,2.1677295148511386,0.2443294373120693,1.2958314037565466
2023-09-15,2885.2229817258103,36.020605428516085,1106.9880865872537,2758.576709764448,5.57317477428795,231.85340393150324,391.4614724097253,19.564405333096147,15.633656651271632,8.23490552168599,7.627431044642607,21.084253566204797,2.182751804997814,0.24406224098915744,1.3014979595820289
2023-09-18,2888.0739431245947,35.5124608731948,1116.511767781641,2740.846495592626,5.5612338137747255,227.50916109703533,393.6152125815157,19.273207098656414,15.665611441405062,8.246279585729681,7.625331086857487,21.112529194584155,2.166407872514265,0.24711020746821505,1.2952297618674584
2023-09-19,2900.7141732702116,35.765247694101845,1130.3166476024758,2766.1599164049494,5.60653093570953,227.14331175136135,393.16835357992716,19.3354948247282,15.898467801470918,8.25872005181768,7.663709478879539,20.794996285944375,2.170828720752533,0.2459243826203281,1.285552424960104
2023-09-20,2854.427946575529,35.149429764251025,1116.6556185344064,2743.965966154685,5.553838067359296,231.1158599347952,394.29097982731975,19.39321485117168,16.084868924839494,8.228462951193272,7.712255274683137,21.071423524561844,2.1486648012498852,0.24593770845050242,1.2647500892333603
2023-09-21,2879.5704595733328,35.201306145940265,1121.2425446138143,2761.907959487926,5.595227542345144,231.55350204057373,391.7537381431211,19.236820944794715,16.241591277205455,8.243518840027322,7.67689998996252,20.956177460013556,2.1310665817334224,0.24514918095783664,1.2704535378956394
2023-09-22,2883.855439511974,35.37251559180131,1116.254000341761,2784.3919727496163,5.5094393390982175,225.55576383503868,384.4788611555982,18.80221445754064,16.154157722445724,8.245605281341355,7.633503927549951,20.877826149948906,2.1584140216230496,0.24945790813668325,1.2938609681341242
2023-09-25,2943.9273307944345,35.55761587898351,1122.2716374028403,2795.2306957670285,5.609230463992092,230.14816482189744,378.3421300080922,18.959662467974205,16.211498480577106,8.233567012605235,7.6460037462586365,21.03744884008052,2.1420804979866297,0.2430335969223331,1.273569687913457
2023-09-26,2950.387304091871,35.91762716437076,1125.110540939529,2794.993419362916,5.655773278660546,232.081691483986,383.42378637008875,18.799536742605202,16.21462858699021,8.307009924107831,7.730961436036742,21.228497676652164,2.156040014077623,0.24741042933206606,1.2792717732583585
2023-09-27,2913.3493438718083,36.141021458397866,1131.384223341625,2783.7043777590143,5.63125960189451,233.41093348964606,388.41671321986513,18.77088885742642,16.07019601328149,8.397688128996391,7.8279185747693285,21.14497190435887,2.1209346292568414,0.2431797238467485,1.2801512881711241
2023-09-28,2919.9742432011085,36.5516135884196,1133.1302120380903,2787.0455962047185,5.63430330282832,231.8992077029885,388.50027694012186,18.942204480642435,16.24574306544754,8.378062105529644,7.779392697635407,21.148996038513893,2.118131775040402,0.24013106618823205,1.2696942350664786
2023-09-29,2894.9580446359205,36.548787053531846,1129.414557015622,2747.225806537598,5.608259895130108,236.88685233040954,400.9664200604284,19.064865108582744,16.349773122803768,8.560401226631342,7.912783299293983,21.684307591032955,2.112589734906866,0.240305699705469,1.2653266687554
2023-10-02,2893.8254021676967,36.43232769617614,1135.3249452354964,2718.1387571920077,5.570850128976521,241.18062363161215,405.5332074520551,19.151763362575632,16.083596484230895,8.516281456344176,7.8831185632347935,21.640451698096967,2.1214392829526636,0.23907354944821937,1.2725814971469624
2023-10-03,2855.7114257911708,35.85844761063859,1116.4717126468101,2704.353015655968,5.48702836316214,244.53702888023057,408.49428957926096,18.924441685544092,16.232652178805424,8.569298763030654,7.864522339082363,21.675711108385315,2.1217374315179125,0.23745995932176037,1.263756067321467
2023-10-04,2841.476082880046,35.692242442939175,1128.355013631886,2678.3522678318504,5.470551947110752,246.99286187850296,402.3995855229357,18.44626829969918,16.088806903617563,8.356505594241327,7.704956847989083,21.367937437355884,2.1178701898354633,0.23564679647969236,1.253372884741116
2023-10-05,2810.909792035178,35.784315289159075,1137.2558962108924,2661.8611998826154,5.520247781074175,244.0864277105202,392.80278729592754,18.082077426619342,16.197738017569744,8.494735648334615,7.885587378778208,21.556540570369474,2.142638106565726,0.23947044256760827,1.2538469603932907
2023-10-06,2803.4586240284098,35.7718631570781,1135.4881079359347,2656.159032297825,5.4607451016929085,245.0571934971583,388.2258577575814,17.883082731064125,15.772576313849278,8.449993106297065,7.88055867984043,21.260896476146254,2.117419384306171,0.23611705816382908,1.2478628232183884
2023-10-09,2769.4675664858796,35.947943804286155,1129.1655358565984,2621.108257297677,5.3819578305242075,243.78275682283476,382.8147262986291,17.823975193414785,15.593153900174073,8.388859720501552,7.870584992383319,21.11936133189736,2.08467960227053,0.2317293288861639,1.2347357952670996
2023-10-10,2818.303948654509,35.81528790925853,1136.762137648033,2664.6621430897044,5.330277074090707,239.28909759357558,376.293221028212,17.701243311837214,15.723728937699304,8.309223182252289,7.832975650803089,21.166901495235457,2.1060648770454025,0.23304925368615442,1.2517757660686126
2023-10-11,2824.0719165703986,35.989385723718556,1133.9180958059699,2676.1961145272394,5.35773002468717,239.99215398163182,377.17274901543374,17.745360630413593,15.787879677750464,8.344274456212196,7.752666303698951,20.98393697316189,2.0462515005497206,0.23356673093250893,1.2343799827806063
2023-10-12,2783.7520960203055,36.1146061439141,1125.7932590895298,2629.085839100806,5.343365493655268,238.3880216159602,373.7141830579022,17.600094352738864,15.769439111614039,8.380264058998007,7.729757137278988,20.879112434262616,2.039928825954578,0.2285271381779419,1.2199162553457732
2023-10-13,2761.318949188851,35.69435588027451,1112.33260916735,2626.058846251359,5.316224258473128,233.60641456499354,374.35269551723053,17.505773024221988,15.90424525893306,8.39021383943455,7.675168862914175,20.663018079393197,2.0413654518326663,0.23126430456670805,1.2105258760182185
2023-10-16,2773.125169224742,35.93313799800164,1111.2629063321647,2652.6617417287976,5.272839676923398,234.475621225012,370.366551358808,17.783920953883243,15.91956131598046,8.458178988857926,7.779575432052783,20.767672071620602,2.0629242618072725,0.22983816827578044,1.2190934085295282
2023-10-17,2756.9814100918743,35.75948430017327,1109.0947886560507,2644.8792474719367,5.224398363136825,232.22923851875206,362.03191214052566,17.821930037604137,15.515517485840576,8.42864925038734,7.716324232302128,20.753508825480566,2.0454390783587817,0.22956402418607433,1.2325265785465116
2023-10-18,2776.3473902481996,36.130286052460924,1113.0428932184946,2636.1337059397233,5.249545157181634,224.67536161608626,362.2253160476494,17.734715682788032,15.607571690036547,8.321926645639369,7.653075794086898,20.51918469932568,2.0371067575302986,0.23206829841358775,1.2317577703090052
2023-10-19,2775.2707369924415,36.23237066753981,1111.8454255308181,2626.9454861908994,5.225791551915587,222.80078163584702,356.0489499656244,17.47178104668155,15.646035768751993,8.326616838916701,7.660625881619898,20.23092408547831,2.014857237277721,0.23141997152976018,1.210937451109461
2023-10-20,2744.6686788077386,36.46953486055344,1120.0291388545713,2621.8214235320634,5.242572901487355,221.0472187366842,352.5166447954943,17.39549255162571,15.754482602426183,8.433806620320299,7.694013187402597,20.368461600069885,2.017067161120483,0.2334473919632707,1.2139940212016598
2023-10-23,2726.6839099872195,36.532038434586454,1122.7920547199856,2622.8774770000787,5.233197901048337,224.55348739065016,355.55309344246047,17.369016676048755,15.78710494053891,8.549504700307486,7.710668911010288,20.43587131773299,2.0381540498188286,0.23539032813100672,1.2146519279947305
2023-10-24,2718.759565177984,36.87003793576725,1126.8678097985967,2646.361914767,5.222656516645812,219.8415265802396,351.91424753021397,17.268138938503284,15.71403181680251,8.510119494739374,7.668345798662955,20.41563645728894,2.00659058664528,0.2304225092975518,1.206502390345709
2023-10-25,2737.5781030807702,36.418056048129614,1132.8377185839386,2651.0834976796136,5.25834029822246,223.83069360313687,355.16300961186136,17.59719742507765,15.878602319826918,8.596830573547555,7.820727688656302,20.620437657959286,2.035311339321688,0.22873667008631673,1.2198608946864742
2023-10-26,2746.909369922312,36.444573645359014,1127.3120248840498,2673.2928048629046,5.303213769447528,222.9280151140615,352.1024441242891,17.497266653938265,15.70899069616586,8.778604655865418,7.922957290534624,20.802462248161223,2.0590526000097134,0.23035874177710017,1.2271592602568053
2023-10-27,2785.096721769418,36.6639310684817,1141.2804848801068,2671.170824160224,5.320399079283009,226.68115158421986,350.9006364660358,17.634170620485964,16.046847865889692,8.776612048195812,7.88719294615322,20.658061996662315,2.0612163153828695,0.23269094591399866,1.2291482223883547
2023-10-30,2767.021752410308,35.9562531824325,1137.7310559654222,2673.078351596666,5.281036861691899,227.02784897305096,349.1499971254513,17.684177289759642,15.907578186596398,8.592464026309719,7.702296617818403,20.490079692438236,2.055769739187116,0.23067159008259808,1.2215830893148063
2023-10-31,2784.431227689718,36.55460652931886,1139.6187518533036,2699.849415782505,5.268081300535578,225.4802587413365,352.02065422445656,17.73947684228995,16.12987867833669,8.694970487226447,7.822331631983173,20.759759163810315,2.0304720370389426,0.2328465203462517,1.2262519309312134
2023-11-01,2763.4693435375793,36.65489656346829,1138.7084734381806,2719.6081583842265,5.317807596478778,219.06712081211722,349.5286295344305,17.69289171556943,15.924423958196767,8.693827643149053,7.824593054866332,20.61886212647424,2.0068737839357027,0.22991118145135528,1.2261887051689286
2023-11-02,2768.468478458604,36.343274218877355,1136.8811710723005,2684.435168537417,5.346517894436995,215.522606101852,349.5842084210912,18.046838860122683,16.20126862937915,8.744976780332696,7.846712334601211,20.66840162454564,2.0020974625230084,0.23268927380899637,1.2330453804513535
2023-11-03,2769.431829853569,36.483182823470486,1144.9702275692696,2668.2877163571125,5.4483198943488675,214.67501007807488,343.5809769098331,17.93406415476104,16.051080705460993,8.727570990898357,7.940449248554206,20.685945802864573,1.9980221354148748,0.22923881924941125,1.2408891216924731
2023-11-06,2765.2055155234966,36.68264212112287,1143.2473432459099,2657.914268876666,5.457799635916011,214.44794845985777,352.66296832545936,18.45390046270153,16.375134796617388,8.702717906883908,8.023152472320438,20.60611935827536,1.9896573638883797,0.22840570368501312,1.2237308497763613
2023-11-07,2771.6561156236344,36.43764021061507,1146.1346401774124,2677.5659539252492,5.515872809106039,212.98846615842012,348.49066627118265,18.396405230506357,16.031736238834192,8.76884083775494,7.978456113923524,20.889925598718133,1.992095365333724,0.2277745576945691,1.222727679845292
2023-11-08,2750.5891551232685,36.073380428641336,1135.7621037243598,2656.8266822284577,5.563470191219928,213.8816916431674,346.37850036311175,18.65283664965359,16.021761934587616,8.69717129065026,7.8180345070936275,20.459117888686652,1.9971993928536276,0.2274954614013335,1.2160550177962368
2023-11-09,2738.8965422991573,36.138711353689175,1158.198576925718,2687.2227393494018,5.59887836532092,213.75751084242378,347.5043731908911,18.55520487587528,16.12116679970075,8.819799721885992,7.844708586938551,20.57980062018781,2.00009907066046,0.22725325516017425,1.2252846275913538
2023-11-10,2739.238805935481,36.030255874754346,1176.5065722664451,2666.639481194565,5.607303650177309,220.742199176651,350.7701195055431,18.774767278618494,16.385712029815753,8.769128120212871,7.808157679794181,20.446804979907967,1.9760648937194776,0.2260690684141386,1.2198320663981759
2023-11-13,2720.201047637267,35.88348640199476,1168.1004791670528,2659.1134665865648,5.589473247003201,223.96671263112495,354.2514017448467,18.690839691341502,16.870040334842585,8.753578918048637,7.83041498756543,20.580577110586873,1.9775852237735645,0.22591828540463318,1.2152319738129465
2023-11-14,2747.83330504284,36.14693845884268,1185.0897469581048,2686.929079845774,5.621589542560864,229.0226008871334,352.42757925825276,18.579373181061985,16.596101764957975,8.765026477001015,7.893657018095538,20.717113657318436,1.9947562045812812,0.23071317004269534,1.2414474301456833
2023-11-15,2734.80212680332,36.559156501850616,1178.714313524137,2693.1636138648473,5.583525714148656,231.57282265678703,356.6940892884422,18.926622566656732,16.600097386032616,8.84635611567957,7.914743778125767,20.767359635489814,1.9713388473916305,0.2276706167235265,1.219774103024768
2023-11-16,2713.901623630355,36.08072418833601,1161.013902560529,2679.50448160644,5.501485266226471,224.0653577493818,351.9993701477314,18.74820624328482,16.31063966005843,8.80743690682269,7.940402806972036,20.710801912252453,1.965173903465644,0.22528055356040555,1.2004965316750347
2023-11-17,2696.1466026766425,35.69334239363036,1155.1746885671625,2659.757961332814,5.387378638261568,225.62853947058102,365.85062134157744,19.047536900437034,16.71011050086791,8.659609955542237,7.912663914339018,20.5401122333155,1.9692999632588193,0.22612430178242066,1.196917466046565
2023-11-20,2653.134161668441,35.684140341039466,1172.2330339035395,2611.756087297754,5.408137336228928,219.713767816142,361.14533757829,19.069422808121466,16.400452567939652,8.695495211005179,8.007419842729153,20.713261993750983,1.9837764514730842,0.22869969442047416,1.1938426274101557
2023-11-21,2682.615131238001,36.36854252881901,1184.7478517525371,2631.1058270248195,5.437413007874188,219.7108321829889,363.4704333870447,19.313006811349574,16.254435010618696,8.73112435599385,8.034796755930504,20.687504356836108,1.993427003107138,0.23028631500248434,1.1900330907236027
2023-11-22,2645.830194481901,36.0393938114575,1169.2243134817006,2656.8443233267876,5.4076539093898495,224.45291744975262,360.3822269142775,19.536218618563485,16.23811172254854,8.646634178987126,8.073541083527582,20.592442796293767,1.961993967333854,0.22658785833937134,1.1775842745870775
2023-11-23,2649.114980893471,35.8529717673312,1167.6550673614718,2642.653102484355,5.425049293547013,219.01054337547507,361.47296264929207,19.224811173923015,16.318568143654552,8.728141462121567,8.148935990223737,20.79497063100168,1.9871861396170782,0.22897950020636296,1.2000430298078717
2023-11-24,2617.8111212017566,35.52956391712233,1153.3927689136217,2612.9453089515546,5.355438392205844,218.0517452511242,358.85286645779894,19.198617035119707,16.119396823885825,8.57818286320362,8.06289373864904,20.557242271881478,1.9787554216196557,0.228052815644718,1.2047580162220397
2023-11-27,2603.75276824981,35.86740088443072,1168.1276198427038,2629.015079888322,5.36772039486113,217.6459183241777,362.14178691337077,19.324812684981403,16.26201795153371,8.512649478166788,8.028591915040812,20.376013783572013,1.9915064567969045,0.2284595007741974,1.2178946082618993
2023-11-28,2584.631018335387,35.842727276180305,1166.5676316854046,2607.639529568002,5.35495408251829,217.23860348654733,358.77252955407107,19.025242381731225,16.12961093962106,8.550959667411513,8.122049438241298,20.475541420999647,1.9614696752839658,0.2247207921742107,1.2124559148285696
2023-11-29,2555.649906202694,35.69461273933413,1150.4972447953476,2591.010248198999,5.279932405282725,216.12315252905125,358.9747150694915,19.185238588245294,15.907203909438879,8.479133405683534,8.006587408033056,20.197866301429663,1.94463189451406,0.22305239832473905,1.197213124078271
2023-11-30,2535.9560411293987,34.91461986150293,1129.698057280896,2576.8036203363768,5.26931428972059,215.45222428807472,362.20871638937626,18.8959889926861,15.915749902181076,8.459035519898576,7.980883220452462,20.1356412351876,1.9356086671943453,0.2229496189227133,1.1974372257292438
2023-12-01,2555.6193746494555,34.71365896346037,1124.9100317163848,2572.262604248948,5.221284708655357,214.66531637121304,361.97452307459093,18.513693555976644,15.841595747373246,8.541840571905432,8.062897919291686,20.57498545993117,1.948429032834524,0.22562848205958821,1.2020343055612457
2023-12-04,2568.9648709109906,34.37916014823422,1121.1707287074578,2571.2362549999807,5.2403708784963605,215.2565200197409,364.21765295275975,18.242815476209504,15.86053300042731,8.68810349376299,8.124415956192145,20.521131374325396,1.9502887222958678,0.22749949218863044,1.212304256683848
2023-12-05,2576.162314009249,34.28822361955245,1108.065287995457,2570.379739863089,5.309688175580141,215.56882490337765,364.7097854455331,18.11480724254348,15.7485428991915,8.870316293113426,8.25795489873502,20.863874372877802,1.9764446146048842,0.23476041346284723,1.2341068958787533
2023-12-06,2582.6315779369097,34.48377760294085,1110.639580362662,2586.910070241341,5.285742441666417,210.88689789777348,365.26914605322884,17.98877200194759,15.365709574877917,9.027619807624124,8.355246862452274,21.222209288011918,1.9692633913211919,0.23403968461900568,1.2289101077673643
2023-12-07,2583.630245193623,34.77871453698898,1117.1744092237316,2615.010490359369,5.3090717136990895,212.67743837538777,363.3093216076269,18.275654024712384,15.591401795638156,9.176228900593065,8.387331483541688,21.310887311434016,1.9715916919752674,0.23772754125713266,1.232224379213956
2023-12-08,2600.1104411771175,34.519354346503604,1120.4165796034451,2565.318971759975,5.402378329522084,210.33490047849173,363.9274201873841,17.932252129302185,15.494596023339225,9.20493651880258,8.427869968776198,21.61172294952951,1.970604363185607,0.236614263398026,1.222267628239666
2023-12-11,2621.254586835942,34.3253467680825,1121.7860245740019,2562.9080933871114,5.447784125988699,213.66712486196002,366.75175825044363,18.299671601748,15.381250893045827,9.215194317047146,8.536607710655074,21.685210173655236,1.9727027269077722,0.2357703244943529,1.2201492694244547
2023-12-12,2627.274276500912,34.53216496659988,1122.1186448657402,2584.0944347148056,5.436558533312855,212.73378903105174,358.91940783229234,17.833652233214067,15.128180771121052,9.231068729155517,8.491931807558629,21.815324857932374,1.9551796862998607,0.23501844231676444,1.2126752137296315
2023-12-13,2645.13110070681,34.792288333203935,1120.555994075426,2595.4581679587636,5.3760896380205105,214.81860667796195,358.70480238008315,18.502076829232895,15.24307135764501,9.281479645385605,8.549134364684324,21.99960134165887,1.9702741297059116,0.23916751227200717,1.2275720320505137
2023-12-14,2630.648974420513,34.913731268029025,1128.1613995611287,2601.6045611214913,5.366700618025566,214.40887086024958,358.7489061844584,18.545779090963197,15.541209496761375,9.236933559994863,8.488576884318622,22.296574811283023,1.9628747777956388,0.24090128105395928,1.2250918307976342
2023-12-15,2667.099785145165,34.92108205504233,1134.5160252652577,2624.2238987514356,5.318137058361577,216.34962571032798,362.38391796064906,18.351883001354196,15.488029677879728,9.384218495760335,8.578876126870844,22.764720208862105,1.9670633774054065,0.24187576986798842,1.2264553179288307
2023-12-18,2687.7519354074693,34.9589518666119,1147.245299497174,2657.2437536649227,5.322494075362867,216.76814086728712,358.19860441122165,18.47608645463434,15.61000598447803,9.415464406027684,8.687890112263586,22.897925642500546,1.9902791947555654,0.24076321862476363,1.2395707945548946
2023-12-19,2681.2091696949465,34.7644355023543,1148.2846843330926,2632.735933488309,5.3350816646175465,211.79187740504682,357.20159393706774,18.127449615907548,15.314829650336167,9.47997014840426,8.714019631508862,23.271133882723376,1.9751513755344923,0.2372464420403531,1.2236863883419455
2023-12-20,2654.3892040546525,34.601857410189496,1138.4963083333917,2634.500135481807,5.259074272458957,209.42346083170793,357.6769866246503,18.487591940706192,15.422898657999434,9.513601321259541,8.740383314336945,23.37140694079457,1.977612570780366,0.24008499554466692,1.2280140046302344
2023-12-21,2634.669838221718,34.47956410691455,1135.7537136406836,2637.130659251929,5.297532559270927,210.0343964837305,357.6108441759821,18.465887509323274,15.26951434006207,9.455020022198694,8.695242703008036,23.52793267918206,1.9957204183603385,0.2434392579061971,1.2491522208319144
2023-12-22,2671.241173501518,34.834548884990824,1149.6901738097918,2675.0436101268833,5.283466976850694,212.12048856229924,361.62345734314425,18.42005949826212,15.32541194209157,9.645318742325948,8.782431150085168,23.861625899805695,2.001880591010975,0.2418690467842838,1.2506838563442935
2023-12-25,2726.0563297019294,35.15506760812042,1163.1838779673408,2682.0044717609394,5.244564240763289,216.93917902602269,365.92027945558345,18.341972947501375,15.488688196910054,9.649192279251753,8.808314445163061,24.047208069001673,2.0295437784034354,0.24632685699961232,1.2633103352289572
2023-12-26,2708.655045816125,35.04227781569674,1157.2493005234794,2679.8562883693685,5.117678369945709,217.19182271264464,364.8034539761217,18.42868177417666,15.400689097422482,9.7315336467253,8.758041167546452,24.172691701251516,1.9855225014767082,0.24680758926305896,1.2481797695541417
2023-12-27,2681.9565149965592,34.75592000690707,1142.7505717034542,2637.68928211697,5.118452696576666,219.66968914137448,374.8167584503915,18.614765505019715,15.660847873014303,9.72567633550786,8.71293273082764,23.993787452930267,1.972939756436551,0.24351118072389052,1.2523902969523222
2023-12-28,2676.3928903282285,34.83051076563304,1143.2177372799606,2620.6188849785967,5.11169571414755,216.2427377802121,377.36008848111834,17.99372299772085,15.574897357924042,9.79729820871933,8.751616130788028,24.13196253338526,1.9918622239899018,0.24639175070835137,1.2440729192634457
2023-12-29,2698.96512548759,35.08344745895435,1151.1333984359217,2642.2405354029747,5.096041841784495,217.1685467784366,375.4476734562823,18.059297911563522,15.470294638403846,9.952352472966062,8.88421626100719,24.332679459337896,2.006246927105443,0.24757055464404748,1.251323196577205
2024-01-01,2696.1906175975478,35.046180962692176,1157.8351367978612,2691.680070311611,5.0421997895272925,212.67308875824403,374.8566110235164,17.38159628087862,15.293109940362092,10.019632216782323,8.82203587779945,24.310475943314994,1.9994579636853156,0.24084677020186088,1.2328088113514852
2024-01-02,2698.073046448457,35.067653810063746,1156.3585685681678,2689.088027046021,5.06558956712927,212.76720918657676,376.1559184886841,17.251458858204604,15.39380238423062,9.976443001885468,8.7377645521026,24.139207245634076,1.9727728720706512,0.24067625608762847,1.2221716413252712
2024-01-03,2699.5687353715457,35.399682246722634,1170.5635502901223,2721.739962741791,5.1449742103799885,212.63128306479516,376.649624128925,17.111237290626423,15.388297018500769,10.0222574668593,8.71341350699014,24.01784005307386,1.9590613243017136,0.2404182219956493,1.2048623403363243
2024-01-04,2704.8065633134343,35.37900742314516,1155.7913285247084,2717.0985552646944,5.153266111203458,211.83821550308062,385.2347217847846,17.279892667540576,15.481429840135927,10.027619693579773,8.658393654542342,24.12222153777718,1.9861747879951874,0.24216338719864308,1.2237261803620836
2024-01-05,2672.7971640957235,35.49472319937553,1140.1939749120565,2712.495612714735,5.1967126873797325,210.22677087509527,385.0650364801664,17.32364634354913,15.630832347608655,9.958091756673465,8.600974778489554,24.13395803530728,1.992073420055506,0.24277562672100114,1.2235792881569054
2024-01-08,2701.111070477632,35.794533472311784,1152.8828063874912,2731.7745962973336,5.141061312555991,215.86133059552304,388.7293860973842,17.51378005269197,15.8965742999644,9.99405546142132,8.502848949158372,24.227447767279028,1.977209139398658,0.23917356893856195,1.213614759974801
2024-01-09,2697.044208687767,35.78896213386082,1156.7895498008468,2723.5797387991206,5.135359415214482,220.28566492453305,391.6673064419418,17.717817168199147,15.816440231265373,10.11011362465641,8.549099225866556,24.337666631333573,1.9773505592896317,0.24007515025020087,1.2303694674610925
2024-01-10,2694.3039068593916,35.743011686165055,1150.022930627303,2682.2790138619134,5.081866971092271,220.78149427662137,387.7504001149301,18.001187515400353,15.63135321415328,10.038986161237142,8.49217926223879,24.157512297045113,1.9374362695585878,0.23386579755924441,1.1957480124037085
2024-01-11,2708.2930570703775,35.925433873710844,1147.5204758968412,2719.38323172599,5.106953437676007,226.37946891884798,389.33634632732867,18.06917629838976,15.787021440361917,10.18729655169407,8.576978129248673,24.306700764739755,1.9239240136619782,0.23011085904714104,1.1821344573230441
2024-01-12,2722.1013670514885,36.10761737053652,1148.2278210371317,2713.3282935696266,5.041736417646253,230.79611457026328,398.4138170855847,18.358041010472924,16.21428518335606,10.093869321006451,8.551004410524996,24.216419585634043,1.9311695076368656,0.2307741745209607,1.1830586220748758
2024-01-15,2718.2192017981265,36.307446347703326,1157.6146038651552,2738.215327756238,5.032240600406437,235.80936679089007,398.7467963591024,18.53799266536685,16.302953840895103,10.207996924283876,8.545203248656192,24.309053095853823,1.9351282709915865,0.23056024158659477,1.167627571501227
2024-01-16,2737.4250522544994,36.0629521265052,1154.684082130571,2731.859502424875,5.061877220993117,236.27642939663926,404.3013554670187,18.67235481126681,16.662381356831826,10.32869222108147,8.57728603006456,24.448253480428413,1.9573530707652014,0.23034177525677602,1.1623790175277093
2024-01-17,2678.260329297789,35.643163398049964,1133.9646406442446,2686.8766439269666,4.990207780057166,238.1775429407997,402.4532772774514,18.890453472994785,16.834643714978096,10.318230213740982,8.477213423535526,24.079445733009027,1.9475268584603107,0.2271854901746449,1.1602163096018332
2024-01-18,2681.4261028250553,35.44617408624558,1116.5835292851255,2655.0641637534236,5.0044577905053345,236.1542622232943,402.5556841290534,18.91583225118853,16.8858556554266,10.303785819103798,8.48507229290527,23.808539646407233,1.927414789817437,0.22356167691945467,1.1569644515240103
2024-01-19,2642.6388499468458,35.37757986611502,1113.7944108009767,2638.0879513684154,4.989955130200284,231.68852083894527,395.963182561093,18.88421983111366,16.796542507345453,10.231060599195013,8.347897978923353,23.421732453188575,1.94141634448193,0.21992942194706191,1.1419145363751322
2024-01-22,2658.3331787647826,35.4331996394921,1120.5776620134448,2628.908977967496,5.035185228381148,230.39486428920452,393.9848317303817,18.796552923242192,16.96370510990169,10.263204907123207,8.369553251618063,23.235492172385147,1.9605795408038413,0.22048653544717853,1.1476875584758994
2024-01-23,2642.9673410839036,35.233131621221844,1131.6387914780923,2645.834900871567,5.078685496414648,233.65957618231695,400.63777152779795,18.77777364924675,17.160856597686436,10.350729606136621,8.43384242836411,23.467252947200535,1.9373974414786446,0.22067306391280184,1.1378364316119978
2024-01-24,2646.893135675587,35.215117115462924,1136.3344623076912,2659.492039889672,5.063301709410763,232.76170574429068,402.0134867848694,18.814596669677343,17.445160896931757,10.34245405170784,8.40003223126158,23.23515403513938,1.9666196280144455,0.22333301175587875,1.1502917645585484
2024-01-25,2620.4030635678173,35.14897399203437,1126.4886963707365,2636.91440432398,5.1468590466153445,238.4435822418382,409.5397428949211,19.447625650728284,17.81571643270326,10.389859846884066,8.405633696004108,23.24237177697876,1.9665862940018748,0.22215234749999385,1.155297991730604
2024-01-26,2583.7337438174654,35.063524266232875,1105.073776132654,2641.2284980999016,5.1303016457924,229.14203763652606,404.01574659804555,19.176830088247918,17.63543419771608,10.3643678013069,8.38877907331649,23.067565129430875,1.9697237991255445,0.22085036347124992,1.1512274524805486
2024-01-29,2580.602407220196,35.11934837247389,1109.2484298257111,2650.5093346388066,5.0931887368542,229.4330801928809,407.5477093582334,19.51112818086483,17.835434638228566,10.287583003899558,8.291355150853102,22.774306046611382,1.9742737151128766,0.21918337283652609,1.1536847845694749
2024-01-30,2589.2437261619884,35.799755271219375,1124.1989190807387,2664.379029434002,5.064508100898033,231.767773841391,412.84050803850215,19.92729031948028,18.062598074096865,10.130070862949848,8.268542298862616,22.641389086621494,1.981158118431964,0.21871862895346858,1.1573891331707404
2024-01-31,2561.0392404581394,35.77365375161835,1118.368269366911,2647.1574512173293,5.02557188569287,226.10384515345262,410.4803076118425,19.405330291933222,17.792172416418843,10.143263481503457,8.29598971628054,22.517503783623944,1.9772747386528946,0.2177121885415135,1.1511435227069626
2024-02-01,2567.740925903779,35.646790648105934,1120.9467051002944,2658.752742564767,4.967110773291724,231.57402578510693,420.4584892251775,19.598078236704385,18.188103987739343,10.12106521851515,8.306098082312884,22.647201324498834,1.970250571744808,0.2162105830335995,1.1496195437871959
2024-02-02,2572.7721498155815,35.61743264207969,1118.115026914812,2681.904757178885,4.932075273152842,234.49077768844148,423.84001035416964,19.45099714973054,18.382234028890885,10.088088729936647,8.236213327093543,22.490361649375327,1.95692929424396,0.21533490588173204,1.1475110690466614
2024-02-05,2585.9199442563995,35.63546380809996,1142.1647062909237,2712.9799765098032,4.9602827384822215,235.98963454483888,425.9645901876731,19.816679971829217,18.64586448254294,10.151373877528183,8.262299001048627,22.661829291220588,1.9606083231645728,0.2184657604176306,1.1637670992349716
2024-02-06,2576.1264608865476,35.45223206760762,1131.5291364661302,2673.317124735755,5.031380808720601,230.81397874133145,425.07208479948105,19.85541361337441,18.396577865136965,10.226099482740384,8.203556129437695,22.54503822145776,1.9725348185887124,0.21769453994945578,1.1710408919037691
2024-02-07,2540.994363454134,35.17679821715957,1115.7829511558186,2671.252921124834,4.986735910657828,235.07471759644744,416.67958779021734,20.092535198762825,17.953162500728997,10.034771228898762,8.120179203397967,22.01649516520475,1.9513530889017796,0.21643920975576333,1.1662516190772259
2024-02-08,2553.6206440694245,35.51684163242471,1122.8298005785573,2708.809420799968,5.024564449781998,235.91000019335465,420.14485793631536,20.3933357649008,18.218596911115252,10.106839641762832,8.178804884989754,21.91014785421597,1.9614019573602381,0.2167651116162713,1.1614836153099917
2024-02-09,2565.5349294030552,35.68013120870479,1117.6981837253784,2714.9220291778665,5.026829391345555,238.45279188907327,423.9367039220128,20.80007752415,18.15333091351259,9.936734805906767,8.164774049065635,22.019640134946783,1.9646358294916864,0.22032974703342487,1.165554674063875
2024-02-12,2566.471414519898,35.52341075842001,1102.75332697578,2720.1705122346225,5.05527461172815,239.65908969399308,412.08759993777227,20.947739683352484,17.82768163378993,9.86619728404398,8.107477412991186,22.051483927636443,1.9673545302346376,0.21970063362198683,1.1651176418822042
2024-02-13,2575.0202709169544,35.44771382573351,1100.7813646276277,2692.1931008095476,5.0939652822973125,238.69793361153964,409.96032399208974,20.725784420261352,17.73999195884277,9.79987452291663,8.044561758214293,21.916658600969647,1.9905843913611032,0.2216665392959823,1.1801321200238384
2024-02-14,2558.437060488971,35.20469725522338,1103.8217801774547,2675.7866592853843,5.038126998990556,243.50742392474197,418.915402249602,20.895770725743514,17.848329275039834,9.824029541315419,8.063791663288914,22.249350208046913,1.9764461288333386,0.21984132284726227,1.1781503342470068
2024-02-15,2531.897582888599,35.119891463187415,1087.2680088683203,2651.146727815449,5.038838319999671,245.79303982491453,413.70558238020874,20.90840936003153,17.79376334673847,9.70535888147201,7.9193604493475815,22.19616282317847,1.9706171070927039,0.21998308928584556,1.176711833743346
2024-02-16,2546.2540701956304,35.368877133431326,1087.7959260814205,2685.3129509805926,4.9929780164473065,246.98129344518586,410.34075964358783,20.962044036560236,18.01707684758543,9.760447619377732,7.940834480756538,22.160745508392555,1.9468621991574717,0.21814603384619558,1.170052394285511
2024-02-19,2520.4634533721255,34.93114585164274,1063.9978042660343,2659.110480364479,5.033494881743418,243.962849759671,408.18323945996445,20.542852368193195,17.838952001234315,9.804230526972802,7.957875698145838,22.376643314850682,1.959021295297367,0.21752392914407856,1.1614562980979939
2024-02-20,2492.4116523054076,35.01776538009498,1069.9531788141128,2644.413972651169,5.0538387322473435,239.0814866818582,406.0774407338311,20.309181448733476,17.42442359333583,9.76395924125166,7.9079261853126805,22.2461396654552,1.9923818557655182,0.22224257066015987,1.1730737289880409
2024-02-21,2464.600310597005,34.63363814172067,1063.0450429105895,2609.479195999694,5.004719601340677,246.72157683372677,419.05216857547776,21.01602397803329,17.704041044368864,9.74076203519758,7.958732354180203,22.20778429497146,1.993114521052172,0.22400983037899863,1.1563122941351403
2024-02-22,2469.7583347292057,34.883283859846124,1059.6010296632544,2602.4465701933314,5.049086915354307,250.4141582103239,426.32971060609077,21.149031914953525,17.72586315043369,9.601859976498393,7.861389402718693,22.089723647823146,2.0098754017302376,0.22582656533043305,1.1629616805825438
2024-02-23,2455.5025375433856,34.456683355139646,1065.6974505912528,2606.4808963049354,5.029666776653387,254.57698459478834,439.1693506616789,22.03739053643241,18.201014985697718,9.656487738342285,7.8485954620501985,22.07255049621114,2.0129766545636416,0.22521562536111372,1.1630050796500335
2024-02-26,2448.7830586559244,34.63137023079064,1057.6219666110514,2624.200346635758,5.022917427378447,254.24635942526794,440.76833429912483,22.145547884592872,18.36956840112117,9.60407585942608,7.738609105948205,21.999573876287144,2.0494323423924232,0.22710312369001837,1.190044406212248
2024-02-27,2425.1707602599,34.38730066345858,1060.117269629774,2604.6615460794096,5.064843856933502,253.81166466476603,435.8093518424262,22.105953518808036,18.503192658084274,9.714042821246439,7.747579636844965,22.13113645998213,2.0815716726026134,0.2298341366808995,1.1919034319335693
2024-02-28,2412.752938078891,34.69229903357274,1054.0964643032216,2585.398363295962,5.022420902843768,260.4084596306127,433.0432005243994,22.4455598331221,18.647244423588912,9.606254618770695,7.623405474326638,21.6475120531524,2.112516714983519,0.23150441888064735,1.189708128130604
2024-02-29,2406.9909789806484,34.6722873271929,1057.9796422775923,2613.7326805576527,5.014630440679402,259.9619501811006,428.16473416561576,22.52537902381426,18.443457447187065,9.60054602419822,7.655782915439078,21.595358523091864,2.098166060509814,0.22767739533553064,1.1906527725330671
2024-03-01,2410.632134758043,34.593549258991274,1044.9273895005308,2611.231249985726,5.022483109117046,258.1670863303495,422.3225430333576,22.17567607407095,18.430520904883636,9.723626570617565,7.705675292241779,21.49163730002696,2.0742754301746538,0.224238156078361,1.1872666127000893
2024-03-04,2411.943804580653,34.25735396095611,1036.4398482760207,2602.990661807872,4.917717636465976,262.47974752444594,422.6219288740094,22.190436386721082,18.210812294739167,9.75878006625139,7.698234872153428,21.548168847559758,2.058636111984574,0.22447887583342505,1.1860746013190915
2024-03-05,2445.6331871345074,34.3837871093634,1047.0107525617118,2618.074231024936,4.96975872956846,260.1573646920868,417.4514695001964,21.91550168900035,18.17706210011016,9.75983307580971,7.710501427411521,21.502198671959206,2.0857926449165167,0.22439449631940508,1.18779199887467
2024-03-06,2439.73478036578,34.67400580173661,1052.6687365088685,2641.6983050961567,4.916277548610722,256.8239992537148,415.47680308116674,21.561253231260586,18.53202961228716,9.847084317657993,7.68329928376021,21.397055236105693,2.073960244229111,0.22271898370418022,1.1930177040890255
2024-03-07,2463.5005486955774,34.55480262700756,1056.5883739845176,2622.623749051031,4.874142140996311,254.824489895243,417.9714909603608,21.545231159207063,18.636472308237337,9.836508772677213,7.684370705448193,21.233526367099508,2.0680104689475547,0.22152021953806236,1.183285720884064
2024-03-08,2478.024856106556,34.628312385900095,1054.697788982469,2622.3835689000275,4.898888758056933,257.87306021452997,421.2857997662401,21.721554307678176,18.61863643073148,9.82180260556648,7.551019483579239,20.964552501157083,2.053437167523207,0.22020515240108196,1.1770933128037444
2024-03-11,2438.5997474331502,34.81702241386567,1043.3027448502273,2595.208761740214,4.928311703647268,255.64515516830525,417.33157076249427,22.028470982469397,18.49273623885758,9.842524356804198,7.577051674748529,21.155019929500053,2.0438187410714024,0.2209391038744417,1.1737930889795969
2024-03-12,2428.4196777186467,34.513622159185324,1042.9624314995938,2568.2654956788915,4.990283937216243,258.214546022558,418.59169510005927,22.368889100841646,18.834380197942302,9.90164157910754,7.597506916798892,21.166759890895605,2.067189413776343,0.22356752705887928,1.184530174028876
2024-03-13,2449.073305593073,34.43387177326274,1038.0318550603997,2556.008423746085,4.949926560884139,257.7030923991505,420.42206392983013,22.39586848724602,18.908841266381028,9.734066657514509,7.484191211712101,21.198008417780017,2.0418150748410095,0.22277539558613427,1.1799507428093499
2024-03-14,2426.0497460939846,34.11059953513972,1028.8952404099393,2538.4472818725017,4.961851296096259,257.8275007844113,418.5282204746903,22.481790260765944,19.022736315357097,9.6570345456346,7.4429740356011775,21.360721176218245,2.0489316288582353,0.22377918671606953,1.191848283772821
2024-03-15,2428.9849317949174,34.27885398289769,1032.9891701285314,2560.541594282219,4.899225307391986,254.94685202247288,423.67492072677527,22.58182251104647,18.803454350396972,9.687833312626703,7.472197498212989,21.393530605843786,2.030702595605681,0.22245028099952147,1.1826205103973957
2024-03-18,2389.1048924595134,34.00983185055324,1022.8994156584274,2530.5156019248902,4.876058542636971,255.15463308961225,416.535547171161,22.19191570337897,18.89265023236848,9.591084344974623,7.472946526813605,21.193012017014503,2.03552747205773,0.22125933746061996,1.1753023797529114
2024-03-19,2386.6133453093676,33.89047025926941,1019.7826976212191,2531.0737938250913,4.914495898166288,254.50243802597433,412.4059545178044,22.353654634552655,18.723748257210477,9.60328813422177,7.470214164192831,21.123461585063502,2.0473209090586697,0.2204614038240411,1.1803897960229213
2024-03-20,2410.6611958200892,34.00364258965841,1019.5671696764042,2546.1570009063466,4.926600672742925,258.9778168543851,420.7405111982758,22.913881380217376,19.89960113468437,9.706191042284951,7.575340960931869,21.256213836658834,2.104135058022468,0.22437527081021696,1.2064441021386962
2024-03-21,2404.789856928403,33.81193570053735,1018.204459424962,2557.754123525674,4.980909451336885,255.18261158131432,417.72989774455624,22.882110766189257,19.835819148744555,9.695486758078983,7.63586196971881,21.045296641386134,2.1321414172936155,0.22982682273458854,1.2343091116753753
2024-03-22,2399.037965023995,33.757985150961304,1005.9643454019367,2565.065133696534,4.984185916808575,260.06488340784864,419.95051193367107,23.069536551320656,20.26635323162762,9.72563723691882,7.68956168335949,21.188652858257946,2.100015741300621,0.22740547968509467,1.229896549350377
2024-03-25,2408.0190219031256,33.8631844789515,999.2566695781713,2570.227527195028,4.985396144364243,255.06453959804315,402.8026384298043,23.160646354056567,20.102464099764514,9.658322931572846,7.658395270542709,21.295468570833865,2.0847407622138547,0.22755828790612398,1.2433748829443536
2024-03-26,2406.4894565611157,33.79458690310292,996.1743451473777,2576.812219944651,4.938731972617978,255.19209360828555,395.8654914749367,23.171228903889585,19.984042585760953,9.64333845142806,7.706543709310319,21.54256046540105,2.0828869757304918,0.22661421979077506,1.230476136973873
2024-03-27,2409.582093475511,33.60815471525146,996.9444005978444,2576.985345092334,4.970250963081388,259.10748451253687,392.65198421577827,23.149121087367156,19.787840742501015,9.535135517391403,7.653594293941316,21.382200509206186,2.0893715232490786,0.2287590338642866,1.2270645782451306
2024-03-28,2414.458056984301,33.96089565777684,998.0166505625289,2583.5708223719766,4.942319927822642,261.83132500232887,392.8530205582251,22.991815530906933,19.79016827801576,9.518361704299931,7.650990632415814,21.323472354959588,2.0910896885977124,0.22677296886139497,1.2372839013077097
2024-03-29,2418.7298139609106,34.36342433585262,1006.9303139079882,2592.268214535554,4.928136328031984,256.87491841823464,396.6020905342595,22.843211261011312,19.654170143949028,9.589192748764964,7.726783644578502,21.253705103942366,2.085198566476837,0.22517003192875396,1.241384450227988
2024-04-01,2424.0231989356007,34.43300844232332,996.7986596913977,2602.4657721944554,4.909468688521241,257.49314569849764,405.75555137985083,22.813816881731093,19.861541556622033,9.413022126240573,7.555660413120516,20.793974766143904,2.0748770388251074,0.22545858471562547,1.2473224984530313
2024-04-02,2431.937892456294,34.659937989747874,1004.5123655103439,2610.1302089922738,4.97441384648124,254.64114457647034,405.358678511551,23.195388926841808,19.86209563675342,9.340688452235776,7.510496415029093,20.933275628252723,2.0840018926686525,0.22824841899211443,1.261153627693775
2024-04-03,2427.587373543628,34.38638311433927,988.2663561716303,2573.191651621521,4.917473452362286,248.90745037598103,400.5589946878958,22.33334776894556,19.62968880575314,9.232638737684978,7.513413817936367,20.8126690717485,2.0446230182763108,0.22477497987485798,1.2520249997577144
2024-04-04,2402.1496266631425,34.2118315214083,989.7611511939257,2569.888331486081,4.921890383926477,249.0158440913462,396.24515181892843,22.415973581168434,19.666963033959007,9.349364283498014,7.558756768760854,21.052372022256304,2.01277617387069,0.22257069247605998,1.2451167603315383
2024-04-05,2369.040489595923,33.981553291830366,985.4170320257084,2556.174186847583,4.981738140290636,252.97563765116394,402.947042704428,22.594746479594818,20.190215921646416,9.415865822376162,7.612714729134768,21.186804987177656,2.015378268635648,0.22564853680659105,1.2511547251580442
2024-04-08,2383.0566877958695,34.04405249322561,977.4312804902468,2585.8940286864085,4.988830113300963,252.55339673123328,398.67276065852104,22.457978118446476,20.564752557126862,9.383744120469677,7.658487619526627,21.37640230445886,2.038677368772757,0.2264826702971984,1.2561309931089069
2024-04-09,2381.6782437849147,33.737560189373205,970.505650418275,2573.14760897916,4.9860544216703495,259.6898003567089,408.57952726478777,22.74300856351003,21.069311585998317,9.26829855507514,7.581921305969348,21.360219808392547,2.0254748541702368,0.22367688826576662,1.255142087669389
2024-04-10,2370.5409549694023,34.215021085166455,976.4162673466728,2585.235078815147,4.91157148478006,257.3847341176791,405.4588422020403,22.621104454246648,20.623783815065547,9.131427580039702,7.449330953487238,21.08731198188027,2.008984272551719,0.22393883964855782,1.2593416975429284
2024-04-11,2345.6416616835522,33.83222163820976,968.413488459206,2585.0962829329774,4.947727859784045,259.2486167907853,402.13263409765426,22.43594710997853,20.68880138072012,8.977701006297263,7.371929628406007,20.64390931332704,1.9997007732234215,0.22481744983980212,1.2690984130485037
2024-04-12,2321.0741447426685,33.80203216006475,967.717784457749,2561.1945550474193,4.952508580574577,258.58748139626096,397.3258860010106,22.41278328211465,20.102553447082766,9.020315146378142,7.354397520939731,20.587264697196048,1.9787273418151772,0.2236984928245862,1.253159930361599
2024-04-15,2344.005895112909,34.04606087399796,969.7519178013607,2587.60774942605,5.055681399512048,257.1709823654273,399.8907323988002,22.76534990906706,19.986432566562886,8.997403864172732,7.360814888786653,20.523354640257004,1.993016295754392,0.2274733335007535,1.2523928766616557
2024-04-16,2317.9753948891184,33.543773351089364,959.0468648186254,2543.8967372970806,5.0921658703463155,256.0192998666816,396.76005042006784,22.924596254085415,19.94926729434263,8.85629938393443,7.208519735772565,20.047868552559976,2.002554229392011,0.2303276261925992,1.2728149360791823
2024-04-17,2319.149112867588,33.29428926387016,938.0150146581651,2524.1669456773952,5.043327773087495,252.25865322869976,396.47853758419006,22.3934793198997,19.414337317754907,8.868959319396701,7.23859319979827,19.977020062687505,1.9842231725265975,0.22783792853937315,1.264654638103466
2024-04-18,2327.302351821044,33.61321641919469,944.9351113676618,2524.217364433259,5.087067956465231,253.02050476242573,400.0228232333435,23.122968505827604,19.597497462986478,8.991283835421754,7.292448663858521,20.29128658304104,2.016309647424181,0.23166634982539158,1.2819348070526573
2024-04-19,2331.077367604708,34.04608980918014,937.3180115075878,2533.614104961047,5.068512825682781,250.64700441627588,405.0214503587065,23.19057099795674,19.514765664255695,9.014181906488302,7.296443448730328,20.349921938547986,2.0219207445594707,0.23287740992742678,1.3025212481066784
2024-04-22,2336.346706799028,34.019861030549734,938.5004234711245,2524.8089780685214,5.131631227736297,250.41784974387176,402.6399349941549,22.825239890074204,19.62907090592539,8.987095954351469,7.319874332256994,20.226042842798588,2.0092326021751,0.2324092940536217,1.316086476698295
2024-04-23,2327.95129861016,34.50291675361524,936.74543469326,2553.421888108105,5.0056199561168215,246.18609373694824,396.9246127116934,22.940028409668436,19.195006687147117,8.95111574475982,7.3297962437449105,20.129832033608523,1.9901331185249878,0.23176012000982915,1.3189197001274013
2024-04-24,2336.9986526732528,34.698248058957816,943.9394821266811,2565.8251801500555,5.049262002788215,242.83551025566163,401.5620612629688,23.321819015147852,19.39140249321102,8.944804975208697,7.366565951001799,20.16939341772692,1.9885784055382287,0.2311199227341268,1.3109217932043322
2024-04-25,2339.3898403136204,34.79724473425633,946.3203141363502,2548.587572709734,5.011613162304063,239.80106291909107,406.5669654543805,23.1691961652364,19.62804347560768,8.830646294613345,7.340314561659354,19.95278153249561,1.9741933601797577,0.2298506281142812,1.3133914026996676
2024-04-26,2325.5030455658866,35.12144304202067,948.9672560556882,2559.212587254909,5.014238409240011,241.3856615381209,406.27587411016265,23.26148607275492,19.741018158631064,8.709583664072683,7.442360257021506,19.95077499298076,1.9961163483807973,0.23120167638182149,1.3092322217284702
2024-04-29,2343.8550557871545,35.53473335046794,952.6292581348216,2594.2628467221953,5.047508293285298,241.53842627969738,409.0362532064456,22.889217355765137,19.906107055616513,8.747601722862782,7.456187899622571,19.778735975730385,1.9921479897492216,0.23037361783758953,1.3085515846851157
2024-04-30,2342.8090364208742,35.46677109896559,964.0251090563746,2593.1138321598532,4.984013711243599,244.66852258146625,414.20455464455625,22.975948776192297,19.724745851533566,8.644345769400566,7.394107782909849,19.711177492942838,1.9809765091271503,0.22831706838675125,1.3104596171453358
2024-05-01,2326.5066813527665,35.79688612399977,949.8443198231231,2582.2250466562427,5.01291435973905,249.76185488332806,416.9528028820767,23.364715158783305,19.95104062998683,8.769985936853518,7.488082039130843,19.970194804935108,1.9866559403289814,0.22737061768163253,1.318349082582751
2024-05-02,2317.9949940562456,35.79406897794196,962.6189434614842,2581.3329713093617,4.94298090476824,246.18295049370744,409.9209974701477,22.95467742437533,20.176272355651133,8.930130508895877,7.556535751952742,20.104842869496682,1.9568534695898459,0.22342684991504158,1.2920400120260724
2024-05-03,2302.933895258861,35.97183326883358,961.4724489977411,2565.9018593773058,4.88278235850601,250.67960243666312,419.44801728251326,23.118488969306597,20.601694875619156,8.937676323166722,7.486789555348418,19.930821941958108,1.9447202889344464,0.22332756045568786,1.2884115942430057
2024-05-06,2298.5992797747704,35.951284889316696,965.0903030921578,2575.478730922751,4.901157811791947,248.1257095979306,418.3534994928829,22.738108845748037,20.886886469017853,8.872168161722005,7.531407183180352,19.680349236285384,1.9236509447202135,0.21959667051333787,1.268932182059051
2024-05-07,2278.661959623671,35.548967992616284,959.5825848028617,2544.6266317115555,4.896054571980527,246.2738895893676,419.74318708931054,22.51879068818462,20.92534837886277,8.625878431699899,7.444468801980776,19.201986554992097,1.9182164804774067,0.21902784325509608,1.2505678734181647
2024-05-08,2283.3969001686078,35.62945252262104,952.5289116499632,2526.632640512107,4.929794732425167,250.33567999687,421.5593358037581,22.096190193411026,20.995959448796444,8.60741031408048,7.466037252093242,19.424022446753508,1.9133154085985415,0.21914250026616156,1.2511244474564909
2024-05-09,2258.06276017438,35.240915911621116,938.0263788274249,2489.480848856944,4.927682862959552,247.6712308754019,424.6764422575505,22.2330446410375,20.96595484952915,8.420815592152367,7.367469727045729,19.109408127844674,1.9152223316063846,0.2219144050929754,1.2428839397845155
2024-05-10,2252.214916435971,35.913915573418095,937.5102681877476,2522.1577035313285,4.96428456217865,251.30430695083197,421.954892077818,22.100724747924772,20.745367731589777,8.51280511127739,7.365209497394167,19.198341283188807,1.912429913249518,0.21999264856106596,1.2265175251925584
2024-05-13,2254.312612958323,36.491808805580284,949.2093672065007,2535.988704681556,5.002346490483931,252.26534378833853,425.48732888421563,22.09983339304992,20.34595236197826,8.618349545821152,7.410461753239172,19.206693314193153,1.9000382469247459,0.21922459846748166,1.2230339439134137
2024-05-14,2256.732772360296,36.58774100531435,955.2427724314149,2538.1442680799487,5.064611389184708,254.11352381190903,427.7755195461293,22.284207607059344,20.57060472087413,8.74323815123295,7.422142147514995,19.53845293380691,1.8969542746078163,0.22138932913562306,1.2212042380477244
2024-05-15,2245.7410313383534,36.67167791057257,948.3087065441005,2510.125580434556,5.070869041019138,254.33636490091013,432.4465744360345,22.450116536878426,20.781731556261864,8.626088063768012,7.309356038716441,19.27844846906011,1.9060855934002618,0.22196379035974442,1.218708442244019
2024-05-16,2264.026657726838,37.00688502816546,952.0524587587511,2506.08411669919,5.02345251768998,258.2568450668263,436.43948736478563,22.755301252449783,20.98192192256512,8.584835044988415,7.279491055880932,19.188187706703374,1.9024349089635186,0.2224987524311774,1.2278963987645037
2024-05-17,2257.9830259754194,37.301630212078514,960.1957544600805,2505.0641048352845,4.9739454506343925,260.154623140547,441.7041680751838,22.92904625697388,21.187861231717218,8.511763044533467,7.237446305837773,19.122977073832192,1.909787029877923,0.2242553277788635,1.241228920046099
2024-05-20,2267.818297641945,37.542228865325455,959.8095257032791,2491.8723757985317,4.948084383916886,261.9848814496103,441.6755218938158,22.761694816054696,21.562907185864304,8.305728962367796,7.153429869302641,18.792734798091114,1.8937810618771524,0.22294947067199627,1.2394619715347575
2024-05-21,2264.1171101146215,37.56772192286762,974.287138954325,2517.4083144590904,5.050314652775079,263.29375559760206,440.86978386457724,22.689885841006387,21.770633232035312,8.284223381146154,7.101250955456482,18.5635286794577,1.8843567355681745,0.22215271647889107,1.255035006790006
2024-05-22,2265.9821414756934,37.39518948031586,973.2825301173133,2499.751999832516,5.05294612939448,261.3839018017658,431.5531159192526,22.772067494865023,21.284919545751492,8.246301728219622,7.045262530727423,18.546044561032087,1.8952995456036703,0.224036345061783,1.2628801646071839
2024-05-23,2257.729699472106,37.11680946329636,964.8814407448867,2504.8229680114973,5.01625540579877,263.3808070846364,426.18361146976116,22.85099214270576,21.315559040494254,8.240712574254207,7.070116074357716,18.748088121301357,1.8759458058220813,0.22027810189690364,1.2444120539257044
2024-05-24,2282.8542808209895,37.526357539757505,972.7826274519269,2523.7894081794325,5.038388438341308,259.61769763234764,424.41534622832785,22.593733113121445,20.857506936238668,8.206846081743405,7.053590332661921,18.627350461549014,1.8661888341325583,0.22107570776527943,1.2471668506639113
2024-05-27,2255.6764785938353,36.88763757810392,951.5147615311781,2475.362780609369,5.049695417135363,261.9486321024589,423.24401031807236,22.98325851410332,20.5567694424886,8.164344711538764,7.006262696644198,18.529157004167974,1.8717937515807495,0.22131370860631402,1.2470448895564974
2024-05-28,2270.1812342915764,36.848789924373364,950.709630162592,2463.3186270548513,5.089469538803878,253.737165888557,409.6640656250318,22.003210018642157,19.88873756511446,8.169849004825172,6.972539189619331,18.426600014373314,1.870159798060953,0.2224815133720925,1.2297167163594274
2024-05-29,2256.594320442749,36.8013391181246,953.2079568054187,2444.34206858249,5.009412188516864,250.13123245139982,404.82709494798405,21.83799703230661,20.014809753291022,8.211613690306542,7.019987505362842,18.353293970666872,1.8817116047027902,0.2267239927655072,1.2452243139249608
2024-05-30,2269.258487863515,37.37599870910091,957.828101183278,2451.5105379518754,4.969842948201165,252.17889518674573,410.1829696545372,22.059949267877993,20.015722053711894,8.131043346393355,7.021421481029925,18.272639356488412,1.8835135269676844,0.22685419753504807,1.246572115885675
2024-05-31,2298.3026219363214,37.428819817158555,962.7963468027153,2461.3796341200723,4.90704441266793,254.75354794821936,410.90201884169244,22.37324092199479,20.10927263623485,8.189872458927265,6.988849078113449,18.258045833027428,1.9262141944229012,0.23038361910055552,1.2539566421102577
2024-06-03,2305.0623471805984,37.25504186688763,955.9437845754561,2447.0439978522213,5.011784297124509,259.59191281108303,406.17486807233394,22.734934361932684,20.28487430781352,8.219394980157722,7.028798082931896,18.32731083087676,1.9120851142698407,0.22730617169710163,1.247901245681992
2024-06-04,2322.0943446160304,37.37510264455826,950.2185038353256,2464.4701178808464,5.017912746761825,252.93053829116633,406.0094600851858,22.641583203101177,20.506136794823064,8.164039561122943,7.145333646958265,18.384770568166473,1.9181966431603243,0.22332002977808413,1.234261776810492
2024-06-05,2324.7958261699637,37.296355561035725,942.4592162930863,2454.130152516843,5.0289317236055044,246.6384208725907,406.0280389725478,22.408629912781713,20.64101171829266,8.178450459510366,7.121553162701107,18.54037114980146,1.9228508264140105,0.22314490837198825,1.2349213309794798
2024-06-06,2310.6379416499717,37.32962807414684,951.649900806266,2438.327422116492,5.093860560001908,253.23105068960294,419.39859830211793,22.936414450059083,20.770744747102462,8.264169707235144,7.222029012042904,18.614692321187963,1.9235817181019161,0.22277111098060576,1.2236491532423885
2024-06-07,2288.1737491774993,37.36377479009611,944.6940881882217,2450.674758242499,5.093307327361109,254.81438518444196,420.75016247635057,22.925010295960185,20.988411502975886,8.09162887815341,7.118045383159042,18.52309706550683,1.951139272549617,0.22724924959475978,1.2326187616360371
2024-06-10,2276.9434060109093,36.95466953997919,940.4392731862868,2473.102536253903,5.157538746117235,260.46152202764677,426.54954006551606,22.86406737440036,21.04991645612355,8.175015286674748,7.187891113671628,18.614763176817995,1.9584741709599147,0.22549301337188737,1.2342162340581129
2024-06-11,2269.4038563722365,36.79618647279015,940.05305350116,2492.558925314068,5.163762439411081,259.25468914513255,427.1793459779467,23.284266378503915,20.962261737530664,8.180586277748318,7.2157589645601234,18.622975035332754,1.9213297190073542,0.22205655380269662,1.2167831328794467
2024-06-12,2265.3551734050975,37.057557616805234,939.2431537735068,2504.593980541367,5.152834420125075,258.9790092055612,429.01939988376336,22.79666104684102,20.8246030993423,8.076361932805687,7.186659844678331,18.363389343782277,1.9339464403027822,0.22116523612830222,1.2098214346251646
2024-06-13,2259.397505051205,37.36917421872466,933.9602851844994,2516.793617665791,5.1351844831938696,264.08070588529966,428.2480372551076,22.89653105733444,20.924921272646333,8.001334121242296,7.179342203529206,18.579256543315648,1.9194484979661306,0.21851925261751085,1.187881615865022
2024-06-14,2255.1289406731644,37.418284420576,937.3650282993115,2519.6910331250397,5.154039783663168,256.46591068125514,425.5819550823034,22.619139329505902,20.618313430498183,8.092989124556084,7.159553104433854,18.671526841738643,1.926397147434555,0.217197845628142,1.186231910523871
2024-06-17,2260.9549440444166,37.20287266436783,928.2842704686188,2508.3499168716016,5.151494901292702,250.26309500466908,416.72436281979594,22.34696259913002,20.312940120068756,8.142060351845828,7.08543432437779,18.77298625234233,1.9143019341463998,0.21569159936335255,1.1787280451059694
2024-06-18,2248.970100528003,36.77781777847659,918.1924986987016,2506.6933645594613,5.11658316119665,243.63358715079005,402.9946973172361,21.525421467810716,20.327705494590024,8.099037411075907,6.989606421163828,18.63711528231365,1.9287021263640254,0.21598232271858878,1.1884408528628212
2024-06-19,2270.23363594587,36.854677159422536,925.634351874827,2517.7172125639113,5.0775418910060255,243.4642562156915,392.2629060450989,21.61466696822198,20.275793514983548,7.879130703248478,6.853961031135058,18.21325562601262,1.929109875752407,0.2180166696613526,1.210384581346637
2024-06-20,2248.815538421417,36.62826107962508,911.5005353780911,2496.624993714962,5.105371523553931,244.39376419594737,385.08774040816445,21.635113536451843,20.548760818942664,8.076473665733277,6.974031940987344,18.350203915241774,1.907144431451865,0.21486778243990895,1.1876238529847298
2024-06-21,2211.2224836076334,36.423025824252534,912.3520383623202,2476.201145315511,5.158773607475953,242.85322262858176,376.3317628826503,21.087223237312955,20.479659829345866,7.951474475477225,6.946963365366322,18.15027208292484,1.9049918103512247,0.21488355100040613,1.190819519735348
2024-06-24,2199.5348740530126,36.420653484721925,903.0972014090318,2441.261567382902,5.120553692484567,238.71818118676046,368.9829132136028,20.849707565364497,20.40585008456125,7.9667932683519735,6.928534062758194,18.235165777908158,1.8950018389796988,0.21077155204926132,1.1762295030655636
2024-06-25,2170.506863245543,35.875578034105956,878.7620349052094,2422.5530564985697,5.03550051706999,235.6737154786723,358.3546178273915,20.66053501359072,19.9097057732698,7.970971369000933,6.867605723417467,17.812773531501012,1.877303024486411,0.2095968076365526,1.1775303760672313
2024-06-26,2192.4071444880237,35.85283753284984,887.2336011069689,2406.340298375027,5.059415630256495,238.4482148488126,364.81287134438134,20.750491947398825,19.932858356538723,8.123066746126277,6.852246226392816,18.084531544363262,1.8867671547409,0.2079208507323237,1.1789392653372592
2024-06-27,2216.5279940561827,35.88195907380693,873.7089139489201,2384.4974872801567,5.039217731396537,237.25015439994814,364.42467348390807,20.493507919928216,19.872043898873724,8.07589433314343,6.791476341443702,17.91561747632751,1.8942492360055299,0.20765340659131837,1.1888913098802627
2024-06-28,2205.83850555975,35.57957951542363,877.4350305531674,2360.748695639215,4.958097499474985,235.57504810351213,368.3476463959074,20.451451771742573,20.11839481132516,8.02397106466464,6.758553919971644,17.931258689864183,1.8372017530209868,0.20507478639328686,1.167084637542566
2024-07-01,2219.6850134941665,35.707614936061034,889.0388909917988,2390.441312158408,4.979754255804072,232.59766100775602,364.88456270195275,19.949063740318,20.199615811318232,8.069400235455216,6.756681589793545,17.85773648432808,1.8201634825187372,0.20731334727248438,1.1750065609683884
2024-07-02,2225.2734002476273,35.38986049118104,891.1837225804694,2416.4880181729013,5.020819044035463,233.72825768008437,362.3689701999947,19.825973954291428,20.3310723207199,8.044146843461208,6.687990770015435,17.796171603399255,1.8526288914498044,0.2112250651329812,1.201585250344275
2024-07-03,2234.412158956658,35.08038004222149,889.2723038037506,2420.9441493254303,4.984638592242971,233.63994945078946,365.96617744087587,19.952353540271705,20.740705998020346,7.955786066110614,6.617111123387075,17.704962553723337,1.8764214854045254,0.21571657355042276,1.228333745425828
2024-07-04,2236.732348438831,35.542443978241394,892.3068533576396,2424.522193442565,5.03589308268801,233.94514817527428,360.345983123113,19.80731391008168,20.598608885429783,7.87931053192905,6.635367055046278,17.68878204203762,1.862255858800724,0.21189439163736276,1.2217325930998206
2024-07-05,2231.432055299591,35.15844259308688,877.3328896315863,2383.613714930667,5.060809454977606,234.74316675658898,357.33400564812024,19.711755348465477,20.807156336762432,7.784621477458078,6.643808124262354,17.698653043367603,1.8534358244136087,0.20839628920994846,1.2193666194656405
2024-07-08,2213.1354986752444,34.65209960085034,880.1335318520422,2403.880943410618,5.036051283501773,231.1824517649842,357.19486268705094,19.825297477335855,20.673239818983447,7.717375288350136,6.6542371817437,17.5757073074548,1.8209886120993128,0.20435947013467953,1.2081051023799712
2024-07-09,2224.7946375295787,34.87327597802374,875.1604768005428,2403.289849901566,5.034170379920331,230.06620720872195,363.0667220547996,20.148171637200075,20.524461026377715,7.65177080050002,6.675024605345831,17.29148782573624,1.8433015517219289,0.20215628588231022,1.20915424946442
2024-07-10,2217.8587107513513,34.6999470977812,871.3563430883472,2410.4679951765916,5.019120489096259,233.77528405422487,360.39510477847955,19.99264932175619,20.107541626989498,7.678437062842793,6.6820880783732,17.272090361489518,1.8652714308013154,0.20551682423507975,1.216930159390959
2024-07-11,2222.3422586205957,34.47557298914268,860.6681960024907,2429.1897974124763,4.997572916239139,226.31355395568164,349.3382995937246,19.72420247365718,19.51105934833882,7.626618073323733,6.597748042494637,17.055865907491018,1.87828133376578,0.20826407149850915,1.2191632149578961
2024-07-12,2212.314793882798,34.69122224669502,853.7147213664846,2408.0682016135183,4.919213015793884,225.90217827617383,348.2038191673828,19.59650919185264,19.290663831344812,7.797225476845215,6.594613306872805,17.00531600485209,1.8490035072390834,0.20777830595191915,1.2142750418714432
2024-07-15,2197.9502607870504,34.30756694989542,844.1803081866765,2377.0404265487805,4.920693883210937,229.52322982960843,354.813519429087,19.51302238865805,19.35423785732312,7.802943730017464,6.553641978622086,17.191072979337132,1.8484795831280332,0.20776606666819614,1.2043101154674267
2024-07-16,2194.599955304673,34.30962438506069,836.0053173344913,2409.594752321405,4.920897917696631,233.04737829894017,364.7225469922396,19.653388539457715,19.69571774303574,7.944824517974457,6.588935779870305,17.379816381187595,1.839995121955812,0.20551489943782386,1.1879021402032042
2024-07-17,2178.78343082706,33.97522685884965,831.5913142449792,2399.279493558062,5.007422707149239,235.24640758202355,360.1163824366137,19.297155558477076,19.28578501888821,7.833538300076727,6.59607631134836,17.247239642852303,1.8389493344727283,0.20428685821152734,1.196319636298528
2024-07-18,2217.7220418224924,34.290533432501626,831.840324317574,2421.561864582586,5.005660270022482,228.3014735265951,357.9165234475011,19.229689527841217,19.05479884363364,7.873926872792384,6.695031670756027,17.055711318151438,1.8539916354195731,0.2061246846419568,1.196077235172294
2024-07-19,2234.3095822280943,34.52857048139521,836.6588203096974,2419.2593428963546,5.003352941955111,224.08768959661438,349.5887932519426,19.409098394271947,18.79574648455836,7.822773040365739,6.685361508780409,17.221359439992526,1.871109824459534,0.20788182631724073,1.1895166799786534
2024-07-22,2246.161449669252,34.43626419749093,842.1258125841971,2423.9988065149137,4.931037774943179,220.88801988138016,353.5722704339445,19.440116889104143,18.43611901403393,7.821572403598802,6.632880488623168,17.31502614298915,1.85891989159367,0.20800952080750956,1.2003362949622411
2024-07-23,2256.2921399921033,34.26023937969956,837.3678479425337,2399.041964563413,4.872106247877114,223.49817114180468,348.68925286369296,19.438166737569276,18.27337519217923,7.828233363439825,6.576859921989719,17.286790650980937,1.877994090746173,0.2083669654551116,1.2003699429221142
2024-07-24,2243.6232538857644,34.048728819915446,838.9578569098943,2405.902344402814,4.859160160194075,225.15418024435772,347.54359189090576,19.29153949465826,18.368530275265172,7.861233345303807,6.5436419058681095,17.312664482129865,1.8819165803974922,0.2094707495283382,1.2015607486181588
2024-07-25,2277.528508005968,34.23972288486491,841.8016675336268,2429.49098654312,4.838119603813659,227.39928937259987,354.1197186698831,19.805611588661858,18.632121370921453,7.8289640423815055,6.507033675594173,17.217056022732173,1.8948700549105313,0.21352650536852394,1.2213653480189641
2024-07-26,2278.1747292348846,33.92873584824809,835.6103922051415,2408.4966336345424,4.818263685137561,223.9056181620571,356.1814368028736,19.35442340503491,18.84547220127475,7.848173107516264,6.506814216762364,17.224162096905797,1.8851341901409109,0.20905973500394537,1.2124890445787166
2024-07-29,2305.1755369527164,34.099112044610884,837.9770059161383,2422.7438530173144,4.8842058904940515,229.5630087158288,359.83085497885673,19.821418243820574,19.48689617604223,7.8823869821954515,6.59444199272749,17.362446475899716,1.9033055760480564,0.2097762352242837,1.2224551677083448
2024-07-30,2325.040772697057,33.989172684415536,839.7068983526291,2421.748860402709,4.856776538643636,231.34334488616022,359.86963627567883,19.92541202988735,19.688944146483866,7.937728460333509,6.557818954447926,17.361135369001467,1.8897519005114416,0.20623507988092246,1.1974981799037816
2024-07-31,2324.4269906912896,33.78001087756961,845.9107816525067,2428.321216809287,4.850102410453055,231.81359578477165,359.3996814048542,19.70187749681978,19.878118269357785,7.922307428742274,6.470411983444912,17.123651528791825,1.8499742412067024,0.20392960967674903,1.1730776222410464
2024-08-01,2304.872339026467,33.75318528010286,845.9197182420897,2428.3808928633907,4.851245547442771,232.31887408133284,353.41636956005624,19.481547165170543,19.52077745081085,8.060077917634764,6.520709969643785,17.226989378080653,1.8215372461889068,0.1996829530063385,1.1527691085401666
2024-08-02,2305.493994936997,33.648326221022174,834.3616300769581,2419.5926706052833,4.90242074413989,230.470313147809,346.36347660395484,19.484696322523916,19.53940274074051,7.975736762476069,6.5092718973717085,17.04455690309652,1.8262729011945256,0.1989823666923212,1.1407895693987764
2024-08-05,2264.093740810184,33.592925406790656,835.102796520615,2418.8551486390597,4.946872006852168,233.05883094403794,355.4003126078756,19.691065119021843,20.00170155363752,7.906003852615655,6.3993126957173665,16.89689906008139,1.8357383835328593,0.19871394781586924,1.156211634301764
2024-08-06,2254.949710289075,33.128553514470525,836.3158787027496,2409.583654532204,4.951621691486605,233.70204906863734,361.0587470565511,19.51647563482546,20.003048722133975,7.83649083705806,6.432922390792296,16.925454078393752,1.8369114409274256,0.19957100849107928,1.1617043473044135
2024-08-07,2278.734119876288,33.35803427780381,839.3048956604578,2411.0532050145566,4.9646176779272295,237.70302401800487,374.8839962693206,19.90146117600026,20.706799309839905,7.92893023122914,6.409202928526546,17.08144300333386,1.8292868210618076,0.19670314642250591,1.149602707874481
2024-08-08,2276.584633470736,33.72143190349392,849.3753755968816,2420.9113532402325,5.005892438962851,235.24779770795058,375.0289593571878,19.547739147159444,20.82840488107215,8.017842131711973,6.429679832376034,17.290459292078005,1.8241296504851676,0.19736459389797642,1.1575165777860406
2024-08-09,2282.0877118753347,34.082583423941614,862.3634583555472,2421.0139787417493,4.980136115742909,237.11260862543895,388.76082624074024,20.036636696235526,20.802933365486965,7.94287351187682,6.35328006951925,17.17611570997257,1.8668453219967898,0.19873845806770388,1.1639555334061507
2024-08-12,2284.498795012597,34.13467182069604,863.669427193785,2415.084813694157,5.011922370130157,234.30245470203954,385.7378771108502,19.89542600077834,20.878832161729395,7.963284669760894,6.392604516016131,17.287970242842313,1.8790679933880108,0.2009789576490688,1.1679287552144972
2024-08-13,2297.011698208052,33.903273816703944,854.5962931742822,2407.756472737464,5.077847543504675,232.27096691276242,379.6850876944177,19.704482506491903,20.54703117639923,7.989180544750066,6.477785786602221,17.401308161022662,1.8549542228147886,0.20236643718364733,1.1633251717451327
2024-08-14,2317.6516631272507,33.824047705638314,868.5214074149618,2429.481987879291,5.089502299363568,229.50665151659246,386.60965506826636,19.341461228535984,20.41192871364459,8.07111791379288,6.543944964208426,17.615004866541273,1.8618320282321659,0.20370677326149048,1.1551185014103653
2024-08-15,2316.067013602625,34.02981616360124,887.1474764055015,2438.6368522806397,5.060180217297974,222.8814454430091,387.06084191283094,19.299916161286042,20.385902801702613,8.066271577565226,6.618759311587547,17.49772752003504,1.8493867487151343,0.20162335678267226,1.148664199551795
2024-08-16,2349.0355329584486,34.32903548315945,885.7871746644497,2422.6890670638386,5.063716471361744,226.3126940777474,384.7160133672794,19.009148597341515,20.574045872269906,8.03236780610277,6.6022754043628735,17.43306610389609,1.8336781627765575,0.20280943235679905,1.155127600109474
2024-08-19,2359.2171073339778,34.63640761629073,883.3712668583997,2408.6408305481486,5.06523491421468,222.9436187111199,386.3078400323337,19.135912424512846,20.898847041028233,8.033336040011784,6.611631153832726,17.49974854516771,1.835435524485292,0.20415157175759432,1.168571589217665
2024-08-20,2341.1420181474227,34.77266147863623,885.0616796062236,2384.6787081989523,4.992107732079937,216.54649592259366,374.90727843740837,18.635211838758696,20.246945725518813,8.08762370653946,6.576930126933341,17.421093530171984,1.8443964221330067,0.20479021567279798,1.1715817408828357
2024-08-21,2351.5898281430123,34.5473472686426,881.6234312805318,2379.393585606395,4.988562898419145,222.7842142646144,381.87225495872394,18.917126339433892,20.52594458568297,8.098045576196874,6.628751167056207,17.594525706941894,1.8394001724861404,0.2040697362474462,1.1539851745373677
2024-08-22,2317.2350034182705,34.26995282109374,882.0151165369675,2381.0873313298644,4.895716006850053,223.24315699867554,390.1481462000416,18.967753191191715,20.445241156406453,8.152469869876203,6.600882075210559,17.51555150583955,1.856136369775626,0.20588249545550813,1.1610462511604187
2024-08-23,2328.0688079868314,34.40272619722306,885.3716876516407,2383.9687615270022,4.911558509817279,220.8607067309322,392.21952261602513,18.758764961757826,20.154038760693652,8.1194834026139,6.607736346609557,17.506323470533278,1.8958468629175615,0.20845429893470166,1.1818092633467825
2024-08-26,2295.0003006880575,34.26046911315341,881.7984790729112,2357.7257460416454,4.831756070271031,220.43033077520306,390.39702480114613,18.629763598748603,19.902715016377456,8.107613964340755,6.677358364775258,17.550389098571838,1.8741521634630063,0.20438566100532296,1.1612082840555038
2024-08-27,2283.794391429667,34.07750367038258,880.1563147282533,2335.6561943449683,4.798679043199455,221.07079365165356,396.235138651644,18.7069217263736,20.1983812326884,8.153872549841264,6.655891042966254,17.477286924231272,1.8674174705799609,0.2034721930260234,1.1562071314491862
2024-08-28,2299.9302942637414,34.26169500622936,879.3102692525778,2356.038249296574,4.740298594585357,221.2454731447019,387.8131280892226,18.36184759525486,19.944006307874805,8.101956150614024,6.579247345937477,17.265825204739482,1.890017724277157,0.20588682829739052,1.1770552796560356
2024-08-29,2311.472487488174,34.05707599973738,880.154785591108,2328.560928042034,4.713241320837485,225.5254515333653,393.3067732909585,18.686581915000694,20.359786748194445,8.202133625480196,6.673551959816118,17.41298707445757,1.891616801147466,0.20779283353488015,1.1932306334682752
2024-08-30,2313.367971995041,33.61234968144966,882.6538714567071,2329.7272484910677,4.724048752620328,227.46043531759602,398.77876902621045,18.8293233175553,20.696231408541394,8.24410240928635,6.692136978322107,17.344363038725024,1.914512335288886,0.2109105258338211,1.2088755198767147
2024-09-02,2313.5992145107152,33.336902332954864,887.1579428823853,2337.055800661835,4.769668542631172,227.77079191035213,404.7184806178914,19.467737948154785,21.054776964298494,8.416159915924231,6.8406052023504,17.598994391531427,1.9046307710430854,0.21177524478602677,1.2022054560885036
2024-09-03,2297.7135372123203,33.26529506183125,889.8885042324566,2326.0275265172477,4.754054613921259,224.61807812530083,407.05880446616334,19.777412519740153,20.980836706280257,8.64322064714695,6.938881805551544,17.950325037894025,1.8975972454605672,0.2140607623515014,1.2131378660035366
2024-09-04,2275.2607685944736,32.90277185890464,887.4527879253304,2322.608723714025,4.74014160063686,223.38147297619273,407.99969762487075,19.910233401866048,20.966299697648786,8.697115271156639,7.045900394665462,18.274593227245962,1.935051402301151,0.21648247500487616,1.221039491714096
2024-09-05,2276.608673913728,32.647032205510016,878.919787203588,2325.2093133809553,4.685384616367308,225.43631052281657,408.04458542756606,20.154029149837633,20.788275692571855,8.757738384902282,7.148597077174279,18.6247030453967,1.944123939388589,0.21696801666394902,1.217835788159001
2024-09-06,2286.4566838308624,32.77988001403939,879.3422596887657,2299.2425479634812,4.650415482785482,226.42460502737939,416.80312346118916,20.21548336946244,21.254859505390055,8.757394580298104,7.1721261531029326,18.576602813223293,1.9614087887971996,0.22135644847739033,1.2306149855134192
2024-09-09,2301.8520408884074,32.98869007442288,875.2007183333792,2292.720297086039,4.630041314195809,226.15548153609188,412.79118571368554,20.01282571171919,21.181950362731847,8.662097872355636,7.093540452077446,18.302929167309006,1.971029209303374,0.2236194412642192,1.223724248735491
2024-09-10,2318.494164350044,32.827897301240654,887.9768306255971,2312.187350345942,4.627970146074469,232.0749122208084,424.2614969438121,20.169589260595608,21.087180731399194,8.655814258260946,7.089816190601231,18.31833261774196,1.9888792700391624,0.2240987501711249,1.2277554993589532
2024-09-11,2304.8525250986404,32.78338374858157,881.1989694541443,2329.1757855746796,4.598914926243194,232.21011926279658,418.2267679309137,20.173281314839333,21.123719743736732,8.540214272390909,7.027199819178548,18.22946868087628,2.011884927459715,0.22573469415221092,1.2388145836461526
2024-09-12,2304.0839812610016,32.7496061202848,881.9405616300664,2302.6169310805412,4.637019914878614,233.83321316566122,420.1133097609585,20.291617838287227,21.100733646465386,8.466825681288862,7.030391739669935,18.208717285959402,2.0283075891685103,0.22656909353709623,1.249173669440504
2024-09-13,2302.8251372315954,33.13820982250543,879.1225824123732,2311.1014371042347,4.622039290252197,237.0647901911599,430.187920643577,20.40675876124071,21.606395325391592,8.53486180327019,7.119166128567116,18.475119397434817,2.0719130691818246,0.22745905410533096,1.2646435076072344
2024-09-16,2283.5337517353046,33.1452698216123,884.4106270774735,2312.8760560506084,4.632136326556984,243.2557027389572,435.5407793313783,20.591443815510686,21.657066938979312,8.571689392337118,7.156367388756801,18.513042138624797,2.0652423638080557,0.22934395494114615,1.2573678782693514
2024-09-17,2285.054715220128,32.53308997445055,877.4250349038138,2310.5427564798424,4.599408459563424,241.19627740189964,428.40067341341177,20.657878312092606,21.776648077872,8.628085489607257,7.195184228437642,18.533913270160355,2.0763586523000757,0.22905765445288687,1.2789464001364659
2024-09-18,2289.454767427035,32.37144992241605,893.7255596649351,2321.7252683958495,4.536462061973047,238.73986503674567,429.0081769212761,19.89478115754367,21.688539947807442,8.605776165214333,7.201626532281795,18.687069588121023,2.1144746720325918,0.23443025303482376,1.2892466884831078
2024-09-19,2299.5113957433905,32.83305595096551,902.3078922834777,2337.062138236051,4.540078178641438,235.36400877448645,420.704977676362,19.626458926041817,21.569131541271844,8.61378742264627,7.246349990349751,18.80418197472322,2.108193025447754,0.23772785511093308,1.3040396890948884
2024-09-20,2299.643814245419,32.39737365125718,900.5271343834214,2335.4208728048075,4.6049415754644105,234.33800748583198,425.99991480482896,19.577781414505523,21.295417874346267,8.623452968254963,7.3335053164352395,19.047066476046105,2.116004713444711,0.24085305816170913,1.3066104564089374
2024-09-23,2305.8756200482135,32.58458446822529,902.110119218526,2347.8633786882415,4.560029101441478,231.65995930782793,435.861345459655,19.71390966616171,21.103563737708974,8.572334401667725,7.310284093265917,18.791987879543047,2.0947888437185007,0.23902238869313766,1.291356389555319
2024-09-24,2278.182224736416,32.10238978202082,887.8247511026451,2344.474122114788,4.509900521309229,232.2740502076301,436.2130156288627,19.806080592717993,21.049687137595175,8.57807714300527,7.282459144436344,18.835605466034043,2.0990618283329896,0.2386678843415436,1.296208065777268
2024-09-25,2295.5781823544226,31.81926267302245,879.7474314464778,2338.066395258013,4.4764983715991775,239.30420943068358,449.5793870974742,20.0500895644995,21.606493545429128,8.599301435112352,7.255388929327729,18.79885890593424,2.1248085652433546,0.23987400505190143,1.3145807169591293
2024-09-26,2280.3135354861843,31.367759645461824,875.9637625471644,2316.200883785623,4.457323597301796,240.83732362451534,449.55808462209313,20.326639644408022,21.908407789295445,8.475978031044665,7.20085268963469,18.675066331721226,2.11703853127772,0.2381818362116276,1.307000520345224
2024-09-27,2280.7770526740173,31.335400710694078,865.5333994327316,2310.6327576223935,4.484128424970613,242.1979411020926,445.66281274699264,20.54191244230958,21.969267120693807,8.428475433922587,7.182385575552154,18.551119838051086,2.1179450002036018,0.23829897352294407,1.3155385762888177
2024-09-30,2231.1494932489177,30.933290743979622,862.9467891280589,2326.502905866738,4.451055611152252,239.62701200902404,442.9153833340321,20.36948573132765,21.945212090974454,8.454380406415314,7.21398632351869,18.645850101069357,2.1190074851018914,0.237859705283405,1.3149961060561541
2024-10-01,2251.147863169633,31.56684125117303,867.2039886884054,2337.8794053309052,4.490677049548313,240.9206366119191,444.797501763847,20.397391823641694,22.184843719700222,8.491540826009174,7.33947526254797,18.727398543128533,2.103379810102994,0.23682506921947447,1.3074486616477679
2024-10-02,2243.3668680578307,31.064125683581054,861.9765195842501,2336.7462967678703,4.444419079711358,239.0698183073403,431.04768660726484,19.922735879069812,21.884352654015476,8.413561056692757,7.37319124616707,18.66016787489965,2.0775235535814778,0.23513354885726695,1.303893614701509
2024-10-03,2230.6136683052514,31.017648861181947,852.9628816792655,2334.7084859192896,4.456448157379576,238.97137977779997,437.77332185612653,20.101186557696117,21.950735734527342,8.427157919472837,7.395717491771044,18.84024358695734,2.0710963616155196,0.23559655886100125,1.3170571572510814
2024-10-04,2244.555201213194,31.017834968725893,850.49998228171,2338.1448398273587,4.5176707981919275,236.92858090102166,442.6476094356402,19.76407942715332,22.14714007276636,8.403645077660503,7.382955715082554,18.898116973814904,2.0752239142125557,0.23947697847903,1.3128434501497341
2024-10-07,2223.4235884297923,30.797426813422597,841.1321357838775,2312.7237190750875,4.501422266994505,235.50254119301334,436.9915535315847,20.021222325417586,22.03498586522245,8.32345951095286,7.3321243629996795,18.840688170685606,2.0791819245210323,0.24232323190575364,1.302172747274013
2024-10-08,2224.0008878721933,30.429846888837204,838.0259840034124,2301.586498014996,4.471866832254944,236.22661306568372,435.3196506459049,19.736936774803702,21.797998187106543,8.334067572800471,7.342290674374111,18.943766341808832,2.085406128351665,0.24466603151692656,1.311693273248621
2024-10-09,2206.887618416235,30.440747187587583,829.490328156294,2299.691270114125,4.401445966319356,237.47502852829007,431.37504875712926,19.585997032660202,21.703036768207493,8.240376202024455,7.27452178239077,18.891178758997086,2.09952958951216,0.2453672962176743,1.3197114940682817
2024-10-10,2194.400820584914,30.512202986399547,827.0769108623532,2306.791009870716,4.36730359740072,236.47902090876815,421.0205079602719,19.300416629233737,21.436524215544026,8.233652690183558,7.21277131983768,18.932147966268328,2.1015194618428286,0.249207477369172,1.3212870226398195
2024-10-11,2202.175766269003,30.401125832160496,826.7168788551816,2342.043730447366,4.37963926912709,240.10492907845114,429.28296659056946,19.439814713531142,21.70948626631096,8.286999121221987,7.365293992969306,19.019690270440226,2.1089706102674155,0.25113020429285526,1.3245221539814647
2024-10-14,2200.769117165144,30.617929740387574,830.1225718989707,2341.0888713245936,4.3968892982822245,240.82386218335367,423.2584484060503,19.434751753561446,22.06162648704693,8.180292101537855,7.23086632526771,18.818841184398483,2.0929518329689785,0.2521545377590942,1.3029121223378777
2024-10-15,2225.7078426215207,30.641231763829275,828.0853395777478,2335.983316133182,4.326136148317553,244.12391052815642,421.12390499317314,19.327820569503672,21.933927027731883,7.946461925352768,7.092844081412631,18.6498666335618,2.0792398901827776,0.2535821594117843,1.3033092696633075
2024-10-16,2198.1028389012276,30.300993188331503,815.4385199311548,2321.0194826935344,4.365090068143578,245.05944635505483,427.9281361780988,19.647558984628272,21.902459783011224,7.82814093713219,7.1270226299677155,18.407054169619222,2.0744071748524364,0.2501581058681381,1.3061377746869818
2024-10-17,2240.4034546326984,30.45554427430477,810.359077706792,2328.729176999169,4.442757880248454,248.5074247428689,427.6893305847716,19.4850574876603,21.91628318982723,7.828478708802194,7.083637488106123,18.19461048886757,2.0572350407853444,0.24830433560697565,1.2954829579990497
2024-10-18,2220.6895475382803,30.644964326521347,815.637078859093,2330.8199658251815,4.403798893241618,242.6103082823262,420.37391710109677,19.332564415700517,21.684898964807562,7.935290806148181,7.129878399415342,18.242718078562987,2.0437645295337994,0.24850718129050844,1.2963432388862048
2024-10-21,2232.200261534498,30.699083078528496,826.3326828905168,2346.731062067426,4.418380301159649,239.9959741139849,412.84229817303554,19.01352585971392,21.445411883365246,8.02422442494128,7.177111870931624,18.446397822361266,2.0645656660105987,0.24908927351065108,1.2877963938876125
2024-10-22,2200.50564394005,31.01011097043023,827.3195517122315,2331.136620965257,4.361244704636224,240.92494456891336,412.2351329135433,19.043920285811204,21.47803608052538,7.909644709394266,7.165711308732875,18.533055007937214,2.061425381038636,0.24837133768485836,1.2801452648307192
2024-10-23,2213.5154787514816,31.01903274682184,830.3387972277657,2335.2228097911293,4.404454595124688,231.0206347333697,408.06348953047745,18.8680774199599,21.032569601403296,7.844223565702503,7.082000661106325,18.58852889281805,2.027485822110984,0.24669869011887952,1.2788754309956671
2024-10-24,2199.3397135046894,31.04215425894137,833.2637368627773,2330.4588508157917,4.486253544170191,237.4418086321409,407.6973604564203,19.183959981664945,21.463375921391787,7.794744802444637,7.0518105683446795,18.624374069817474,2.041056917337487,0.24716706706728617,1.2886900387481763
2024-10-25,2236.380692436634,31.001003231197068,846.2520603680236,2368.8208244598595,4.533444220763979,239.33641611982682,409.72227961895027,19.531248900521405,21.489072746365608,7.7267989519687985,6.989461860882799,18.41244134638802,2.058803247196404,0.24813788742367301,1.283130279925457
2024-10-28,2222.5052517948343,30.8800771355887,838.9253909991342,2339.2971160732145,4.514414968517473,241.21729417237782,399.9182986688248,19.488046275637238,21.896206799774788,7.722874193740303,6.998633041309425,18.4323757782717,2.0479256522206755,0.24792031643414417,1.2914476989402308
2024-10-29,2208.388843652164,30.871746019719517,834.1580570869534,2340.012311857632,4.5526876033726875,236.29332639029988,400.25038399592836,19.613062201546185,21.819125749765277,7.694457974344676,6.925363491300889,18.411973793547833,2.032836749843263,0.24632500499205723,1.2848573705057353
2024-10-30,2215.4326485875463,30.967654209104474,830.3500527654129,2333.987702191383,4.493046877030303,237.16408392336018,402.9220925521632,19.478232688851772,21.665258764567564,7.7360582513834695,6.983648941591916,18.47149987672958,2.0410903822186413,0.24607897748733842,1.2707472632547885
2024-10-31,2228.413867930343,31.150056136934104,839.9274487448796,2339.114937514038,4.474017934421333,236.29012804039692,404.42668977868317,19.055759358614534,21.53590620711703,7.837083018527325,7.0720168328660895,18.529050327966758,2.0134728146142318,0.24321490950142596,1.259413669070606
2024-11-01,2210.0533602026007,31.22742586136894,843.471159930106,2325.293129991275,4.47012528852978,236.32974303387846,404.8299438330241,19.031687394998205,21.44556666760336,7.882747462956411,7.074351359230067,18.47269833905268,2.010460186703087,0.24287135049112923,1.2562242410943514
2024-11-04,2213.190071288332,30.725652569460593,844.1767293940679,2315.1835097823855,4.493610623348111,241.61830606755635,416.10479696357294,18.75862705034732,21.287399439090674,7.963778682103365,7.189236865002768,18.642451831735176,1.9825418380969455,0.2411713418512297,1.232124332444573
2024-11-05,2250.9166646583194,30.811030233391648,850.4184197676324,2318.2106010949065,4.5586237105193685,243.7592297335351,412.64320577046095,18.671490658108134,20.736063775625215,8.019566549909705,7.152711508401558,18.52017572578994,1.9849389537931417,0.24263969190948698,1.2441484628423434
2024-11-06,2229.9254852571316,30.978845672809104,862.0256427203004,2329.382257138118,4.557847822564334,251.01554879867194,421.1910478137642,19.11398219774724,21.060260467147263,8.018295948325228,7.177298718340999,18.483423901293836,1.9744987340126974,0.2439169958715707,1.2497349934854491
2024-11-07,2226.227444519986,31.18270118361103,851.876802718067,2337.373105564717,4.53118602551578,251.45855983153461,423.8378319013892,19.076326435564095,21.023455052489737,8.073692976614996,7.2609726921259625,18.68751259112825,1.9644959177878527,0.24299134518091908,1.2465736981430322
2024-11-08,2259.3844036895753,31.51754326627183,853.0643244876808,2349.9598075281165,4.564550269474906,249.56916883956163,427.4038781517343,18.791317446952107,21.462487177132353,8.02454318520565,7.307310673013933,18.58270218330638,1.9691429835868361,0.24401920327841936,1.2452298204548617
2024-11-11,2301.49561622677,32.24209476721668,866.643575512199,2367.6604074405923,4.650543798966734,253.76157854060645,421.33282305903055,18.95860316425573,21.915625658454317,8.150332076726347,7.33861487062068,18.796983289032028,1.9640892948259512,0.24615783325001533,1.2497701731098454
2024-11-12,2282.7298705125168,32.31649564639777,871.8004788990713,2356.166390452509,4.698368905178728,256.0979388488763,424.49637599276684,19.035958005487636,22.14157703105366,8.09977971648045,7.318804125890372,18.768371930205838,1.9729825252248814,0.25124065894107245,1.241059470720335
2024-11-13,2282.502340594361,32.19525390133873,871.9443435593449,2336.4503756272334,4.707644028766011,255.43248741719646,412.52759225041973,18.584266483412616,22.30715675058862,8.003095286746703,7.333474772687763,18.524862635577595,1.9941719747149547,0.2492693801974443,1.2429032154590398
2024-11-14,2280.969434498808,31.45296102678041,867.160072374865,2329.88753583944,4.659335482936034,258.8119044994507,414.9004863657844,18.444962482379758,22.251271611857483,7.958527780143212,7.237030654573317,18.227175207761146,2.023784686412071,0.2524307727796177,1.2375850486403128
2024-11-15,2268.924774861681,31.61252203923145,867.9375322104315,2335.0800154348644,4.617510099167377,252.3437229716958,403.4670251097397,18.28062290523396,22.142340666332633,7.8735637553715865,7.1852697651319835,18.151536548009826,1.9917349115074567,0.2512580865916596,1.2238027392930324
2024-11-18,2251.520657019737,31.925661651679118,871.5803885592226,2337.6249156108142,4.584386879766115,249.42587536168796,401.9205345275861,18.180936108829183,22.091769053202118,7.92350299999627,7.122901371782347,18.169828820764916,2.009292632763568,0.25464500497967674,1.2463240300843659
2024-11-19,2254.7315625659126,32.36929344123093,884.7116005065068,2364.6206659703857,4.676898089134418,254.5902190583432,409.18480144047834,18.23555888019206,22.566001866515112,7.986053587662014,7.165701117763551,18.26899417231084,2.050946054162405,0.2579536591148963,1.2740688565675928
2024-11-20,2249.9010649497986,32.50800001311537,892.8251576556123,2370.0466664436726,4.620336828267868,256.39464210007526,418.07514317490285,18.62386038200692,22.396844613191845,8.049955097720451,7.234916945039564,18.496441402087186,2.0465244750057745,0.25496622669260965,1.2674385702904711
2024-11-21,2260.4720325748385,32.63516217872857,901.3165446027213,2369.1663891457974,4.62174622674112,260.9862562613221,423.04943517688815,18.296601004729457,22.514980888811337,7.986958488148519,7.246695344293858,18.457904491904696,2.0509868002823195,0.2563197742801172,1.2689988437704456
2024-11-22,2250.7343798117095,32.69861443457381,904.4774075777647,2367.5986795459426,4.622403404256793,263.51643543031764,425.0598263117517,18.278373344565534,22.85651857320032,8.009581557680805,7.279298882444701,18.37624905307706,2.028559139010051,0.2526781516882432,1.2748407724437976
2024-11-25,2261.230709361927,32.79676609710757,913.8343916649957,2390.573077508166,4.6122904631855,265.1592881412163,428.215940818603,17.965910521002407,22.312937496129322,8.082463364412973,7.2709308953728895,18.621853563591113,1.9852735760104587,0.24799206291581052,1.248986447614636
2024-11-26,2282.2558162388796,32.941756555587176,916.2206176463168,2405.051422421544,4.6982639785993525,264.2560241105586,425.0166840493387,18.25079627329354,22.341998283908865,8.054674068245607,7.223372722285511,18.56167487335905,1.9911785012988932,0.24921022074142998,1.2537667465494295
2024-11-27,2234.552737294367,32.648360630462705,909.6659122164577,2390.0409773650067,4.706364805074684,257.4206308416086,411.7085461230934,17.860404844144732,21.882923067806964,7.968694496708668,7.176059176904409,18.62301800047642,1.9899506122198312,0.24592692566614535,1.2513002047663673
2024-11-28,2209.496586266458,32.304330230967295,896.3881151153249,2350.0004115517972,4.667238752863708,250.7797194053699,409.67153095299534,17.723658241920504,21.908994540212362,7.901093662612117,7.1645477087447595,18.529485828430644,1.9930571791351304,0.2415755468398507,1.2414806854351421
2024-11-29,2195.084786105752,31.783755860509594,896.201265352474,2329.69084277496,4.713079620310436,252.8470438011383,413.2895950234161,17.671813592932395,21.699904504455542,7.8130771716383,7.105330494695681,18.371209362803196,1.976396277361634,0.2403951282525372,1.2288519273457525
2024-12-02,2174.6013989167454,31.501690302377796,895.723732229061,2307.22183372213,4.724639054597793,253.14091286914876,411.3093704359339,17.768170655150247,21.53018052911268,7.805620531660794,7.031495055051462,18.11418830600897,2.0049672339422027,0.24041438573959664,1.2326939691663934
2024-12-03,2171.5028640086207,31.399092094222084,899.5808405227771,2284.2161822266457,4.714099284878532,254.25501836480387,410.89915777353485,17.496336225676284,21.526347171966613,7.842775675896599,7.049451610625957,18.083688407768182,1.9929264287545132,0.23664108137219836,1.2138745434282388
2024-12-04,2141.4824454030095,31.25562947043783,892.6873612239843,2267.8128011152107,4.757077675982078,259.9956959381436,417.9090831937042,17.549625832981913,22.05194794560522,7.699577115830953,6.992284370262049,17.87183830939737,1.9694950720182818,0.23482274895930613,1.200004679474948
2024-12-05,2148.7462581589652,31.881936461545813,894.9183481169692,2317.027475803682,4.8373465530772135,260.14063241322145,412.2534889652101,16.91273250080776,22.091285619886417,7.8103643719810965,7.011343505221604,18.283214055965118,1.9990771019322229,0.23738047106123497,1.2159189887973725
2024-12-06,2132.0741855632305,31.190728534925363,887.092858777606,2302.7686105935773,4.800414325792413,261.87802184282,421.84497911107223,16.852290897244487,22.262057780685694,7.769424643505355,6.986996293422782,18.13898225430798,1.970961322797211,0.23375833050401526,1.2021879904602744
2024-12-09,2131.3874892694657,31.519173522581625,894.9002711521756,2315.348913752999,4.855034744072255,259.898363605035,416.3971933209321,16.794912697518306,21.925540807974954,7.779012705587586,7.036177589048153,18.303648243721995,1.9894941775132908,0.23266946416456233,1.2018170809971591
2024-12-10,2164.1343277932633,31.610079590213132,903.0694613530925,2340.905189528672,4.850500377552509,264.3922877868871,422.279067226302,17.233510895210973,22.689786628950294,7.747125178425317,7.06922322806066,18.34744621772158,1.9731983992077657,0.2310015892779629,1.1922267976602425
2024-12-11,2185.339069371416,31.528911342889412,899.247324615439,2357.5961920449836,4.919172317401604,266.4448088861097,425.2611143996023,17.42984987692993,22.866261848668206,7.632270152784093,7.087280416741334,18.365217047050344,1.9766101012428825,0.23038859814959975,1.1944575011370069
2024-12-12,2199.246956881064,31.47037657965283,898.247807223043,2382.989785738696,4.842501324191409,268.7266092665779,417.6690836154288,16.951497143026526,22.800333732526024,7.639711926288697,7.14749936151668,18.5622755243847,1.9660130491345127,0.22720954673850485,1.183153963815747
2024-12-13,2183.4898036710983,31.31711488272182,880.3246998749433,2379.398708125118,4.875552244363133,268.4834886035029,415.0348949615488,16.884671941873755,23.34882180846147,7.783253723179566,7.194576840903011,18.74255949901001,1.9466033830721146,0.2263517051222475,1.1734538061923054
2024-12-16,2146.54244675993,30.898999427856168,868.3253993144449,2347.1035202834255,4.931231408619762,265.692811692452,415.65558700632243,16.5454145491185,23.049301726968448,7.903221925881537,7.181464118720215,18.639557681522394,1.9178074548924346,0.22236214103798857,1.145718438271566
2024-12-17,2146.5972053188157,31.199452876640972,866.8005888239418,2337.8347637633315,4.898407355340798,267.60707002441217,416.26300015504256,16.6032419847426,22.64476493010242,7.845015797072885,7.215928516609674,18.58232913595505,1.9067769421521277,0.22249474970837732,1.1330117530539632
2024-12-18,2149.0974566270615,31.104722024975057,861.5166318014923,2336.4827311376066,4.823230447884041,261.25386282770387,416.91331560191946,16.490667506677436,22.664809429794342,7.9987214085924565,7.3295948629447985,18.894942998207533,1.894088134652176,0.21903083750711694,1.1111056979994376
2024-12-19,2103.992675007122,30.446473578951178,849.8251731850112,2299.356551362384,4.79914190898469,261.74803395838404,412.65886684147904,16.625699763950333,22.321804392323145,7.977463064344031,7.415203087757164,18.765641015844114,1.8694128913268546,0.2160035150530309,1.096425122708736
2024-12-20,2111.7881392734057,30.1532083367141,847.2272407141401,2329.2854259599367,4.804578104609966,267.016920513774,408.45393062239054,16.43146218088246,22.500822928805224,7.8580051395608645,7.374893723873548,18.611514005062833,1.864974297432091,0.21660300931049498,1.0940357576011488
2024-12-23,2121.9822192459947,30.07144421767852,845.5382835300355,2339.4339878755322,4.783711253458239,267.8673841462985,410.021243028819,16.55833965377236,22.589971680494276,7.815451693986843,7.400623732253763,18.7135725194985,1.8446089156519583,0.2119002684378347,1.080567116620413
2024-12-24,2126.8092878072607,30.091848853088187,852.5024616160218,2345.1128246473954,4.736611061870969,269.2610318334986,410.54834109469516,16.749579963070072,22.673722068081837,7.781535405087045,7.38695419130109,18.40513876941317,1.8302535739982013,0.21130904008112875,1.0808382339066183
2024-12-25,2115.4733906241445,29.706539579053366,856.4686694203134,2340.797483649592,4.7330752180834965,274.5265597411117,413.86453149056666,16.841231768191243,22.544082572093743,7.77074726467278,7.4170160713768505,18.371005648214556,1.8247743567118757,0.20836609472281048,1.0852845850489177
2024-12-26,2101.2627670619613,29.496958284396186,849.9951109526603,2359.5732313489766,4.7030591346610215,275.8183894307891,418.68896243441793,16.99888641736993,22.408796522536058,7.818678660139442,7.4096152337081325,18.495115897044162,1.8194177845579331,0.21078728778319136,1.0891034900586705
2024-12-27,2095.8249802196374,29.49610896335705,847.8847759159152,2368.5859421643986,4.7291045805306835,278.2471733673956,426.2120527660974,16.735358997652458,22.565401887628237,7.884231796421091,7.393214186984167,18.526224962491735,1.8331765641575788,0.21009719830132323,1.0887066701454513
2024-12-30,2080.1174757185418,29.228130151433902,848.4867517916382,2346.390503574804,4.748930886742682,283.1004780759987,437.50721968805567,16.877541937526253,22.678496919224234,7.9005678248018825,7.489494689627038,18.800060086759174,1.8684348148504255,0.2158915375777734,1.1062549746740769
2024-12-31,2075.168468745994,29.57063435573182,859.2876612096655,2379.8942943363895,4.7663606939218495,281.8036893883484,446.12069190943754,17.127384260141735,22.391678151839784,7.851932043553642,7.464851688491827,18.73268428299635,1.8845096366880054,0.2184158970979798,1.1069290373569587
